-- --------------------------------------------------------
-- Host:                         127.0.0.1
-- Versión del servidor:         5.6.23 - MySQL Community Server (GPL)
-- SO del servidor:              Win32
-- HeidiSQL Versión:             9.1.0.4867
-- --------------------------------------------------------

/*!40101 SET @OLD_CHARACTER_SET_CLIENT=@@CHARACTER_SET_CLIENT */;
/*!40101 SET NAMES utf8mb4 */;
/*!40014 SET @OLD_FOREIGN_KEY_CHECKS=@@FOREIGN_KEY_CHECKS, FOREIGN_KEY_CHECKS=0 */;
/*!40101 SET @OLD_SQL_MODE=@@SQL_MODE, SQL_MODE='NO_AUTO_VALUE_ON_ZERO' */;

-- Volcando estructura de base de datos para serviciosmicarpeta
CREATE DATABASE IF NOT EXISTS `serviciosmicarpetasigi` /*!40100 DEFAULT CHARACTER SET utf8 */;
USE `serviciosmicarpetasigi`;

-- Volcando estructura para tabla serviciosmicarpetasigi.sigi_can_pre_ae
CREATE TABLE IF NOT EXISTS `sigi_can_pre_ae` (
  `tipo_id` varchar(1) NOT NULL,
  `dni` varchar(15) NOT NULL,
  `cod_opc` varchar(7) NOT NULL,
  `cod_col` varchar(1) NOT NULL,
  `l_med` varchar(1) DEFAULT NULL,
  `cod_mun` varchar(9) DEFAULT NULL,
  PRIMARY KEY (`tipo_id`,`dni`,`cod_opc`)
) ENGINE=InnoDB DEFAULT CHARSET=utf8;

-- Volcando datos para la tabla serviciosmicarpetasigi.sigi_can_pre_ae: ~400 rows (aproximadamente)
/*!40000 ALTER TABLE `sigi_can_pre_ae` DISABLE KEYS */;
INSERT INTO `sigi_can_pre_ae` (`tipo_id`, `dni`, `cod_opc`, `cod_col`, `l_med`, `cod_mun`) VALUES
	('D', '002667030', 'SIGIPAE', '0', 'N', NULL),
	('D', '003462346', 'SIGIPAE', '0', 'N', NULL),
	('D', '003927930', 'SIGIPAE', '0', 'N', NULL),
	('D', '004594419', 'SIGIPAE', '0', 'N', NULL),
	('D', '004611943', 'SIGIPAE', '0', 'N', NULL),
	('D', '004612768', 'SIGIPAE', '0', 'N', NULL),
	('D', '006250342', 'SIGIPAE', '0', 'N', NULL),
	('D', '007483552', 'SIGIPAE', '0', 'N', NULL),
	('D', '007878413', 'SIGIPAE', '0', 'N', NULL),
	('D', '007980581', 'SIGIPAE', '0', 'N', NULL),
	('D', '008949438', 'SIGIPAE', '0', 'N', NULL),
	('D', '009174808', 'SIGIPAE', '0', 'N', NULL),
	('D', '009774669', 'SIGIPAE', '0', 'N', NULL),
	('D', '016613181', 'SIGIPAE', '0', 'N', NULL),
	('D', '016808045', 'SIGIPAE', '0', 'N', NULL),
	('D', '017214999', 'SIGIPAE', '0', 'N', NULL),
	('D', '017438366', 'SIGIPAE', '0', 'N', NULL),
	('D', '017442436', 'SIGIPAE', '0', 'N', NULL),
	('D', '017447226', 'SIGIPAE', '0', 'N', NULL),
	('D', '017448013', 'SIGIPAE', '0', 'N', NULL),
	('D', '017450791', 'SIGIPAE', '0', 'N', NULL),
	('D', '017450980', 'SIGIPAE', '0', 'N', NULL),
	('D', '017452478', 'SIGIPAE', '0', 'N', NULL),
	('D', '017452626', 'SIGIPAE', '0', 'N', NULL),
	('D', '017453114', 'SIGIPAE', '0', 'N', NULL),
	('D', '017453414', 'SIGIPAE', '0', 'N', NULL),
	('D', '017453631', 'SIGIPAE', '0', 'N', NULL),
	('D', '017453805', 'SIGIPAE', '0', 'N', NULL),
	('D', '017454599', 'SIGIPAE', '0', 'N', NULL),
	('D', '017455595', 'SIGIPAE', '0', 'N', NULL),
	('D', '017455973', 'SIGIPAE', '0', 'N', NULL),
	('D', '017694851', 'SIGIPAE', '0', 'N', NULL),
	('D', '017704014', 'SIGIPAE', '0', 'N', NULL),
	('D', '017709185', 'SIGIPAE', '0', 'N', NULL),
	('D', '017720736', 'SIGIPAE', '0', NULL, NULL),
	('D', '017725031', 'SIGIPAE', '0', 'N', NULL),
	('D', '017730761', 'SIGIPAE', '0', 'N', NULL),
	('D', '017733988', 'SIGIPAE', '0', 'N', NULL),
	('D', '017736266', 'SIGIPAE', '0', 'N', NULL),
	('D', '017739362', 'SIGIPAE', '0', 'N', NULL),
	('D', '017744149', 'SIGIPAE', '0', 'N', NULL),
	('D', '017745077', 'SIGIPAE', '0', 'N', NULL),
	('D', '017746033', 'SIGIPAE', '0', 'N', NULL),
	('D', '017750097', 'SIGIPAE', '0', 'N', NULL),
	('D', '017753046', 'SIGIPAE', '0', 'N', NULL),
	('D', '017756464', 'SIGIPAE', '0', 'N', NULL),
	('D', '017756729', 'SIGIPAE', '0', 'N', NULL),
	('D', '017758521', 'SIGIPAE', '0', 'N', NULL),
	('D', '017762822', 'SIGIPAE', '0', 'N', NULL),
	('D', '017764207', 'SIGIPAE', '0', 'N', NULL),
	('D', '017765361', 'SIGIPAE', '0', 'N', NULL),
	('D', '017863489', 'SIGIPAE', '0', 'N', NULL),
	('D', '018003409', 'SIGIPAE', '0', 'N', NULL),
	('D', '018007042', 'SIGIPAE', '0', 'N', NULL),
	('D', '018015596', 'SIGIPAE', '0', 'N', NULL),
	('D', '018022681', 'SIGIPAE', '0', 'N', NULL),
	('D', '018031017', 'SIGIPAE', '0', 'N', NULL),
	('D', '018037578', 'SIGIPAE', '0', 'N', NULL),
	('D', '018037821', 'SIGIPAE', '0', 'N', NULL),
	('D', '018039165', 'SIGIPAE', '0', 'N', NULL),
	('D', '018039649', 'SIGIPAE', '0', 'N', NULL),
	('D', '018044175', 'SIGIPAE', '0', 'N', NULL),
	('D', '018044752', 'SIGIPAE', '0', 'N', NULL),
	('D', '018044841', 'SIGIPAE', '0', 'N', NULL),
	('D', '018044926', 'SIGIPAE', '0', 'N', NULL),
	('D', '018044933', 'SIGIPAE', '0', 'N', NULL),
	('D', '018045977', 'SIGIPAE', '0', 'N', NULL),
	('D', '018047048', 'SIGIPAE', '0', 'N', NULL),
	('D', '018047768', 'SIGIPAE', '0', 'N', NULL),
	('D', '018048273', 'SIGIPAE', '0', 'N', NULL),
	('D', '018048621', 'SIGIPAE', '0', 'N', NULL),
	('D', '018048777', 'SIGIPAE', '0', 'N', NULL),
	('D', '018049260', 'SIGIPAE', '0', 'N', NULL),
	('D', '018050778', 'SIGIPAE', '0', 'N', NULL),
	('D', '018051293', 'SIGIPAE', '0', 'N', NULL),
	('D', '018052168', 'SIGIPAE', '0', 'N', NULL),
	('D', '018052479', 'SIGIPAE', '0', 'N', NULL),
	('D', '018052488', 'SIGIPAE', '0', 'N', NULL),
	('D', '018052702', 'SIGIPAE', '0', 'N', NULL),
	('D', '018053078', 'SIGIPAE', '0', 'N', NULL),
	('D', '018053120', 'SIGIPAE', '0', 'N', NULL),
	('D', '018056352', 'SIGIPAE', '0', 'N', NULL),
	('D', '018057943', 'SIGIPAE', '0', 'N', NULL),
	('D', '018166065', 'SIGIPAE', '0', 'N', NULL),
	('D', '018167410', 'SIGIPAE', '0', 'N', NULL),
	('D', '018170077', 'SIGIPAE', '0', 'N', NULL),
	('D', '018170957', 'SIGIPAE', '0', 'N', NULL),
	('D', '018413125', 'SIGIPAE', '0', 'N', NULL),
	('D', '018427404', 'SIGIPAE', '0', 'N', NULL),
	('D', '018434684', 'SIGIPAE', '0', 'N', NULL),
	('D', '018435875', 'SIGIPAE', '0', 'N', NULL),
	('D', '018437570', 'SIGIPAE', '0', 'N', NULL),
	('D', '018438805', 'SIGIPAE', '0', 'N', NULL),
	('D', '018441094', 'SIGIPAE', '0', 'N', NULL),
	('D', '018443062', 'SIGIPAE', '0', 'N', NULL),
	('D', '018444736', 'SIGIPAE', '0', 'N', NULL),
	('D', '018445122', 'SIGIPAE', '0', 'N', NULL),
	('D', '018446431', 'SIGIPAE', '0', 'N', NULL),
	('D', '018447068', 'SIGIPAE', '0', 'N', NULL),
	('D', '018449257', 'SIGIPAE', '0', 'N', NULL),
	('D', '018450475', 'SIGIPAE', '0', 'N', NULL),
	('D', '018452988', 'SIGIPAE', '0', 'N', NULL),
	('D', '019100317', 'SIGIPAE', '0', 'N', NULL),
	('D', '024368412', 'SIGIPAE', '0', 'N', NULL),
	('D', '025141901', 'SIGIPAE', '0', 'N', NULL),
	('D', '025162765', 'SIGIPAE', '0', 'N', NULL),
	('D', '025168920', 'SIGIPAE', '0', 'N', NULL),
	('D', '025170965', 'SIGIPAE', '0', 'N', NULL),
	('D', '025171267', 'SIGIPAE', '0', 'N', NULL),
	('D', '025173603', 'SIGIPAE', '0', 'N', NULL),
	('D', '025176597', 'SIGIPAE', '0', 'N', NULL),
	('D', '025177263', 'SIGIPAE', '0', 'N', NULL),
	('D', '025178191', 'SIGIPAE', '0', 'N', NULL),
	('D', '025178300', 'SIGIPAE', '0', 'N', NULL),
	('D', '025180849', 'SIGIPAE', '0', 'N', NULL),
	('D', '025181634', 'SIGIPAE', '0', 'N', NULL),
	('D', '025184344', 'SIGIPAE', '0', 'N', NULL),
	('D', '025184973', 'SIGIPAE', '0', 'N', NULL),
	('D', '025184974', 'SIGIPAE', '0', 'N', NULL),
	('D', '025191169', 'SIGIPAE', '0', 'N', NULL),
	('D', '025192805', 'SIGIPAE', '0', 'N', NULL),
	('D', '025193789', 'SIGIPAE', '0', 'N', NULL),
	('D', '025194187', 'SIGIPAE', '0', 'N', NULL),
	('D', '025195287', 'SIGIPAE', '0', 'N', NULL),
	('D', '025195738', 'SIGIPAE', '0', 'N', NULL),
	('D', '025195949', 'SIGIPAE', '0', 'N', NULL),
	('D', '025195984', 'SIGIPAE', '0', 'N', NULL),
	('D', '025196098', 'SIGIPAE', '0', 'N', NULL),
	('D', '025197040', 'SIGIPAE', '0', 'N', NULL),
	('D', '025197918', 'SIGIPAE', '0', 'N', NULL),
	('D', '025198827', 'SIGIPAE', '0', 'N', NULL),
	('D', '025199197', 'SIGIPAE', '0', 'N', NULL),
	('D', '025320606', 'SIGIPAE', '0', 'N', NULL),
	('D', '025431607', 'SIGIPAE', '0', 'N', NULL),
	('D', '025445008', 'SIGIPAE', '0', 'N', NULL),
	('D', '025462915', 'SIGIPAE', '0', 'N', NULL),
	('D', '025467808', 'SIGIPAE', '0', 'N', NULL),
	('D', '025468548', 'SIGIPAE', '0', 'N', NULL),
	('D', '025468692', 'SIGIPAE', '0', 'N', NULL),
	('D', '025471698', 'SIGIPAE', '0', 'N', NULL),
	('D', '025474401', 'SIGIPAE', '0', 'N', NULL),
	('D', '025475397', 'SIGIPAE', '0', 'N', NULL),
	('D', '025478582', 'SIGIPAE', '0', 'N', NULL),
	('D', '025478904', 'SIGIPAE', '0', 'N', NULL),
	('D', '025481142', 'SIGIPAE', '0', 'N', NULL),
	('D', '025482168', 'SIGIPAE', '0', 'N', NULL),
	('D', '029088834', 'SIGIPAE', '0', 'N', NULL),
	('D', '029088859', 'SIGISAE', '0', NULL, '50297'),
	('D', '029098354', 'SIGIPAE', '0', 'N', NULL),
	('D', '029101570', 'SIGIPAE', '0', 'N', NULL),
	('D', '029115429', 'SIGIPAE', '0', 'N', NULL),
	('D', '029115884', 'SIGIPAE', '0', 'N', NULL),
	('D', '029117365', 'SIGIPAE', '0', 'N', NULL),
	('D', '029118033', 'SIGIPAE', '0', 'N', NULL),
	('D', '029123404', 'SIGIPAE', '0', 'N', NULL),
	('D', '029126824', 'SIGIPAE', '0', 'N', NULL),
	('D', '029127779', 'SIGIPAE', '0', 'N', NULL),
	('D', '029128236', 'SIGIPAE', '0', 'N', NULL),
	('D', '029129239', 'SIGIPAE', '0', 'N', NULL),
	('D', '029130376', 'SIGIPAE', '0', 'N', NULL),
	('D', '029132341', 'SIGIPAE', '0', 'N', NULL),
	('D', '029133066', 'SIGIPAE', '0', 'N', NULL),
	('D', '029134117', 'SIGIPAE', '0', 'N', NULL),
	('D', '029134124', 'SIGIPAE', '0', 'N', NULL),
	('D', '029134567', 'SIGIPAE', '0', 'N', NULL),
	('D', '029134888', 'SIGIPAE', '0', 'N', NULL),
	('D', '029135701', 'SIGIPAE', '0', 'N', NULL),
	('D', '029136894', 'SIGIPAE', '0', 'N', NULL),
	('D', '030977113', 'SIGIPAE', '0', 'N', NULL),
	('D', '031243540', 'SIGIPAE', '0', 'N', NULL),
	('D', '033414180', 'SIGIPAE', '0', 'N', NULL),
	('D', '034819800', 'SIGIPAE', '0', 'N', NULL),
	('D', '045423333', 'SIGIPAE', '0', 'N', NULL),
	('D', '045571313', 'SIGIPAE', '0', 'N', NULL),
	('D', '045680993', 'SIGIPAE', '0', 'N', NULL),
	('D', '046755658', 'SIGIPAE', '0', 'N', NULL),
	('D', '046880151', 'SIGIPAE', '0', 'N', NULL),
	('D', '047064987', 'SIGIPAE', '0', 'N', NULL),
	('D', '047085318', 'SIGIPAE', '0', 'N', NULL),
	('D', '047678236', 'SIGIPAE', '0', 'N', NULL),
	('D', '047830725', 'SIGIPAE', '0', 'N', NULL),
	('D', '048428186', 'SIGIPAE', '0', 'N', NULL),
	('D', '048459239', 'SIGIPAE', '0', 'N', NULL),
	('D', '048492704', 'SIGIPAE', '0', 'N', NULL),
	('D', '048506845', 'SIGIPAE', '0', 'N', NULL),
	('D', '050038818', 'SIGISAE', '0', NULL, NULL),
	('D', '050088623', 'SIGIPAE', '0', 'N', NULL),
	('D', '050113152', 'SIGISAE', '0', NULL, NULL),
	('D', '051080571', 'SIGISAE', '0', NULL, NULL),
	('D', '051418549', 'SIGISAE', '0', NULL, NULL),
	('D', '051995772', 'SIGISAE', '0', NULL, NULL),
	('D', '052184684', 'SIGIPAE', '0', 'N', NULL),
	('D', '052367950', 'SIGISAE', '0', NULL, NULL),
	('D', '052444706', 'SIGISAE', '0', NULL, NULL),
	('D', '052454465', 'SIGISAE', '0', NULL, NULL),
	('D', '052772242', 'SIGISAE', '0', NULL, NULL),
	('D', '052785400', 'SIGISAE', '0', NULL, NULL),
	('D', '052947132', 'SIGIPAE', '0', 'N', NULL),
	('D', '053011700', 'SIGISAE', '0', NULL, NULL),
	('D', '053053927', 'SIGISAE', '0', NULL, NULL),
	('D', '053272233', 'SIGIPAE', '0', 'N', NULL),
	('D', '053275923', 'SIGISAE', '0', NULL, NULL),
	('D', '053365102', 'SIGIPAE', '0', 'N', NULL),
	('D', '053544113', 'SIGISAE', '0', NULL, NULL),
	('D', '053548093', 'SIGISAE', '0', NULL, NULL),
	('D', '053551563', 'SIGISAE', '0', NULL, NULL),
	('D', '053662290', 'SIGISAE', '0', NULL, NULL),
	('D', '053675542', 'SIGISAE', '0', NULL, NULL),
	('D', '070166154', 'SIGIPAE', '0', 'N', NULL),
	('D', '071093333', 'SIGIPAE', '0', 'N', NULL),
	('D', '071102081', 'SIGISAE', '0', NULL, NULL),
	('D', '071114528', 'SIGIPAE', '0', 'N', NULL),
	('D', '071227131', 'SIGIPAE', '0', 'N', NULL),
	('D', '071278490', 'SIGISAE', '0', NULL, NULL),
	('D', '071339880', 'SIGISAE', '0', NULL, NULL),
	('D', '071429219', 'SIGISAE', '0', NULL, NULL),
	('D', '071436833', 'SIGIPAE', '0', 'N', NULL),
	('D', '071441074', 'SIGISAE', '0', NULL, NULL),
	('D', '071634373', 'SIGISAE', '0', NULL, NULL),
	('D', '071648882', 'SIGISAE', '0', NULL, NULL),
	('D', '071658843', 'SIGISAE', '0', NULL, NULL),
	('D', '071881653', 'SIGISAE', '0', NULL, NULL),
	('D', '071892812', 'SIGISAE', '0', NULL, NULL),
	('D', '072071234', 'SIGISAE', '0', NULL, NULL),
	('D', '072075154', 'SIGISAE', '0', NULL, NULL),
	('D', '072086124', 'SIGISAE', '0', NULL, NULL),
	('D', '072699591', 'SIGIPAE', '0', 'N', NULL),
	('D', '072705089', 'SIGISAE', '0', NULL, NULL),
	('D', '072791931', 'SIGISAE', '0', NULL, NULL),
	('D', '072794236', 'SIGIPAE', '0', 'N', NULL),
	('D', '072797188', 'SIGISAE', '0', NULL, NULL),
	('D', '072821058', 'SIGISAE', '0', NULL, NULL),
	('D', '072882451', 'SIGIPAE', '0', 'N', NULL),
	('D', '072884392', 'SIGISAE', '0', NULL, NULL),
	('D', '072884788', 'SIGISAE', '0', NULL, NULL),
	('D', '072885180', 'SIGIPAE', '0', 'N', NULL),
	('D', '072886480', 'SIGIPAE', '0', 'N', NULL),
	('D', '072886659', 'SIGISAE', '0', NULL, NULL),
	('D', '072886958', 'SIGISAE', '0', NULL, NULL),
	('D', '072887958', 'SIGISAE', '0', NULL, NULL),
	('D', '072889574', 'SIGIPAE', '0', 'N', NULL),
	('D', '072890035', 'SIGISAE', '0', NULL, NULL),
	('D', '072890318', 'SIGISAE', '0', NULL, NULL),
	('D', '072890955', 'SIGIPAE', '0', 'N', NULL),
	('D', '072963571', 'SIGIPAE', '0', 'N', NULL),
	('D', '072965594', 'SIGISAE', '0', NULL, NULL),
	('D', '072966021', 'SIGISAE', '0', NULL, NULL),
	('D', '072966661', 'SIGISAE', '0', NULL, NULL),
	('D', '072966680', 'SIGISAE', '0', NULL, NULL),
	('D', '072968971', 'SIGISAE', '0', NULL, NULL),
	('D', '072969093', 'SIGISAE', '0', NULL, NULL),
	('D', '072969792', 'SIGIPAE', '0', 'N', NULL),
	('D', '072972546', 'SIGISAE', '0', NULL, NULL),
	('D', '072973300', 'SIGIPAE', '0', 'N', NULL),
	('D', '072973643', 'SIGIPAE', '0', 'N', NULL),
	('D', '072973968', 'SIGISAE', '0', NULL, NULL),
	('D', '072973969', 'SIGISAE', '0', NULL, NULL),
	('D', '072974277', 'SIGIPAE', '0', 'N', NULL),
	('D', '072974411', 'SIGIPAE', '0', 'N', NULL),
	('D', '072974588', 'SIGISAE', '0', NULL, NULL),
	('D', '072974688', 'SIGIPAE', '0', 'N', NULL),
	('D', '072975126', 'SIGISAE', '0', NULL, NULL),
	('D', '072976056', 'SIGISAE', '0', NULL, NULL),
	('D', '072977128', 'SIGIPAE', '0', 'N', NULL),
	('D', '072977790', 'SIGISAE', '0', NULL, NULL),
	('D', '072980188', 'SIGIPAE', '0', 'N', NULL),
	('D', '072980640', 'SIGIPAE', '0', 'N', NULL),
	('D', '072981092', 'SIGISAE', '0', NULL, NULL),
	('D', '072981671', 'SIGIPAE', '0', 'N', NULL),
	('D', '072982361', 'SIGIPAE', '0', 'N', NULL),
	('D', '072982803', 'SIGIPAE', '0', 'N', NULL),
	('D', '072983376', 'SIGISAE', '0', NULL, NULL),
	('D', '072983513', 'SIGIPAE', '0', 'N', NULL),
	('D', '072983794', 'SIGIPAE', '0', 'N', NULL),
	('D', '072984671', 'SIGIPAE', '0', 'N', NULL),
	('D', '072985321', 'SIGISAE', '0', NULL, NULL),
	('D', '072987150', 'SIGISAE', '0', NULL, NULL),
	('D', '072989902', 'SIGISAE', '0', NULL, NULL),
	('D', '072990577', 'SIGIPAE', '0', 'N', NULL),
	('D', '072991258', 'SIGIPAE', '0', 'N', NULL),
	('D', '072992217', 'SIGIPAE', '0', 'N', NULL),
	('D', '072992996', 'SIGISAE', '0', NULL, NULL),
	('D', '072993328', 'SIGIPAE', '0', 'N', NULL),
	('D', '072993387', 'SIGIPAE', '0', 'N', NULL),
	('D', '072994034', 'SIGISAE', '0', NULL, NULL),
	('D', '072995250', 'SIGISAE', '0', NULL, NULL),
	('D', '072995483', 'SIGIPAE', '0', 'N', NULL),
	('D', '072998320', 'SIGIPAE', '0', 'N', NULL),
	('D', '073004079', 'SIGIPAE', '0', 'N', NULL),
	('D', '073005059', 'SIGIPAE', '0', 'N', NULL),
	('D', '073006310', 'SIGIPAE', '0', 'N', NULL),
	('D', '073007410', 'SIGIPAE', '0', 'N', NULL),
	('D', '073009577', 'SIGIPAE', '0', 'N', NULL),
	('D', '073009674', 'SIGISAE', '0', NULL, NULL),
	('D', '073016493', 'SIGIPAE', '0', 'N', NULL),
	('D', '073074943', 'SIGIPAE', '0', 'N', NULL),
	('D', '073079805', 'SIGISAE', '0', NULL, NULL),
	('D', '073081136', 'SIGISAE', '0', NULL, NULL),
	('D', '073081361', 'SIGISAE', '0', NULL, NULL),
	('D', '073081471', 'SIGIPAE', '0', 'N', NULL),
	('D', '073082641', 'SIGIPAE', '0', 'N', NULL),
	('D', '073082907', 'SIGISAE', '0', NULL, NULL),
	('D', '073082938', 'SIGISAE', '0', NULL, NULL),
	('D', '073083429', 'SIGISAE', '0', NULL, NULL),
	('D', '073083460', 'SIGISAE', '0', NULL, NULL),
	('D', '073083543', 'SIGIPAE', '0', 'N', NULL),
	('D', '073083772', 'SIGIPAE', '0', 'N', NULL),
	('D', '073083929', 'SIGISAE', '0', NULL, NULL),
	('D', '073084342', 'SIGIPAE', '0', 'N', NULL),
	('D', '073084429', 'SIGIPAE', '0', 'N', NULL),
	('D', '073086166', 'SIGIPAE', '0', 'N', NULL),
	('D', '073086902', 'SIGIPAE', '0', 'N', NULL),
	('D', '073087378', 'SIGIPAE', '0', 'N', NULL),
	('D', '073089148', 'SIGIPAE', '0', 'N', NULL),
	('D', '073089352', 'SIGIPAE', '0', 'N', NULL),
	('D', '073090076', 'SIGISAE', '0', NULL, NULL),
	('D', '073090247', 'SIGISAE', '0', NULL, NULL),
	('D', '073091181', 'SIGIPAE', '0', 'N', NULL),
	('D', '073092625', 'SIGIPAE', '0', 'N', NULL),
	('D', '073097471', 'SIGISAE', '0', NULL, NULL),
	('D', '073152868', 'SIGISAE', '0', NULL, NULL),
	('D', '073155828', 'SIGISAE', '0', NULL, NULL),
	('D', '073198409', 'SIGISAE', '0', NULL, NULL),
	('D', '073198491', 'SIGIPAE', '0', 'N', NULL),
	('D', '073198498', 'SIGISAE', '0', NULL, NULL),
	('D', '073200965', 'SIGIPAE', '0', 'N', NULL),
	('D', '073201260', 'SIGIPAE', '0', 'N', NULL),
	('D', '073201632', 'SIGIPAE', '0', 'N', NULL),
	('D', '073201779', 'SIGISAE', '0', NULL, NULL),
	('D', '073203714', 'SIGISAE', '0', NULL, NULL),
	('D', '073204314', 'SIGIPAE', '0', 'N', NULL),
	('D', '073204557', 'SIGISAE', '0', NULL, NULL),
	('D', '073205095', 'SIGIPAE', '0', 'N', NULL),
	('D', '073205913', 'SIGIPAE', '0', 'N', NULL),
	('D', '073206057', 'SIGIPAE', '0', 'N', NULL),
	('D', '073206260', 'SIGISAE', '0', NULL, NULL),
	('D', '073206322', 'SIGISAE', '0', NULL, NULL),
	('D', '073207030', 'SIGISAE', '0', NULL, NULL),
	('D', '073207045', 'SIGIPAE', '0', 'N', NULL),
	('D', '073207060', 'SIGIPAE', '0', 'N', NULL),
	('D', '073207113', 'SIGIPAE', '0', 'N', NULL),
	('D', '073207246', 'SIGIPAE', '0', 'N', NULL),
	('D', '073207272', 'SIGISAE', '0', NULL, NULL),
	('D', '073208182', 'SIGIPAE', '0', 'N', NULL),
	('D', '073208897', 'SIGISAE', '0', NULL, NULL),
	('D', '073209038', 'SIGIPAE', '0', 'N', NULL),
	('D', '073209152', 'SIGISAE', '0', NULL, NULL),
	('D', '073209319', 'SIGIPAE', '0', 'N', NULL),
	('D', '073209469', 'SIGIPAE', '0', 'N', NULL),
	('D', '073210362', 'SIGIPAE', '0', 'N', NULL),
	('D', '073210694', 'SIGISAE', '0', NULL, NULL),
	('D', '073210865', 'SIGISAE', '0', NULL, NULL),
	('D', '073212851', 'SIGIPAE', '0', 'N', NULL),
	('D', '073244449', 'SIGISAE', '0', NULL, NULL),
	('D', '073257780', 'SIGISAE', '0', NULL, NULL),
	('D', '073258309', 'SIGISAE', '0', NULL, NULL),
	('D', '073258727', 'SIGIPAE', '0', 'N', NULL),
	('D', '073259938', 'SIGISAE', '0', NULL, NULL),
	('D', '073259980', 'SIGIPAE', '0', 'N', NULL),
	('D', '073260006', 'SIGIPAE', '0', 'N', NULL),
	('D', '073260704', 'SIGIPAE', '0', 'N', NULL),
	('D', '073260799', 'SIGISAE', '0', NULL, NULL),
	('D', '073261080', 'SIGIPAE', '0', 'N', NULL),
	('D', '073261156', 'SIGIPAE', '0', 'N', NULL),
	('D', '073261585', 'SIGIPAE', '0', 'N', NULL),
	('D', '073261807', 'SIGIPAE', '0', 'N', NULL),
	('D', '073575231', 'SIGIPAE', '0', 'N', NULL),
	('D', '074512001', 'SIGISAE', '0', NULL, NULL),
	('D', '074655360', 'SIGISAE', '0', NULL, NULL),
	('D', '074665544', 'SIGISAE', '0', NULL, NULL),
	('D', '074732817', 'SIGIPAE', '0', 'N', NULL),
	('D', '074914488', 'SIGIPAE', '0', 'N', NULL),
	('D', '074924975', 'SIGISAE', '0', NULL, NULL),
	('D', '075107448', 'SIGIPAE', '0', 'N', NULL),
	('D', '075819626', 'SIGISAE', '0', NULL, NULL),
	('D', '076017919', 'SIGISAE', '0', NULL, NULL),
	('D', '076123940', 'SIGISAE', '0', NULL, NULL),
	('D', '076148699', 'SIGISAE', '0', NULL, NULL),
	('D', '076731853', 'SIGISAE', '0', NULL, NULL),
	('D', '076905514', 'SIGISAE', '0', NULL, NULL),
	('D', '076917961', 'SIGIPAE', '0', 'N', NULL),
	('D', '076918019', 'SIGISAE', '0', NULL, NULL),
	('D', '076920085', 'SIGISAE', '0', NULL, NULL),
	('D', '076920610', 'SIGIPAE', '0', 'N', NULL),
	('D', '076921296', 'SIGIPAE', '0', 'N', NULL),
	('D', '076947259', 'SIGISAE', '0', NULL, NULL),
	('D', '076959297', 'SIGISAE', '0', NULL, NULL),
	('D', '076972573', 'SIGISAE', '0', NULL, NULL),
	('D', '077338578', 'SIGISAE', '0', NULL, NULL),
	('D', '077354043', 'SIGISAE', '0', NULL, NULL),
	('D', '077408996', 'SIGISAE', '0', NULL, NULL),
	('D', '077597216', 'SIGISAE', '0', NULL, NULL),
	('D', '077711906', 'SIGISAE', '0', NULL, NULL),
	('D', '078739605', 'SIGISAE', '0', NULL, NULL),
	('D', '078747558', 'SIGIPAE', '0', 'N', NULL),
	('D', '078747657', 'SIGISAE', '0', NULL, NULL),
	('D', '078749162', 'SIGIPAE', '0', 'N', NULL),
	('D', '078751756', 'SIGISAE', '0', NULL, NULL),
	('D', '079080768', 'SIGISAE', '0', NULL, NULL),
	('D', '079326377', 'SIGISAE', '0', NULL, NULL);
/*!40000 ALTER TABLE `sigi_can_pre_ae` ENABLE KEYS */;


-- Volcando estructura para tabla serviciosmicarpetasigi.sigi_can_pre_ae_old
CREATE TABLE IF NOT EXISTS `sigi_can_pre_ae_old` (
  `tipo_id` varchar(1) NOT NULL,
  `dni` varchar(15) NOT NULL,
  `cod_opc` varchar(7) NOT NULL,
  `cod_col` varchar(1) NOT NULL,
  `l_med` varchar(1) DEFAULT NULL,
  `cod_mun` varchar(9) DEFAULT NULL
) ENGINE=InnoDB DEFAULT CHARSET=utf8;

-- Volcando datos para la tabla serviciosmicarpetasigi.sigi_can_pre_ae_old: ~3 rows (aproximadamente)
/*!40000 ALTER TABLE `sigi_can_pre_ae_old` DISABLE KEYS */;
INSERT INTO `sigi_can_pre_ae_old` (`tipo_id`, `dni`, `cod_opc`, `cod_col`, `l_med`, `cod_mun`) VALUES
	('D', '01234576', 'SIGISAE', '0', 'N', NULL),
	('D', '01703071', 'SIGISAE', '0', 'N', NULL),
	('D', 'javier', 'SIGISAE', '0', 'N', NULL);
/*!40000 ALTER TABLE `sigi_can_pre_ae_old` ENABLE KEYS */;


-- Volcando estructura para tabla serviciosmicarpetasigi.sigi_esp_can_pre_ae
CREATE TABLE IF NOT EXISTS `sigi_esp_can_pre_ae` (
  `TIPO_ID` varchar(1) NOT NULL,
  `DNI` varchar(15) NOT NULL,
  `COD_OPC` varchar(7) NOT NULL,
  `COD_CUE` varchar(4) NOT NULL,
  `COD_ESP` varchar(3) NOT NULL,
  `COD_PRO_1_SUS` varchar(2) DEFAULT NULL,
  `COD_PRO_2_SUS` varchar(2) DEFAULT NULL,
  `L_LIS_SUS` varchar(1) DEFAULT NULL
) ENGINE=InnoDB DEFAULT CHARSET=utf8;

-- Volcando datos para la tabla serviciosmicarpetasigi.sigi_esp_can_pre_ae: ~500 rows (aproximadamente)
/*!40000 ALTER TABLE `sigi_esp_can_pre_ae` DISABLE KEYS */;
INSERT INTO `sigi_esp_can_pre_ae` (`TIPO_ID`, `DNI`, `COD_OPC`, `COD_CUE`, `COD_ESP`, `COD_PRO_1_SUS`, `COD_PRO_2_SUS`, `L_LIS_SUS`) VALUES
	('D', '029127154', 'SIGIPAE', '0597', 'PT', NULL, NULL, 'N'),
	('D', '029112865', 'SIGIPAE', '0597', 'PT', NULL, NULL, 'N'),
	('D', '072993429', 'SIGIPAE', '0597', 'PT', NULL, NULL, 'N'),
	('D', '072969792', 'SIGIPAE', '0597', 'PT', NULL, NULL, 'N'),
	('D', '072975326', 'SIGIPAE', '0597', 'PT', NULL, NULL, 'N'),
	('D', '072886480', 'SIGIPAE', '0597', 'PT', NULL, NULL, 'N'),
	('D', '072989000', 'SIGIPAE', '0597', 'PT', NULL, NULL, 'N'),
	('D', '017756661', 'SIGIPAE', '0597', 'PT', NULL, NULL, 'N'),
	('D', '029135701', 'SIGIPAE', '0597', 'PT', NULL, NULL, 'N'),
	('D', '025171968', 'SIGIPAE', '0597', 'PT', NULL, NULL, 'N'),
	('D', '047830725', 'SIGIPAE', '0597', 'PT', NULL, NULL, 'N'),
	('D', '076919367', 'SIGIPAE', '0597', 'PT', NULL, NULL, 'N'),
	('D', '017749241', 'SIGIPAE', '0597', 'PT', NULL, NULL, 'N'),
	('D', '072990577', 'SIGIPAE', '0597', 'PT', NULL, NULL, 'N'),
	('D', '072785198', 'SIGIPAE', '0597', 'PT', NULL, NULL, 'N'),
	('D', '025190625', 'SIGIPAE', '0597', 'PT', NULL, NULL, 'N'),
	('D', '025457939', 'SIGIPAE', '0597', 'PT', NULL, NULL, 'N'),
	('D', '025461098', 'SIGIPAE', '0597', 'PT', NULL, NULL, 'N'),
	('D', '072983263', 'SIGIPAE', '0597', 'PT', NULL, NULL, 'N'),
	('D', '017760722', 'SIGIPAE', '0597', 'PT', NULL, NULL, 'N'),
	('D', '018436025', 'SIGIPAE', '0597', 'PT', NULL, NULL, 'N'),
	('D', '025474442', 'SIGIPAE', '0597', 'PT', NULL, NULL, 'N'),
	('D', '025186799', 'SIGIPAE', '0597', 'PT', NULL, NULL, 'N'),
	('D', '073084701', 'SIGIPAE', '0597', 'PT', NULL, NULL, 'N'),
	('D', '073082641', 'SIGIPAE', '0597', 'PT', NULL, NULL, 'N'),
	('D', '073260343', 'SIGIPAE', '0597', 'PT', NULL, NULL, 'N'),
	('D', '072979525', 'SIGIPAE', '0597', 'PT', NULL, NULL, 'N'),
	('D', '072987078', 'SIGIPAE', '0597', 'PT', NULL, NULL, 'N'),
	('D', '025193789', 'SIGIPAE', '0597', 'PT', NULL, NULL, 'N'),
	('D', '018040244', 'SIGIPAE', '0597', 'PT', NULL, NULL, 'N'),
	('D', '018171754', 'SIGIPAE', '0597', 'PT', NULL, NULL, 'N'),
	('D', '076922164', 'SIGIPAE', '0597', 'PT', NULL, NULL, 'N'),
	('D', '072974411', 'SIGIPAE', '0597', 'PT', NULL, NULL, 'N'),
	('D', '029136035', 'SIGIPAE', '0597', 'PT', NULL, NULL, 'N'),
	('D', '018431215', 'SIGIPAE', '0597', 'PT', NULL, NULL, 'N'),
	('D', '025462972', 'SIGIPAE', '0597', 'PT', NULL, NULL, 'N'),
	('D', '025182141', 'SIGIPAE', '0597', 'PT', NULL, NULL, 'N'),
	('D', '072990276', 'SIGIPAE', '0597', 'PT', NULL, NULL, 'N'),
	('D', '073090419', 'SIGIPAE', '0597', 'PT', NULL, NULL, 'N'),
	('D', '017446960', 'SIGIPAE', '0597', 'PT', NULL, NULL, 'N'),
	('D', '025172893', 'SIGIPAE', '0597', 'PT', NULL, NULL, 'N'),
	('D', '025178738', 'SIGIPAE', '0597', 'PT', NULL, NULL, 'N'),
	('D', '029122225', 'SIGIPAE', '0597', 'PT', NULL, NULL, 'N'),
	('D', '018050720', 'SIGIPAE', '0597', 'PT', NULL, NULL, 'N'),
	('D', '072971032', 'SIGIPAE', '0597', 'PT', NULL, NULL, 'N'),
	('D', '018448910', 'SIGIPAE', '0597', 'PT', NULL, NULL, 'N'),
	('D', '018037578', 'SIGIPAE', '0597', 'PT', NULL, NULL, 'N'),
	('D', '017739362', 'SIGIPAE', '0597', 'PT', NULL, NULL, 'N'),
	('D', '018168952', 'SIGIPAE', '0597', 'PT', NULL, NULL, 'N'),
	('D', '072989581', 'SIGIPAE', '0597', 'PT', NULL, NULL, 'N'),
	('D', '025190580', 'SIGIPAE', '0597', 'PT', NULL, NULL, 'N'),
	('D', '076920610', 'SIGIPAE', '0597', 'PT', NULL, NULL, 'N'),
	('D', '018037531', 'SIGIPAE', '0597', 'PT', NULL, NULL, 'N'),
	('D', '018438966', 'SIGIPAE', '0597', 'PT', NULL, NULL, 'N'),
	('D', '018043031', 'SIGIPAE', '0597', 'PT', NULL, NULL, 'N'),
	('D', '017751523', 'SIGIPAE', '0597', 'PT', NULL, NULL, 'N'),
	('D', '025178550', 'SIGIPAE', '0597', 'PT', NULL, NULL, 'N'),
	('D', '072986022', 'SIGIPAE', '0597', 'PT', NULL, NULL, 'N'),
	('D', '017739521', 'SIGIPAE', '0597', 'PT', NULL, NULL, 'N'),
	('D', '072972863', 'SIGIPAE', '0597', 'PT', NULL, NULL, 'N'),
	('D', '072990434', 'SIGIPAE', '0597', 'PT', NULL, NULL, 'N'),
	('D', '025479848', 'SIGIPAE', '0597', 'PT', NULL, NULL, 'N'),
	('D', '072992388', 'SIGIPAE', '0597', 'PT', NULL, NULL, 'N'),
	('D', '025186255', 'SIGIPAE', '0597', 'PT', NULL, NULL, 'N'),
	('D', '029130376', 'SIGIPAE', '0597', 'PT', NULL, NULL, 'N'),
	('D', '029134133', 'SIGIPAE', '0597', 'PT', NULL, NULL, 'N'),
	('D', '017449090', 'SIGIPAE', '0597', 'PT', NULL, NULL, 'N'),
	('D', '029125166', 'SIGIPAE', '0597', 'PT', NULL, NULL, 'N'),
	('D', '025439471', 'SIGIPAE', '0597', 'PT', NULL, NULL, 'N'),
	('D', '072974572', 'SIGIPAE', '0597', 'PT', NULL, NULL, 'N'),
	('D', '072975882', 'SIGIPAE', '0597', 'PT', NULL, NULL, 'N'),
	('D', '017452558', 'SIGIPAE', '0597', 'PT', NULL, NULL, 'N'),
	('D', '018171454', 'SIGIPAE', '0597', 'PT', NULL, NULL, 'N'),
	('D', '072977463', 'SIGIPAE', '0597', 'PT', NULL, NULL, 'N'),
	('D', '072981956', 'SIGIPAE', '0597', 'PT', NULL, NULL, 'N'),
	('D', '029105678', 'SIGIPAE', '0597', 'PT', NULL, NULL, 'N'),
	('D', '029118593', 'SIGIPAE', '0597', 'PT', NULL, NULL, 'N'),
	('D', '025195287', 'SIGIPAE', '0597', 'PT', NULL, NULL, 'N'),
	('D', '071422632', 'SIGIPAE', '0597', 'PT', NULL, NULL, 'N'),
	('D', '072978736', 'SIGIPAE', '0597', 'PT', NULL, NULL, 'N'),
	('D', '017754365', 'SIGIPAE', '0597', 'PT', NULL, NULL, 'N'),
	('D', '029136487', 'SIGIPAE', '0597', 'PT', NULL, NULL, 'N'),
	('D', '017454667', 'SIGIPAE', '0597', 'PT', NULL, NULL, 'N'),
	('D', '073090485', 'SIGIPAE', '0597', 'PT', NULL, NULL, 'N'),
	('D', '025196957', 'SIGIPAE', '0597', 'PT', NULL, NULL, 'N'),
	('D', '025464757', 'SIGIPAE', '0597', 'PT', NULL, NULL, 'N'),
	('D', '073083851', 'SIGIPAE', '0597', 'PT', NULL, NULL, 'N'),
	('D', '025448971', 'SIGIPAE', '0597', 'PT', NULL, NULL, 'N'),
	('D', '025186430', 'SIGIPAE', '0597', 'PT', NULL, NULL, 'N'),
	('D', '072982123', 'SIGIPAE', '0597', 'PT', NULL, NULL, 'N'),
	('D', '018054547', 'SIGIPAE', '0597', 'PT', NULL, NULL, 'N'),
	('D', '025174295', 'SIGIPAE', '0597', 'PT', NULL, NULL, 'N'),
	('D', '025190523', 'SIGIPAE', '0597', 'PT', NULL, NULL, 'N'),
	('D', '025159808', 'SIGIPAE', '0597', 'PT', NULL, NULL, 'N'),
	('D', '076918341', 'SIGIPAE', '0597', 'PT', NULL, NULL, 'N'),
	('D', '076920444', 'SIGIPAE', '0597', 'PT', NULL, NULL, 'N'),
	('D', '072985483', 'SIGIPAE', '0597', 'PT', NULL, NULL, 'N'),
	('D', '025193702', 'SIGIPAE', '0597', 'PT', NULL, NULL, 'N'),
	('D', '072973300', 'SIGIPAE', '0597', 'PT', NULL, NULL, 'N'),
	('D', '043740236', 'SIGIPAE', '0597', 'PT', NULL, NULL, 'N'),
	('D', '025188110', 'SIGIPAE', '0597', 'PT', NULL, NULL, 'N'),
	('D', '018051559', 'SIGIPAE', '0597', 'PT', NULL, NULL, 'N'),
	('D', '076970806', 'SIGIPAE', '0597', 'PT', NULL, NULL, 'N'),
	('D', '003128617', 'SIGIPAE', '0597', 'PT', NULL, NULL, 'N'),
	('D', '018053911', 'SIGIPAE', '0597', 'PT', NULL, NULL, 'N'),
	('D', '073088192', 'SIGIPAE', '0597', 'PT', NULL, NULL, 'N'),
	('D', '017765039', 'SIGIPAE', '0597', 'PT', NULL, NULL, 'N'),
	('D', '072993403', 'SIGIPAE', '0597', 'PT', NULL, NULL, 'N'),
	('D', '025191504', 'SIGIPAE', '0597', 'PT', NULL, NULL, 'N'),
	('D', '044289594', 'SIGIPAE', '0597', 'PT', NULL, NULL, 'N'),
	('D', '072988262', 'SIGIPAE', '0597', 'PT', NULL, NULL, 'N'),
	('D', '029135309', 'SIGIPAE', '0597', 'PT', NULL, NULL, 'N'),
	('D', '073086166', 'SIGIPAE', '0597', 'PT', NULL, NULL, 'N'),
	('D', '018055671', 'SIGIPAE', '0597', 'PT', NULL, NULL, 'N'),
	('D', '077120016', 'SIGIPAE', '0597', 'PT', NULL, NULL, 'N'),
	('D', '017753514', 'SIGIPAE', '0597', 'PT', NULL, NULL, 'N'),
	('D', '073085635', 'SIGIPAE', '0597', 'PT', NULL, NULL, 'N'),
	('D', '071270896', 'SIGIPAE', '0597', 'PT', NULL, NULL, 'N'),
	('D', '017741894', 'SIGIPAE', '0597', 'PT', NULL, NULL, 'N'),
	('D', '018171337', 'SIGIPAE', '0597', 'PT', NULL, NULL, 'N'),
	('D', '025198772', 'SIGIPAE', '0597', 'PT', NULL, NULL, 'N'),
	('D', '072978523', 'SIGIPAE', '0597', 'PT', NULL, NULL, 'N'),
	('D', '018041387', 'SIGIPAE', '0597', 'PT', NULL, NULL, 'N'),
	('D', '017743920', 'SIGIPAE', '0597', 'PT', NULL, NULL, 'N'),
	('D', '025196721', 'SIGIPAE', '0597', 'PT', NULL, NULL, 'N'),
	('D', '017445066', 'SIGIPAE', '0597', 'PT', NULL, NULL, 'N'),
	('D', '017763713', 'SIGIPAE', '0597', 'PT', NULL, NULL, 'N'),
	('D', '017763028', 'SIGIPAE', '0597', 'PT', NULL, NULL, 'N'),
	('D', '029112634', 'SIGIPAE', '0597', 'PT', NULL, NULL, 'N'),
	('D', '018056717', 'SIGIPAE', '0597', 'PT', NULL, NULL, 'N'),
	('D', '018445339', 'SIGIPAE', '0597', 'PT', NULL, NULL, 'N'),
	('D', '073002328', 'SIGIPAE', '0597', 'PT', NULL, NULL, 'N'),
	('D', '073091357', 'SIGIPAE', '0597', 'PT', NULL, NULL, 'N'),
	('D', '073204416', 'SIGIPAE', '0597', 'PT', NULL, NULL, 'N'),
	('D', '018444454', 'SIGIPAE', '0597', 'PT', NULL, NULL, 'N'),
	('D', '074845058', 'SIGIPAE', '0597', 'PT', NULL, NULL, 'N'),
	('D', '078747970', 'SIGIPAE', '0597', 'PT', NULL, NULL, 'N'),
	('D', '072980666', 'SIGIPAE', '0597', 'PT', NULL, NULL, 'N'),
	('D', '072988079', 'SIGIPAE', '0597', 'PT', NULL, NULL, 'N'),
	('D', '018050754', 'SIGIPAE', '0597', 'PT', NULL, NULL, 'N'),
	('D', '029136121', 'SIGIPAE', '0597', 'PT', NULL, NULL, 'N'),
	('D', '072990295', 'SIGIPAE', '0597', 'PT', NULL, NULL, 'N'),
	('D', '073083635', 'SIGIPAE', '0597', 'PT', NULL, NULL, 'N'),
	('D', '072997900', 'SIGIPAE', '0597', 'PT', NULL, NULL, 'N'),
	('D', '072998546', 'SIGIPAE', '0597', 'PT', NULL, NULL, 'N'),
	('D', '072992191', 'SIGIPAE', '0597', 'PT', NULL, NULL, 'N'),
	('D', '025187535', 'SIGIPAE', '0597', 'PT', NULL, NULL, 'N'),
	('D', '017451218', 'SIGIPAE', '0597', 'PT', NULL, NULL, 'N'),
	('D', '025477095', 'SIGIPAE', '0597', 'PT', NULL, NULL, 'N'),
	('D', '025192598', 'SIGIPAE', '0597', 'PT', NULL, NULL, 'N'),
	('D', '076920673', 'SIGIPAE', '0597', 'PT', NULL, NULL, 'N'),
	('D', '017761169', 'SIGIPAE', '0597', 'PT', NULL, NULL, 'N'),
	('D', '024390813', 'SIGIPAE', '0597', 'PT', NULL, NULL, 'N'),
	('D', '071277775', 'SIGIPAE', '0597', 'PT', NULL, NULL, 'N'),
	('D', '018451186', 'SIGIPAE', '0597', 'PT', NULL, NULL, 'N'),
	('D', '073391066', 'SIGIPAE', '0597', 'PT', NULL, NULL, 'N'),
	('D', '073090432', 'SIGIPAE', '0597', 'PT', NULL, NULL, 'N'),
	('D', '072986587', 'SIGIPAE', '0597', 'PT', NULL, NULL, 'N'),
	('D', '004621889', 'SIGIPAE', '0597', 'PT', NULL, NULL, 'N'),
	('D', '026491925', 'SIGIPAE', '0597', 'PT', NULL, NULL, 'N'),
	('D', '072994054', 'SIGIPAE', '0597', 'PT', NULL, NULL, 'N'),
	('D', '029129156', 'SIGIPAE', '0597', 'PT', NULL, NULL, 'N'),
	('D', '072986930', 'SIGIPAE', '0597', 'PT', NULL, NULL, 'N'),
	('D', '025200000', 'SIGIPAE', '0597', 'PT', NULL, NULL, 'N'),
	('D', '073087041', 'SIGIPAE', '0597', 'PT', NULL, NULL, 'N'),
	('D', '073090914', 'SIGIPAE', '0597', 'PT', NULL, NULL, 'N'),
	('D', '025471171', 'SIGIPAE', '0597', 'PT', NULL, NULL, 'N'),
	('D', '072982803', 'SIGIPAE', '0597', 'PT', NULL, NULL, 'N'),
	('D', '072986266', 'SIGIPAE', '0597', 'PT', NULL, NULL, 'N'),
	('D', '029102938', 'SIGIPAE', '0597', 'PT', NULL, NULL, 'N'),
	('D', '073001923', 'SIGIPAE', '0597', 'PT', NULL, NULL, 'N'),
	('D', '072995087', 'SIGIPAE', '0597', 'PT', NULL, NULL, 'N'),
	('D', '072891139', 'SIGIPAE', '0597', 'PT', NULL, NULL, 'N'),
	('D', '047815521', 'SIGIPAE', '0597', 'PT', NULL, NULL, 'N'),
	('D', '073206415', 'SIGIPAE', '0597', 'PT', NULL, NULL, 'N'),
	('D', '033569583', 'SIGIPAE', '0597', 'PT', NULL, NULL, 'N'),
	('D', '073207045', 'SIGIPAE', '0597', 'PT', NULL, NULL, 'N'),
	('D', '073090953', 'SIGIPAE', '0597', 'PT', NULL, NULL, 'N'),
	('D', '072995483', 'SIGIPAE', '0597', 'PT', NULL, NULL, 'N'),
	('D', '018451439', 'SIGIPAE', '0597', 'PT', NULL, NULL, 'N'),
	('D', '002287454', 'SIGIPAE', '0597', 'PT', NULL, NULL, 'N'),
	('D', '008878931', 'SIGIPAE', '0597', 'PT', NULL, NULL, 'N'),
	('D', '017453751', 'SIGIPAE', '0597', 'PT', NULL, NULL, 'N'),
	('D', '017760097', 'SIGIPAE', '0597', 'PT', NULL, NULL, 'N'),
	('D', '047827604', 'SIGIPAE', '0597', 'PT', NULL, NULL, 'N'),
	('D', '044451502', 'SIGIPAE', '0597', 'PT', NULL, NULL, 'N'),
	('D', '017760468', 'SIGIPAE', '0597', 'PT', NULL, NULL, 'N'),
	('D', '002287452', 'SIGIPAE', '0597', 'PT', NULL, NULL, 'N'),
	('D', '072984679', 'SIGIPAE', '0597', 'PT', NULL, NULL, 'N'),
	('D', '072993387', 'SIGIPAE', '0597', 'PT', NULL, NULL, 'N'),
	('D', '004222769', 'SIGIPAE', '0597', 'PT', NULL, NULL, 'N'),
	('D', '017764207', 'SIGIPAE', '0597', 'PT', NULL, NULL, 'N'),
	('D', '018048403', 'SIGIPAE', '0597', 'PT', NULL, NULL, 'N'),
	('D', '017754873', 'SIGIPAE', '0597', 'PT', NULL, NULL, 'N'),
	('D', '025196352', 'SIGIPAE', '0597', 'PT', NULL, NULL, 'N'),
	('D', '076917961', 'SIGIPAE', '0597', 'PT', NULL, NULL, 'N'),
	('D', '017454984', 'SIGIPAE', '0597', 'PT', NULL, NULL, 'N'),
	('D', '018446431', 'SIGIPAE', '0597', 'PT', NULL, NULL, 'N'),
	('D', '073260006', 'SIGIPAE', '0597', 'PT', NULL, NULL, 'N'),
	('D', '018055714', 'SIGIPAE', '0597', 'PT', NULL, NULL, 'N'),
	('D', '072890955', 'SIGIPAE', '0597', 'PT', NULL, NULL, 'N'),
	('D', '071220265', 'SIGIPAE', '0597', 'PT', NULL, NULL, 'N'),
	('D', '073087778', 'SIGIPAE', '0597', 'PT', NULL, NULL, 'N'),
	('D', '050120674', 'SIGIPAE', '0597', 'PT', NULL, NULL, 'N'),
	('D', '072997293', 'SIGIPAE', '0597', 'PT', NULL, NULL, 'N'),
	('D', '073203111', 'SIGIPAE', '0597', 'PT', NULL, NULL, 'N'),
	('D', '073083922', 'SIGIPAE', '0597', 'PT', NULL, NULL, 'N'),
	('D', '017450530', 'SIGIPAE', '0597', 'PT', NULL, NULL, 'N'),
	('D', '017200849', 'SIGIPAE', '0597', 'PT', NULL, NULL, 'N'),
	('D', '018431284', 'SIGIPAE', '0597', 'PT', NULL, NULL, 'N'),
	('D', '025449277', 'SIGIPAE', '0597', 'PT', NULL, NULL, 'N'),
	('D', '018036512', 'SIGIPAE', '0597', 'PT', NULL, NULL, 'N'),
	('D', '072779752', 'SIGIPAE', '0597', 'PT', NULL, NULL, 'N'),
	('D', '017144890', 'SIGIPAE', '0597', 'PT', NULL, NULL, 'N'),
	('D', '046545736', 'SIGIPAE', '0597', 'PT', NULL, NULL, 'N'),
	('D', '052184684', 'SIGIPAE', '0597', 'PT', NULL, NULL, 'N'),
	('D', '018161676', 'SIGIPAE', '0597', 'PT', NULL, NULL, 'N'),
	('D', '073257935', 'SIGIPAE', '0597', 'PT', NULL, NULL, 'N'),
	('D', '017450768', 'SIGIPAE', '0597', 'PT', NULL, NULL, 'N'),
	('D', '052088026', 'SIGIPAE', '0597', 'PT', NULL, NULL, 'N'),
	('D', '018031635', 'SIGIPAE', '0597', 'PT', NULL, NULL, 'N'),
	('D', '029101749', 'SIGIPAE', '0597', 'PT', NULL, NULL, 'N'),
	('D', '075016876', 'SIGIPAE', '0597', 'PT', NULL, NULL, 'N'),
	('D', '018052994', 'SIGIPAE', '0597', 'PT', NULL, NULL, 'N'),
	('D', '017870630', 'SIGIPAE', '0597', 'PT', NULL, NULL, 'N'),
	('D', '053272233', 'SIGIPAE', '0597', 'PT', NULL, NULL, 'N'),
	('D', '073200661', 'SIGIPAE', '0597', 'PT', NULL, NULL, 'N'),
	('D', '072983737', 'SIGIPAE', '0597', 'PT', NULL, NULL, 'N'),
	('D', '072976848', 'SIGIPAE', '0597', 'PT', NULL, NULL, 'N'),
	('D', '012409553', 'SIGIPAE', '0597', 'PT', NULL, NULL, 'N'),
	('D', '017727619', 'SIGIPAE', '0597', 'PT', NULL, NULL, 'N'),
	('D', '025193165', 'SIGIPAE', '0597', 'PT', NULL, NULL, 'N'),
	('D', '076922021', 'SIGIPAE', '0597', 'PT', NULL, NULL, 'N'),
	('D', '046772024', 'SIGIPAE', '0597', 'PT', NULL, NULL, 'N'),
	('D', '013134190', 'SIGIPAE', '0597', 'PT', NULL, NULL, 'N'),
	('D', '018056435', 'SIGIPAE', '0597', 'PT', NULL, NULL, 'N'),
	('D', '009331364', 'SIGIPAE', '0597', 'PT', NULL, NULL, 'N'),
	('D', '072989425', 'SIGIPAE', '0597', 'PT', NULL, NULL, 'N'),
	('D', '018020541', 'SIGIPAE', '0597', 'PT', NULL, NULL, 'N'),
	('D', '025197547', 'SIGIPAE', '0597', 'PT', NULL, NULL, 'N'),
	('D', '072999113', 'SIGIPAE', '0597', 'PT', NULL, NULL, 'N'),
	('D', '076970925', 'SIGIPAE', '0597', 'PT', NULL, NULL, 'N'),
	('D', '075713862', 'SIGIPAE', '0597', 'PT', NULL, NULL, 'N'),
	('D', '072975977', 'SIGIPAE', '0597', 'PT', NULL, NULL, 'N'),
	('D', '029113638', 'SIGIPAE', '0597', 'PT', NULL, NULL, 'N'),
	('D', '017760834', 'SIGIPAE', '0597', 'PT', NULL, NULL, 'N'),
	('D', '025484813', 'SIGIPAE', '0597', 'PT', NULL, NULL, 'N'),
	('D', '078748287', 'SIGIPAE', '0597', 'PT', NULL, NULL, 'N'),
	('D', '025184118', 'SIGIPAE', '0597', 'PT', NULL, NULL, 'N'),
	('D', '029106896', 'SIGIPAE', '0597', 'PT', NULL, NULL, 'N'),
	('D', '017742876', 'SIGIPAE', '0597', 'PT', NULL, NULL, 'N'),
	('D', '033442960', 'SIGIPAE', '0597', 'PT', NULL, NULL, 'N'),
	('D', '070521498', 'SIGIPAE', '0597', 'PT', NULL, NULL, 'N'),
	('D', '004592268', 'SIGIPAE', '0597', 'PT', NULL, NULL, 'N'),
	('D', '072979209', 'SIGIPAE', '0597', 'PT', NULL, NULL, 'N'),
	('D', '072679277', 'SIGIPAE', '0597', 'PT', NULL, NULL, 'N'),
	('D', '073000623', 'SIGIPAE', '0597', 'PT', NULL, NULL, 'N'),
	('D', '073207060', 'SIGIPAE', '0597', 'PT', NULL, NULL, 'N'),
	('D', '017455189', 'SIGIPAE', '0597', 'PT', NULL, NULL, 'N'),
	('D', '018172504', 'SIGIPAE', '0597', 'PT', NULL, NULL, 'N'),
	('D', '073090003', 'SIGIPAE', '0597', 'PT', NULL, NULL, 'N'),
	('D', '018452014', 'SIGIPAE', '0597', 'PT', NULL, NULL, 'N'),
	('D', '018046811', 'SIGIPAE', '0597', 'PT', NULL, NULL, 'N'),
	('D', '073004008', 'SIGIPAE', '0597', 'PT', NULL, NULL, 'N'),
	('D', '072977344', 'SIGIPAE', '0597', 'PT', NULL, NULL, 'N'),
	('D', '076917706', 'SIGIPAE', '0597', 'PT', NULL, NULL, 'N'),
	('D', '073200050', 'SIGIPAE', '0597', 'PT', NULL, NULL, 'N'),
	('D', '004612768', 'SIGIPAE', '0597', 'PT', NULL, NULL, 'N'),
	('D', '029127704', 'SIGIPAE', '0597', 'PT', NULL, NULL, 'N'),
	('D', '018057901', 'SIGIPAE', '0597', 'PT', NULL, NULL, 'N'),
	('D', '076973442', 'SIGIPAE', '0597', 'PT', NULL, NULL, 'N'),
	('D', '076923408', 'SIGIPAE', '0597', 'PT', NULL, NULL, 'N'),
	('D', '073003346', 'SIGIPAE', '0597', 'PT', NULL, NULL, 'N'),
	('D', '073209703', 'SIGIPAE', '0597', 'PT', NULL, NULL, 'N'),
	('D', '072997016', 'SIGIPAE', '0597', 'PT', NULL, NULL, 'N'),
	('D', '025171794', 'SIGIPAE', '0597', 'PT', NULL, NULL, 'N'),
	('D', '032867164', 'SIGIPAE', '0597', 'PT', NULL, NULL, 'N'),
	('D', '017993272', 'SIGIPAE', '0597', 'PT', NULL, NULL, 'N'),
	('D', '010831305', 'SIGIPAE', '0597', 'PT', NULL, NULL, 'N'),
	('D', '025431607', 'SIGIPAE', '0597', 'PT', NULL, NULL, 'N'),
	('D', '025471245', 'SIGIPAE', '0597', 'PT', NULL, NULL, 'N'),
	('D', '008987025', 'SIGIPAE', '0597', 'PT', NULL, NULL, 'N'),
	('D', '025159266', 'SIGIPAE', '0597', 'PT', NULL, NULL, 'N'),
	('D', '017730761', 'SIGIPAE', '0597', 'PT', NULL, NULL, 'N'),
	('D', '073081281', 'SIGIPAE', '0597', 'PT', NULL, NULL, 'N'),
	('D', '016809115', 'SIGIPAE', '0597', 'PT', NULL, NULL, 'N'),
	('D', '052564926', 'SIGIPAE', '0597', 'PT', NULL, NULL, 'N'),
	('D', '025460319', 'SIGIPAE', '0597', 'PT', NULL, NULL, 'N'),
	('D', '029136269', 'SIGIPAE', '0597', 'PT', NULL, NULL, 'N'),
	('D', '017720736', 'SIGIPAE', '0590', '001', NULL, NULL, 'N'),
	('D', '016613181', 'SIGIPAE', '0597', 'EI', NULL, NULL, 'N'),
	('D', '018444762', 'SIGIPAE', '0597', 'EI', NULL, NULL, 'N'),
	('D', '018447920', 'SIGIPAE', '0597', 'EI', NULL, NULL, 'N'),
	('D', '017755706', 'SIGIPAE', '0597', 'EI', NULL, NULL, 'N'),
	('D', '025320606', 'SIGIPAE', '0597', 'EI', NULL, NULL, 'N'),
	('D', '029131505', 'SIGIPAE', '0597', 'EI', NULL, NULL, 'N'),
	('D', '073082579', 'SIGIPAE', '0597', 'EI', NULL, NULL, 'N'),
	('D', '025189315', 'SIGIPAE', '0597', 'EI', NULL, NULL, 'N'),
	('D', '073199752', 'SIGIPAE', '0597', 'EI', NULL, NULL, 'N'),
	('D', '073082574', 'SIGIPAE', '0597', 'EI', NULL, NULL, 'N'),
	('D', '073208182', 'SIGIPAE', '0597', 'EI', NULL, NULL, 'N'),
	('D', '018170359', 'SIGIPAE', '0597', 'EI', NULL, NULL, 'N'),
	('D', '029133396', 'SIGIPAE', '0597', 'EI', NULL, NULL, 'N'),
	('D', '029123407', 'SIGIPAE', '0597', 'EI', NULL, NULL, 'N'),
	('D', '025189408', 'SIGIPAE', '0597', 'EI', NULL, NULL, 'N'),
	('D', '017750168', 'SIGIPAE', '0597', 'EI', NULL, NULL, 'N'),
	('D', '018042224', 'SIGIPAE', '0597', 'EI', NULL, NULL, 'N'),
	('D', '018034788', 'SIGIPAE', '0597', 'EI', NULL, NULL, 'N'),
	('D', '018435875', 'SIGIPAE', '0597', 'EI', NULL, NULL, 'N'),
	('D', '045795694', 'SIGIPAE', '0597', 'EI', NULL, NULL, 'N'),
	('D', '073080814', 'SIGIPAE', '0597', 'EI', NULL, NULL, 'N'),
	('D', '017453636', 'SIGIPAE', '0597', 'EI', NULL, NULL, 'N'),
	('D', '017755185', 'SIGIPAE', '0597', 'EI', NULL, NULL, 'N'),
	('D', '018035314', 'SIGIPAE', '0597', 'EI', NULL, NULL, 'N'),
	('D', '018055687', 'SIGIPAE', '0597', 'EI', NULL, NULL, 'N'),
	('D', '073260353', 'SIGIPAE', '0597', 'EI', NULL, NULL, 'N'),
	('D', '025468193', 'SIGIPAE', '0597', 'EI', NULL, NULL, 'N'),
	('D', '073086959', 'SIGIPAE', '0597', 'EI', NULL, NULL, 'N'),
	('D', '018448067', 'SIGIPAE', '0597', 'EI', NULL, NULL, 'N'),
	('D', '073084495', 'SIGIPAE', '0597', 'EI', NULL, NULL, 'N'),
	('D', '073202909', 'SIGIPAE', '0597', 'EI', NULL, NULL, 'N'),
	('D', '072791032', 'SIGIPAE', '0597', 'EI', NULL, NULL, 'N'),
	('D', '018053264', 'SIGIPAE', '0597', 'EI', NULL, NULL, 'N'),
	('D', '072994504', 'SIGIPAE', '0597', 'EI', NULL, NULL, 'N'),
	('D', '073201632', 'SIGIPAE', '0597', 'EI', NULL, NULL, 'N'),
	('D', '018047414', 'SIGIPAE', '0597', 'EI', NULL, NULL, 'N'),
	('D', '018170957', 'SIGIPAE', '0597', 'EI', NULL, NULL, 'N'),
	('D', '073207702', 'SIGIPAE', '0597', 'EI', NULL, NULL, 'N'),
	('D', '025184040', 'SIGIPAE', '0597', 'EI', NULL, NULL, 'N'),
	('D', '073395007', 'SIGIPAE', '0597', 'EI', NULL, NULL, 'N'),
	('D', '025178666', 'SIGIPAE', '0597', 'EI', NULL, NULL, 'N'),
	('D', '018050864', 'SIGIPAE', '0597', 'EI', NULL, NULL, 'N'),
	('D', '073204425', 'SIGIPAE', '0597', 'EI', NULL, NULL, 'N'),
	('D', '018446645', 'SIGIPAE', '0597', 'EI', NULL, NULL, 'N'),
	('D', '018446173', 'SIGIPAE', '0597', 'EI', NULL, NULL, 'N'),
	('D', '072981688', 'SIGIPAE', '0597', 'EI', NULL, NULL, 'N'),
	('D', '018054775', 'SIGIPAE', '0597', 'EI', NULL, NULL, 'N'),
	('D', '072992213', 'SIGIPAE', '0597', 'EI', NULL, NULL, 'N'),
	('D', '071223118', 'SIGIPAE', '0597', 'EI', NULL, NULL, 'N'),
	('D', '072972640', 'SIGIPAE', '0597', 'EI', NULL, NULL, 'N'),
	('D', '073198491', 'SIGIPAE', '0597', 'EI', NULL, NULL, 'N'),
	('D', '043536263', 'SIGIPAE', '0597', 'EI', NULL, NULL, 'N'),
	('D', '029118281', 'SIGIPAE', '0597', 'EI', NULL, NULL, 'N'),
	('D', '072980791', 'SIGIPAE', '0597', 'EI', NULL, NULL, 'N'),
	('D', '080151957', 'SIGIPAE', '0597', 'EI', NULL, NULL, 'N'),
	('D', '029136018', 'SIGIPAE', '0597', 'EI', NULL, NULL, 'N'),
	('D', '072997544', 'SIGIPAE', '0597', 'EI', NULL, NULL, 'N'),
	('D', '018038392', 'SIGIPAE', '0597', 'EI', NULL, NULL, 'N'),
	('D', '073258727', 'SIGIPAE', '0597', 'EI', NULL, NULL, 'N'),
	('D', '017454599', 'SIGIPAE', '0597', 'EI', NULL, NULL, 'N'),
	('D', '018052623', 'SIGIPAE', '0597', 'EI', NULL, NULL, 'N'),
	('D', '029132704', 'SIGIPAE', '0597', 'EI', NULL, NULL, 'N'),
	('D', '073088145', 'SIGIPAE', '0597', 'EI', NULL, NULL, 'N'),
	('D', '016593561', 'SIGIPAE', '0597', 'EI', NULL, NULL, 'N'),
	('D', '072891263', 'SIGIPAE', '0597', 'EI', NULL, NULL, 'N'),
	('D', '025186342', 'SIGIPAE', '0597', 'EI', NULL, NULL, 'N'),
	('D', '017750266', 'SIGIPAE', '0597', 'EI', NULL, NULL, 'N'),
	('D', '018045179', 'SIGIPAE', '0597', 'EI', NULL, NULL, 'N'),
	('D', '072983747', 'SIGIPAE', '0597', 'EI', NULL, NULL, 'N'),
	('D', '073202785', 'SIGIPAE', '0597', 'EI', NULL, NULL, 'N'),
	('D', '072989296', 'SIGIPAE', '0597', 'EI', NULL, NULL, 'N'),
	('D', '025194671', 'SIGIPAE', '0597', 'EI', NULL, NULL, 'N'),
	('D', '025441088', 'SIGIPAE', '0597', 'EI', NULL, NULL, 'N'),
	('D', '072966594', 'SIGIPAE', '0597', 'EI', NULL, NULL, 'N'),
	('D', '025185499', 'SIGIPAE', '0597', 'EI', NULL, NULL, 'N'),
	('D', '017727619', 'SIGIPAE', '0597', 'EI', NULL, NULL, 'N'),
	('D', '017453631', 'SIGIPAE', '0597', 'EI', NULL, NULL, 'N'),
	('D', '072995981', 'SIGIPAE', '0597', 'EI', NULL, NULL, 'N'),
	('D', '073089352', 'SIGIPAE', '0597', 'EI', NULL, NULL, 'N'),
	('D', '018051752', 'SIGIPAE', '0597', 'EI', NULL, NULL, 'N'),
	('D', '018444253', 'SIGIPAE', '0597', 'EI', NULL, NULL, 'N'),
	('D', '025191932', 'SIGIPAE', '0597', 'EI', NULL, NULL, 'N'),
	('D', '053141586', 'SIGIPAE', '0597', 'EI', NULL, NULL, 'N'),
	('D', '073088826', 'SIGIPAE', '0597', 'EI', NULL, NULL, 'N'),
	('D', '073261661', 'SIGIPAE', '0597', 'EI', NULL, NULL, 'N'),
	('D', '073086717', 'SIGIPAE', '0597', 'EI', NULL, NULL, 'N'),
	('D', '018450475', 'SIGIPAE', '0597', 'EI', NULL, NULL, 'N'),
	('D', '073207781', 'SIGIPAE', '0597', 'EI', NULL, NULL, 'N'),
	('D', '029132563', 'SIGIPAE', '0597', 'EI', NULL, NULL, 'N'),
	('D', '017454655', 'SIGIPAE', '0597', 'EI', NULL, NULL, 'N'),
	('D', '029129739', 'SIGIPAE', '0597', 'EI', NULL, NULL, 'N'),
	('D', '072986915', 'SIGIPAE', '0597', 'EI', NULL, NULL, 'N'),
	('D', '072994520', 'SIGIPAE', '0597', 'EI', NULL, NULL, 'N'),
	('D', '017750415', 'SIGIPAE', '0597', 'EI', NULL, NULL, 'N'),
	('D', '018446664', 'SIGIPAE', '0597', 'EI', NULL, NULL, 'N'),
	('D', '018051718', 'SIGIPAE', '0597', 'EI', NULL, NULL, 'N'),
	('D', '025189772', 'SIGIPAE', '0597', 'EI', NULL, NULL, 'N'),
	('D', '029116786', 'SIGIPAE', '0597', 'EI', NULL, NULL, 'N'),
	('D', '018037190', 'SIGIPAE', '0597', 'EI', NULL, NULL, 'N'),
	('D', '025459754', 'SIGIPAE', '0597', 'EI', NULL, NULL, 'N'),
	('D', '072969230', 'SIGIPAE', '0597', 'EI', NULL, NULL, 'N'),
	('D', '073091070', 'SIGIPAE', '0597', 'EI', NULL, NULL, 'N'),
	('D', '018053002', 'SIGIPAE', '0597', 'EI', NULL, NULL, 'N'),
	('D', '073086922', 'SIGIPAE', '0597', 'EI', NULL, NULL, 'N'),
	('D', '053086986', 'SIGIPAE', '0597', 'EI', NULL, NULL, 'N'),
	('D', '036937887', 'SIGIPAE', '0597', 'EI', NULL, NULL, 'N'),
	('D', '018044127', 'SIGIPAE', '0597', 'EI', NULL, NULL, 'N'),
	('D', '017753046', 'SIGIPAE', '0597', 'EI', NULL, NULL, 'N'),
	('D', '073158080', 'SIGIPAE', '0597', 'EI', NULL, NULL, 'N'),
	('D', '073201675', 'SIGIPAE', '0597', 'EI', NULL, NULL, 'N'),
	('D', '075745454', 'SIGIPAE', '0597', 'EI', NULL, NULL, 'N'),
	('D', '025198827', 'SIGIPAE', '0597', 'EI', NULL, NULL, 'N'),
	('D', '017761255', 'SIGIPAE', '0597', 'EI', NULL, NULL, 'N'),
	('D', '072985364', 'SIGIPAE', '0597', 'EI', NULL, NULL, 'N'),
	('D', '025194709', 'SIGIPAE', '0597', 'EI', NULL, NULL, 'N'),
	('D', '073207975', 'SIGIPAE', '0597', 'EI', NULL, NULL, 'N'),
	('D', '045680993', 'SIGIPAE', '0597', 'EI', NULL, NULL, 'N'),
	('D', '017761454', 'SIGIPAE', '0597', 'EI', NULL, NULL, 'N'),
	('D', '018445423', 'SIGIPAE', '0597', 'EI', NULL, NULL, 'N'),
	('D', '004601201', 'SIGIPAE', '0597', 'EI', NULL, NULL, 'N'),
	('D', '073209319', 'SIGIPAE', '0597', 'EI', NULL, NULL, 'N'),
	('D', '053376824', 'SIGIPAE', '0597', 'EI', NULL, NULL, 'N'),
	('D', '073088378', 'SIGIPAE', '0597', 'EI', NULL, NULL, 'N'),
	('D', '072987171', 'SIGIPAE', '0597', 'EI', NULL, NULL, 'N'),
	('D', '018596603', 'SIGIPAE', '0597', 'EI', NULL, NULL, 'N'),
	('D', '076919552', 'SIGIPAE', '0597', 'EI', NULL, NULL, 'N'),
	('D', '018168532', 'SIGIPAE', '0597', 'EI', NULL, NULL, 'N'),
	('D', '025194187', 'SIGIPAE', '0597', 'EI', NULL, NULL, 'N'),
	('D', '071429792', 'SIGIPAE', '0597', 'EI', NULL, NULL, 'N'),
	('D', '072983993', 'SIGIPAE', '0597', 'EI', NULL, NULL, 'N'),
	('D', '072883187', 'SIGIPAE', '0597', 'EI', NULL, NULL, 'N'),
	('D', '073090543', 'SIGIPAE', '0597', 'EI', NULL, NULL, 'N'),
	('D', '073229459', 'SIGIPAE', '0597', 'EI', NULL, NULL, 'N'),
	('D', '073208495', 'SIGIPAE', '0597', 'EI', NULL, NULL, 'N'),
	('D', '073091527', 'SIGIPAE', '0597', 'EI', NULL, NULL, 'N'),
	('D', '073199775', 'SIGIPAE', '0597', 'EI', NULL, NULL, 'N'),
	('D', '072980800', 'SIGIPAE', '0597', 'EI', NULL, NULL, 'N'),
	('D', '072995990', 'SIGIPAE', '0597', 'EI', NULL, NULL, 'N'),
	('D', '038086429', 'SIGIPAE', '0597', 'EI', NULL, NULL, 'N'),
	('D', '017746151', 'SIGIPAE', '0597', 'EI', NULL, NULL, 'N'),
	('D', '072996179', 'SIGIPAE', '0597', 'EI', NULL, NULL, 'N'),
	('D', '072986933', 'SIGIPAE', '0597', 'EI', NULL, NULL, 'N'),
	('D', '029136711', 'SIGIPAE', '0597', 'EI', NULL, NULL, 'N'),
	('D', '073208171', 'SIGIPAE', '0597', 'EI', NULL, NULL, 'N'),
	('D', '025194619', 'SIGIPAE', '0597', 'EI', NULL, NULL, 'N'),
	('D', '072992964', 'SIGIPAE', '0597', 'EI', NULL, NULL, 'N'),
	('D', '017721361', 'SIGIPAE', '0597', 'EI', NULL, NULL, 'N'),
	('D', '072966503', 'SIGIPAE', '0597', 'EI', NULL, NULL, 'N'),
	('D', '073199393', 'SIGIPAE', '0597', 'EI', NULL, NULL, 'N'),
	('D', '018450417', 'SIGIPAE', '0597', 'EI', NULL, NULL, 'N'),
	('D', '073002088', 'SIGIPAE', '0597', 'EI', NULL, NULL, 'N'),
	('D', '025184974', 'SIGIPAE', '0597', 'EI', NULL, NULL, 'N'),
	('D', '017454529', 'SIGIPAE', '0597', 'EI', NULL, NULL, 'N'),
	('D', '072995724', 'SIGIPAE', '0597', 'EI', NULL, NULL, 'N'),
	('D', '073081471', 'SIGIPAE', '0597', 'EI', NULL, NULL, 'N'),
	('D', '017452104', 'SIGIPAE', '0597', 'EI', NULL, NULL, 'N'),
	('D', '073201260', 'SIGIPAE', '0597', 'EI', NULL, NULL, 'N'),
	('D', '018033957', 'SIGIPAE', '0597', 'EI', NULL, NULL, 'N'),
	('D', '018172651', 'SIGIPAE', '0597', 'EI', NULL, NULL, 'N'),
	('D', '017453585', 'SIGIPAE', '0597', 'EI', NULL, NULL, 'N'),
	('D', '076922258', 'SIGIPAE', '0597', 'EI', NULL, NULL, 'N'),
	('D', '072993916', 'SIGIPAE', '0597', 'EI', NULL, NULL, 'N'),
	('D', '018043210', 'SIGIPAE', '0597', 'EI', NULL, NULL, 'N'),
	('D', '076923983', 'SIGIPAE', '0597', 'EI', NULL, NULL, 'N'),
	('D', '072984514', 'SIGIPAE', '0597', 'EI', NULL, NULL, 'N'),
	('D', '073090060', 'SIGIPAE', '0597', 'EI', NULL, NULL, 'N'),
	('D', '029136894', 'SIGIPAE', '0597', 'EI', NULL, NULL, 'N'),
	('D', '018043649', 'SIGIPAE', '0597', 'EI', NULL, NULL, 'N'),
	('D', '017454583', 'SIGIPAE', '0597', 'EI', NULL, NULL, 'N'),
	('D', '072979333', 'SIGIPAE', '0597', 'EI', NULL, NULL, 'N'),
	('D', '072991811', 'SIGIPAE', '0597', 'EI', NULL, NULL, 'N'),
	('D', '073088184', 'SIGIPAE', '0597', 'EI', NULL, NULL, 'N'),
	('D', '018043545', 'SIGIPAE', '0597', 'EI', NULL, NULL, 'N'),
	('D', '018054298', 'SIGIPAE', '0597', 'EI', NULL, NULL, 'N'),
	('D', '002221120', 'SIGIPAE', '0597', 'EI', NULL, NULL, 'N'),
	('D', '029108432', 'SIGIPAE', '0597', 'EI', NULL, NULL, 'N'),
	('D', '017719694', 'SIGIPAE', '0597', 'EI', NULL, NULL, 'N'),
	('D', '017452831', 'SIGIPAE', '0597', 'EI', NULL, NULL, 'N'),
	('D', '018447523', 'SIGIPAE', '0597', 'EI', NULL, NULL, 'N'),
	('D', '078749007', 'SIGIPAE', '0597', 'EI', NULL, NULL, 'N'),
	('D', '072998102', 'SIGIPAE', '0597', 'EI', NULL, NULL, 'N'),
	('D', '025186613', 'SIGIPAE', '0597', 'EI', NULL, NULL, 'N'),
	('D', '018439461', 'SIGIPAE', '0597', 'EI', NULL, NULL, 'N'),
	('D', '072977073', 'SIGIPAE', '0597', 'EI', NULL, NULL, 'N'),
	('D', '025479297', 'SIGIPAE', '0597', 'EI', NULL, NULL, 'N'),
	('D', '072983737', 'SIGIPAE', '0597', 'EI', NULL, NULL, 'N'),
	('D', '072995994', 'SIGIPAE', '0597', 'EI', NULL, NULL, 'N'),
	('D', '022548165', 'SIGIPAE', '0597', 'EI', NULL, NULL, 'N'),
	('D', '017732470', 'SIGIPAE', '0597', 'EI', NULL, NULL, 'N'),
	('D', '073089557', 'SIGIPAE', '0597', 'EI', NULL, NULL, 'N'),
	('D', '073086276', 'SIGIPAE', '0597', 'EI', NULL, NULL, 'N'),
	('D', '038064278', 'SIGIPAE', '0597', 'EI', NULL, NULL, 'N'),
	('D', '025191169', 'SIGIPAE', '0597', 'EI', NULL, NULL, 'N'),
	('D', '072790012', 'SIGIPAE', '0597', 'EI', NULL, NULL, 'N'),
	('D', '073000470', 'SIGIPAE', '0597', 'EI', NULL, NULL, 'N'),
	('D', '017751804', 'SIGIPAE', '0597', 'EI', NULL, NULL, 'N'),
	('D', '046863763', 'SIGIPAE', '0597', 'EI', NULL, NULL, 'N'),
	('D', '025159335', 'SIGIPAE', '0597', 'EI', NULL, NULL, 'N'),
	('D', '017739089', 'SIGIPAE', '0597', 'EI', NULL, NULL, 'N'),
	('D', '018442318', 'SIGIPAE', '0597', 'EI', NULL, NULL, 'N'),
	('D', '025144280', 'SIGIPAE', '0597', 'EI', NULL, NULL, 'N'),
	('D', '072971033', 'SIGIPAE', '0597', 'EI', NULL, NULL, 'N'),
	('D', '029134888', 'SIGIPAE', '0597', 'EI', NULL, NULL, 'N'),
	('D', '073209216', 'SIGIPAE', '0597', 'EI', NULL, NULL, 'N'),
	('D', '025197418', 'SIGIPAE', '0597', 'EI', NULL, NULL, 'N'),
	('D', '016594025', 'SIGIPAE', '0597', 'EI', NULL, NULL, 'N'),
	('D', '025189562', 'SIGIPAE', '0597', 'EI', NULL, NULL, 'N'),
	('D', '018442134', 'SIGIPAE', '0597', 'EI', NULL, NULL, 'N'),
	('D', '025188462', 'SIGIPAE', '0597', 'EI', NULL, NULL, 'N'),
	('D', '017762215', 'SIGIPAE', '0597', 'EI', NULL, NULL, 'N'),
	('D', '072982803', 'SIGIPAE', '0597', 'AL', NULL, NULL, 'N'),
	('D', '072982803', 'SIGIPAE', '0597', 'FI', NULL, NULL, 'N');
/*!40000 ALTER TABLE `sigi_esp_can_pre_ae` ENABLE KEYS */;


-- Volcando estructura para tabla serviciosmicarpetasigi.sigi_opc
CREATE TABLE IF NOT EXISTS `sigi_opc` (
  `COD_OPC` varchar(7) NOT NULL,
  `F_CON_AE` date DEFAULT NULL,
  `COD_TIP_AE` varchar(1) DEFAULT NULL,
  `TEX_OPC` varchar(200) NOT NULL,
  `TEX_OPC_CAB` varchar(200) NOT NULL,
  `TEX_OPC_PDF` varchar(200) DEFAULT NULL,
  `FEC_CUR_COM` varchar(10) DEFAULT NULL,
  `L_VIS` varchar(1) NOT NULL,
  `L_ACT` varchar(1) NOT NULL,
  `L_PET_MAS` varchar(1) DEFAULT NULL,
  `L_RES_VIS` varchar(1) DEFAULT NULL,
  `L_RES_ACT` varchar(1) DEFAULT NULL,
  `F_INI_OPC` date NOT NULL,
  `F_FIN_OPC` date NOT NULL,
  `C_USU_ULT_MOD` varchar(8) NOT NULL,
  `F_ULT_MOD` date NOT NULL
) ENGINE=InnoDB DEFAULT CHARSET=utf8;

-- Volcando datos para la tabla serviciosmicarpetasigi.sigi_opc: ~4 rows (aproximadamente)
/*!40000 ALTER TABLE `sigi_opc` DISABLE KEYS */;
INSERT INTO `sigi_opc` (`COD_OPC`, `F_CON_AE`, `COD_TIP_AE`, `TEX_OPC`, `TEX_OPC_CAB`, `TEX_OPC_PDF`, `FEC_CUR_COM`, `L_VIS`, `L_ACT`, `L_PET_MAS`, `L_RES_VIS`, `L_RES_ACT`, `F_INI_OPC`, `F_FIN_OPC`, `C_USU_ULT_MOD`, `F_ULT_MOD`) VALUES
	('SIGIPAE', '2015-07-28', 'I', 'PRIMARIA ACTO DE ELECCION DE INTERINOS DE INICIO DE CURSO DE FECHA 28/07/15', 'Fecha del Acto de Elección de Inicio de curso 28/07/15', 'CUERPO DE MAESTROS - INTERINOS', '31/10/14', 'S', 'N', 'S', 'S', 'S', '2015-07-28', '2015-07-28', 'SCPRINRE', '2015-07-28'),
	('SIGISSP', NULL, NULL, 'SECUNDARIA CONSULTA DE LA SITUACION DEL PARTICIPANTE', 'CONSULTA DE LA SITUACION DEL PARTICIPANTE DE SECUNDARIA', NULL, '31/10/14', 'S', 'S', 'N', 'N', 'N', '2015-07-28', '2015-07-28', 'SYSTEM', '2015-07-28'),
	('SIGIPSP', NULL, NULL, 'PRIMARIA CONSULTA DE LA SITUACION DEL PARTICIPANTE', 'CONSULTA DE LA SITUACiON DEL PARTICIPANTE DE PRIMARIA', NULL, '31/10/14', 'S', 'N', 'N', 'N', 'N', '2015-07-28', '2015-07-28', 'SYSTEM', '2015-07-28'),
	('SIGISAE', '2015-07-28', 'S', 'SECUNDARIA ACTO DE ELECCIÓN DE INTERINOS SEMANAL DE FECHA 11/06/15', 'Fecha del Acto de Elección Semanal 11/06/15', 'PERSONAL INTERINO DE ENSEÑANZA SECUNDARIA, F.P. Y RÉGIMEN ESPECIAL. MODELO DE SOLICITUD PARA ELECCIÓN DE DESTINO. CURSO 2014/2015', '31/10/14', 'S', 'S', 'N', 'N', 'N', '2015-07-28', '2015-07-28', 'SCEMINRE', '2015-07-28');
/*!40000 ALTER TABLE `sigi_opc` ENABLE KEYS */;


-- Volcando estructura para tabla serviciosmicarpetasigi.sigi_sol
CREATE TABLE IF NOT EXISTS `sigi_sol` (
  `TIPO_ID` varchar(1) NOT NULL,
  `DNI` varchar(15) NOT NULL,
  `COD_OPC` varchar(7) NOT NULL,
  `COD_SOL` varchar(4) NOT NULL,
  `F_HOR_ENT` date NOT NULL,
  `COD_EST_SOL` varchar(1) NOT NULL,
  `COD_USU` varchar(8) NOT NULL,
  `F_HOR_PRE` date DEFAULT NULL,
  `L_PRE` varchar(1) DEFAULT NULL
) ENGINE=InnoDB DEFAULT CHARSET=utf8;

-- Volcando datos para la tabla serviciosmicarpetasigi.sigi_sol: ~100 rows (aproximadamente)
/*!40000 ALTER TABLE `sigi_sol` DISABLE KEYS */;
INSERT INTO `sigi_sol` (`TIPO_ID`, `DNI`, `COD_OPC`, `COD_SOL`, `F_HOR_ENT`, `COD_EST_SOL`, `COD_USU`, `F_HOR_PRE`, `L_PRE`) VALUES
	('D', '072973643', 'SIGIPAE', '9039', '0000-00-00', 'A', 'INTERNET', NULL, NULL),
	('D', '072973662', 'SIGIPAE', '2741', '0000-00-00', 'A', 'INTERNET', NULL, NULL),
	('D', '072974277', 'SIGIPAE', '7635', '0000-00-00', 'A', 'INTERNET', NULL, NULL),
	('D', '072974411', 'SIGIPAE', '5069', '0000-00-00', 'A', 'INTERNET', NULL, NULL),
	('D', '072974419', 'SIGIPAE', '0438', '0000-00-00', 'A', 'INTERNET', NULL, NULL),
	('D', '072974477', 'SIGIPAE', '0724', '0000-00-00', 'A', 'INTERNET', NULL, NULL),
	('D', '072974477', 'SIGIPAE', '7204', '0000-00-00', 'A', 'INTERNET', NULL, NULL),
	('D', '072974477', 'SIGIPAE', '9343', '0000-00-00', 'A', 'INTERNET', NULL, NULL),
	('D', '072883053', 'SIGIPAE', '8335', '0000-00-00', 'A', 'INTERNET', NULL, NULL),
	('D', '072883187', 'SIGIPAE', '1434', '0000-00-00', 'A', 'INTERNET', NULL, NULL),
	('D', '072883258', 'SIGIPAE', '2755', '0000-00-00', 'A', 'INTERNET', NULL, NULL),
	('D', '072883452', 'SIGIPAE', '2921', '0000-00-00', 'A', 'INTERNET', NULL, NULL),
	('D', '072883452', 'SIGIPAE', '8080', '0000-00-00', 'A', 'INTERNET', NULL, NULL),
	('D', '072883452', 'SIGIPAE', '8681', '0000-00-00', 'A', 'INTERNET', NULL, NULL),
	('D', '072884068', 'SIGIPAE', '3475', '0000-00-00', 'A', 'INTERNET', NULL, NULL),
	('D', '072884378', 'SIGIPAE', '1701', '0000-00-00', 'A', 'INTERNET', NULL, NULL),
	('D', '072982803', 'SIGIPAE', '3649', '0000-00-00', 'A', 'INTERNET', NULL, NULL),
	('D', '072982803', 'SIGIPAE', '5522', '0000-00-00', 'A', 'INTERNET', NULL, NULL),
	('D', '072884626', 'SIGIPAE', '6080', '0000-00-00', 'A', 'INTERNET', NULL, NULL),
	('D', '072885180', 'SIGIPAE', '1988', '0000-00-00', 'A', 'INTERNET', NULL, NULL),
	('D', '072885180', 'SIGIPAE', '5051', '0000-00-00', 'A', 'INTERNET', NULL, NULL),
	('D', '072885345', 'SIGIPAE', '3516', '0000-00-00', 'A', 'INTERNET', NULL, NULL),
	('D', '072886480', 'SIGIPAE', '8667', '0000-00-00', 'A', 'INTERNET', NULL, NULL),
	('D', '072886744', 'SIGIPAE', '4287', '0000-00-00', 'A', 'INTERNET', NULL, NULL),
	('D', '072887201', 'SIGIPAE', '2059', '0000-00-00', 'A', 'INTERNET', NULL, NULL),
	('D', '072887201', 'SIGIPAE', '9348', '0000-00-00', 'A', 'INTERNET', NULL, NULL),
	('D', '072887278', 'SIGIPAE', '0399', '0000-00-00', 'A', 'INTERNET', NULL, NULL),
	('D', '072887278', 'SIGIPAE', '8182', '0000-00-00', 'A', 'INTERNET', NULL, NULL),
	('D', '072887278', 'SIGIPAE', '8207', '0000-00-00', 'A', 'INTERNET', NULL, NULL),
	('D', '072887278', 'SIGIPAE', '9694', '0000-00-00', 'A', 'INTERNET', NULL, NULL),
	('D', '072887571', 'SIGIPAE', '1618', '0000-00-00', 'A', 'INTERNET', NULL, NULL),
	('D', '072887798', 'SIGIPAE', '0253', '0000-00-00', 'A', 'INTERNET', NULL, NULL),
	('D', '072887832', 'SIGIPAE', '0644', '0000-00-00', 'A', 'INTERNET', NULL, NULL),
	('D', '072887832', 'SIGIPAE', '4163', '0000-00-00', 'A', 'INTERNET', NULL, NULL),
	('D', '072887832', 'SIGIPAE', '9710', '0000-00-00', 'A', 'INTERNET', NULL, NULL),
	('D', '072887856', 'SIGIPAE', '8322', '0000-00-00', 'A', 'INTERNET', NULL, NULL),
	('D', '072889143', 'SIGIPAE', '1631', '0000-00-00', 'A', 'INTERNET', NULL, NULL),
	('D', '072889143', 'SIGIPAE', '7037', '0000-00-00', 'A', 'INTERNET', NULL, NULL),
	('D', '072889143', 'SIGIPAE', '7951', '0000-00-00', 'A', 'INTERNET', NULL, NULL),
	('D', '072889160', 'SIGIPAE', '1829', '0000-00-00', 'A', 'INTERNET', NULL, NULL),
	('D', '072889160', 'SIGIPAE', '5271', '0000-00-00', 'A', 'INTERNET', NULL, NULL),
	('D', '072889574', 'SIGIPAE', '4174', '0000-00-00', 'A', 'INTERNET', NULL, NULL),
	('D', '072890027', 'SIGIPAE', '8288', '0000-00-00', 'A', 'INTERNET', NULL, NULL),
	('D', '072890027', 'SIGIPAE', '8332', '0000-00-00', 'A', 'INTERNET', NULL, NULL),
	('D', '072890576', 'SIGIPAE', '1347', '0000-00-00', 'A', 'INTERNET', NULL, NULL),
	('D', '072890616', 'SIGIPAE', '6543', '0000-00-00', 'A', 'INTERNET', NULL, NULL),
	('D', '072890892', 'SIGIPAE', '8206', '0000-00-00', 'A', 'INTERNET', NULL, NULL),
	('D', '072891062', 'SIGIPAE', '1943', '0000-00-00', 'A', 'INTERNET', NULL, NULL),
	('D', '072891062', 'SIGIPAE', '2003', '0000-00-00', 'A', 'INTERNET', NULL, NULL),
	('D', '072891139', 'SIGIPAE', '0477', '0000-00-00', 'A', 'INTERNET', NULL, NULL),
	('D', '072891189', 'SIGIPAE', '2951', '0000-00-00', 'A', 'INTERNET', NULL, NULL),
	('D', '072963571', 'SIGIPAE', '2245', '0000-00-00', 'A', 'INTERNET', NULL, NULL),
	('D', '072965649', 'SIGIPAE', '7323', '0000-00-00', 'A', 'INTERNET', NULL, NULL),
	('D', '072965649', 'SIGIPAE', '8015', '0000-00-00', 'A', 'INTERNET', NULL, NULL),
	('D', '072966276', 'SIGIPAE', '0396', '0000-00-00', 'A', 'INTERNET', NULL, NULL),
	('D', '072966503', 'SIGIPAE', '4447', '0000-00-00', 'A', 'INTERNET', NULL, NULL),
	('D', '072966503', 'SIGIPAE', '6533', '0000-00-00', 'A', 'INTERNET', NULL, NULL),
	('D', '072966594', 'SIGIPAE', '3936', '0000-00-00', 'A', 'INTERNET', NULL, NULL),
	('D', '072966635', 'SIGIPAE', '1512', '0000-00-00', 'A', 'INTERNET', NULL, NULL),
	('D', '072966923', 'SIGIPAE', '9343', '0000-00-00', 'A', 'INTERNET', NULL, NULL),
	('D', '072967018', 'SIGIPAE', '2183', '0000-00-00', 'A', 'INTERNET', NULL, NULL),
	('D', '072967081', 'SIGIPAE', '7623', '0000-00-00', 'A', 'INTERNET', NULL, NULL),
	('D', '072967949', 'SIGIPAE', '1750', '0000-00-00', 'A', 'INTERNET', NULL, NULL),
	('D', '072967949', 'SIGIPAE', '4085', '0000-00-00', 'A', 'INTERNET', NULL, NULL),
	('D', '072967958', 'SIGIPAE', '2481', '0000-00-00', 'A', 'INTERNET', NULL, NULL),
	('D', '072967958', 'SIGIPAE', '7988', '0000-00-00', 'A', 'INTERNET', NULL, NULL),
	('D', '072968088', 'SIGIPAE', '2849', '0000-00-00', 'A', 'INTERNET', NULL, NULL),
	('D', '072968623', 'SIGIPAE', '0747', '0000-00-00', 'A', 'INTERNET', NULL, NULL),
	('D', '072968988', 'SIGIPAE', '5843', '0000-00-00', 'A', 'INTERNET', NULL, NULL),
	('D', '072969044', 'SIGIPAE', '6809', '0000-00-00', 'A', 'INTERNET', NULL, NULL),
	('D', '072969204', 'SIGIPAE', '5103', '0000-00-00', 'A', 'INTERNET', NULL, NULL),
	('D', '072969204', 'SIGIPAE', '5615', '0000-00-00', 'A', 'INTERNET', NULL, NULL),
	('D', '072969230', 'SIGIPAE', '9526', '0000-00-00', 'A', 'INTERNET', NULL, NULL),
	('D', '072969230', 'SIGIPAE', '9897', '0000-00-00', 'A', 'INTERNET', NULL, NULL),
	('D', '072969353', 'SIGIPAE', '3813', '0000-00-00', 'A', 'INTERNET', NULL, NULL),
	('D', '072969412', 'SIGIPAE', '7945', '0000-00-00', 'A', 'INTERNET', NULL, NULL),
	('D', '072969604', 'SIGIPAE', '1622', '0000-00-00', 'A', 'INTERNET', NULL, NULL),
	('D', '072969604', 'SIGIPAE', '3329', '0000-00-00', 'A', 'INTERNET', NULL, NULL),
	('D', '072969604', 'SIGIPAE', '5551', '0000-00-00', 'A', 'INTERNET', NULL, NULL),
	('D', '072969859', 'SIGIPAE', '4923', '0000-00-00', 'A', 'INTERNET', NULL, NULL),
	('D', '072969859', 'SIGIPAE', '7417', '0000-00-00', 'A', 'INTERNET', NULL, NULL),
	('D', '072970054', 'SIGIPAE', '9023', '0000-00-00', 'A', 'INTERNET', NULL, NULL),
	('D', '072970448', 'SIGIPAE', '8613', '0000-00-00', 'A', 'INTERNET', NULL, NULL),
	('D', '072970448', 'SIGIPAE', '9241', '0000-00-00', 'A', 'INTERNET', NULL, NULL),
	('D', '072970597', 'SIGIPAE', '7372', '0000-00-00', 'A', 'INTERNET', NULL, NULL),
	('D', '072970672', 'SIGIPAE', '4344', '0000-00-00', 'A', 'INTERNET', NULL, NULL),
	('D', '072970673', 'SIGIPAE', '4412', '0000-00-00', 'A', 'INTERNET', NULL, NULL),
	('D', '072970755', 'SIGIPAE', '2725', '0000-00-00', 'A', 'INTERNET', NULL, NULL),
	('D', '072970755', 'SIGIPAE', '7358', '0000-00-00', 'A', 'INTERNET', NULL, NULL),
	('D', '072971004', 'SIGIPAE', '0343', '0000-00-00', 'A', 'INTERNET', NULL, NULL),
	('D', '072971004', 'SIGIPAE', '2096', '0000-00-00', 'A', 'INTERNET', NULL, NULL),
	('D', '072971032', 'SIGIPAE', '7079', '0000-00-00', 'A', 'INTERNET', NULL, NULL),
	('D', '072971033', 'SIGIPAE', '1222', '0000-00-00', 'A', 'INTERNET', NULL, NULL),
	('D', '072971369', 'SIGIPAE', '1516', '0000-00-00', 'A', 'INTERNET', NULL, NULL),
	('D', '072971446', 'SIGIPAE', '2420', '0000-00-00', 'A', 'INTERNET', NULL, NULL),
	('D', '072971582', 'SIGIPAE', '2729', '0000-00-00', 'A', 'INTERNET', NULL, NULL),
	('D', '072971599', 'SIGIPAE', '0305', '0000-00-00', 'A', 'INTERNET', NULL, NULL),
	('D', '072971599', 'SIGIPAE', '2859', '0000-00-00', 'A', 'INTERNET', NULL, NULL),
	('D', '072971673', 'SIGIPAE', '3582', '0000-00-00', 'A', 'INTERNET', NULL, NULL),
	('D', '072972033', 'SIGIPAE', '3667', '0000-00-00', 'A', 'INTERNET', NULL, NULL);
/*!40000 ALTER TABLE `sigi_sol` ENABLE KEYS */;


-- Volcando estructura para tabla serviciosmicarpetasigi.sigi_vac
CREATE TABLE IF NOT EXISTS `sigi_vac` (
  `COD_OPC` varchar(7) NOT NULL,
  `NUM_VAC` int(4) NOT NULL,
  `COD_CUE` varchar(4) NOT NULL,
  `COD_ESP` varchar(3) NOT NULL,
  `COD_MUN_VAC` varchar(9) NOT NULL,
  `COD_TIP_DUR` varchar(1) NOT NULL
) ENGINE=InnoDB DEFAULT CHARSET=utf8;

-- Volcando datos para la tabla serviciosmicarpetasigi.sigi_vac: ~500 rows (aproximadamente)
/*!40000 ALTER TABLE `sigi_vac` DISABLE KEYS */;
INSERT INTO `sigi_vac` (`COD_OPC`, `NUM_VAC`, `COD_CUE`, `COD_ESP`, `COD_MUN_VAC`, `COD_TIP_DUR`) VALUES
	('SIGIPAE', 266, '0597', 'EF', '44014', 'C'),
	('SIGIPAE', 1242, '0597', 'EF', '44014', 'C'),
	('SIGIPAE', 269, '0597', 'EF', '44009', 'C'),
	('SIGIPAE', 270, '0597', 'MU', '44009', 'C'),
	('SIGIPAE', 1023, '0597', 'PR1', '50297', 'C'),
	('SIGIPAE', 1024, '0597', 'FI', '50297', 'C'),
	('SIGIPAE', 1026, '0597', 'AL', '50297', 'C'),
	('SIGIPAE', 1155, '0597', 'FF', '50297', 'C'),
	('SIGIPAE', 1156, '0597', 'FF', '50297', 'C'),
	('SIGISAE', 3984, '0591', '225', '44059', 'S'),
	('SIGISAE', 3994, '0590', '112', '50297', 'S'),
	('SIGISAE', 4005, '0590', '001', '50297', 'S'),
	('SIGISAE', 4015, '0590', '019', '50297', 'S'),
	('SIGISAE', 4020, '0590', '006', '50298', 'S'),
	('SIGISAE', 4021, '0590', '004', '50160', 'S'),
	('SIGISAE', 4022, '0590', '017', '50297', 'S'),
	('SIGISAE', 4023, '0590', '017', '50297', 'S'),
	('SIGIPAE', 1441, '0597', 'EI', '50297', 'C'),
	('SIGIPAE', 1034, '0597', 'EI', '50297', 'C'),
	('SIGIPAE', 1035, '0597', 'FI', '50297', 'C'),
	('SIGIPAE', 1036, '0597', 'FI', '50297', 'C'),
	('SIGIPAE', 1037, '0597', 'FF', '50297', 'C'),
	('SIGIPAE', 1038, '0597', 'FF', '50297', 'C'),
	('SIGIPAE', 1039, '0597', 'FF', '50297', 'C'),
	('SIGIPAE', 1040, '0597', 'FF', '50297', 'C'),
	('SIGIPAE', 1042, '0597', 'EF', '50297', 'C'),
	('SIGIPAE', 737, '0597', 'EI', '50089', 'C'),
	('SIGIPAE', 740, '0597', 'EI', '50089', 'C'),
	('SIGIPAE', 743, '0597', 'EI', '50089', 'C'),
	('SIGIPAE', 744, '0597', 'EI', '50089', 'C'),
	('SIGIPAE', 746, '0597', 'EI', '50089', 'C'),
	('SIGIPAE', 748, '0597', 'EF2', '50089', 'C'),
	('SIGIPAE', 754, '0597', 'FI', '50089', 'C'),
	('SIGIPAE', 757, '0597', 'FI', '50089', 'C'),
	('SIGIPAE', 762, '0597', 'PT', '50089', 'C'),
	('SIGIPAE', 1360, '0597', 'FI', '50089', 'C'),
	('SIGIPAE', 1124, '0597', 'EI', '50297', 'C'),
	('SIGIPAE', 1125, '0597', 'EI', '50297', 'C'),
	('SIGIPAE', 1126, '0597', 'PR2', '50297', 'C'),
	('SIGIPAE', 1128, '0597', 'FI', '50297', 'C'),
	('SIGIPAE', 1130, '0597', 'PT', '50297', 'C'),
	('SIGIPAE', 682, '0597', 'EI', '50068', 'C'),
	('SIGIPAE', 684, '0597', 'FI', '50068', 'C'),
	('SIGIPAE', 687, '0597', 'PT', '50068', 'C'),
	('SIGIPAE', 554, '0597', 'MU', '50017', 'C'),
	('SIGIPAE', 567, '0597', 'PT', '50024', 'C'),
	('SIGIPAE', 569, '0597', 'EI', '50025', 'C'),
	('SIGIPAE', 572, '0597', 'EI', '50025', 'C'),
	('SIGIPAE', 573, '0597', 'FF', '50025', 'C'),
	('SIGIPAE', 575, '0597', 'EF', '50025', 'C'),
	('SIGIPAE', 577, '0597', 'PT', '50025', 'C'),
	('SIGIPAE', 595, '0597', 'AL', '50026', 'C'),
	('SIGIPAE', 251, '0597', 'AL', '44039', 'C'),
	('SIGIPAE', 252, '0597', 'EF', '44039', 'C'),
	('SIGIPAE', 253, '0597', 'MU', '44039', 'C'),
	('SIGIPAE', 759, '0597', 'EI', '50115', 'C'),
	('SIGIPAE', 852, '0597', 'EI', '50115', 'C'),
	('SIGIPAE', 1374, '0597', 'FI', '50115', 'C'),
	('SIGIPAE', 1375, '0597', 'FI', '50115', 'C'),
	('SIGIPAE', 1, '0597', 'MU1', '44008', 'C'),
	('SIGIPAE', 2, '0597', 'EI', '44008', 'C'),
	('SIGIPAE', 3, '0597', 'FF', '44008', 'C'),
	('SIGIPAE', 4, '0597', 'MU', '44008', 'C'),
	('SIGIPAE', 1190, '0597', 'AL', '22158', 'C'),
	('SIGIPAE', 1191, '0597', 'EF', '22158', 'C'),
	('SIGIPAE', 1192, '0597', 'EI', '22158', 'C'),
	('SIGIPAE', 1193, '0597', 'FI', '22158', 'C'),
	('SIGIPAE', 1194, '0597', 'EF', '22052', 'C'),
	('SIGIPAE', 1195, '0597', 'FI', '22052', 'C'),
	('SIGIPAE', 1196, '0597', 'FI', '22052', 'C'),
	('SIGIPAE', 1197, '0597', 'MU', '22052', 'C'),
	('SIGIPAE', 1198, '0597', 'MU', '22052', 'C'),
	('SIGIPAE', 1417, '0597', 'EI', '22052', 'C'),
	('SIGIPAE', 1421, '0597', 'PRI', '22052', 'C'),
	('SIGIPAE', 1429, '0597', 'FI', '22052', 'C'),
	('SIGIPAE', 1199, '0597', 'FI', '22226', 'C'),
	('SIGIPAE', 1201, '0597', 'FI', '22226', 'C'),
	('SIGIPAE', 1202, '0597', 'PT', '22226', 'C'),
	('SIGIPAE', 1414, '0597', 'FI', '22226', 'C'),
	('SIGIPAE', 1425, '0597', 'EF', '22226', 'C'),
	('SIGIPAE', 1203, '0597', 'AL', '22197', 'C'),
	('SIGIPAE', 1204, '0597', 'EF', '22197', 'C'),
	('SIGIPAE', 1205, '0597', 'FI', '22197', 'C'),
	('SIGIPAE', 1206, '0597', 'MU', '22197', 'C'),
	('SIGIPAE', 1431, '0597', 'PT', '22197', 'C'),
	('SIGIPAE', 1208, '0597', 'EI', '22136', 'C'),
	('SIGIPAE', 1418, '0597', 'AL', '22136', 'C'),
	('SIGIPAE', 5, '0597', 'EI', '44013', 'C'),
	('SIGIPAE', 6, '0597', 'FI', '44013', 'C'),
	('SIGIPAE', 7, '0597', 'FI', '44013', 'C'),
	('SIGIPAE', 8, '0597', 'FI', '44013', 'C'),
	('SIGIPAE', 12, '0597', 'EF', '44025', 'C'),
	('SIGIPAE', 13, '0597', 'EF', '44025', 'C'),
	('SIGIPAE', 14, '0597', 'EI', '44025', 'C'),
	('SIGIPAE', 15, '0597', 'EI', '44025', 'C'),
	('SIGIPAE', 16, '0597', 'FI', '44025', 'C'),
	('SIGIPAE', 17, '0597', 'MU', '44025', 'C'),
	('SIGIPAE', 689, '0597', 'PRI', '50073', 'C'),
	('SIGIPAE', 693, '0597', 'EF', '50073', 'C'),
	('SIGIPAE', 1356, '0597', 'MU', '50073', 'C'),
	('SIGIPAE', 1357, '0597', 'FI', '50073', 'C'),
	('SIGIPAE', 720, '0597', 'EI', '50074', 'C'),
	('SIGIPAE', 723, '0597', 'EI', '50074', 'C'),
	('SIGIPAE', 724, '0597', 'EI', '50074', 'C'),
	('SIGIPAE', 726, '0597', 'PRI', '50074', 'C'),
	('SIGIPAE', 727, '0597', 'PR2', '50074', 'C'),
	('SIGIPAE', 730, '0597', 'FI', '50074', 'C'),
	('SIGIPAE', 732, '0597', 'MU', '50074', 'C'),
	('SIGIPAE', 1070, '0597', 'EI', '50297', 'C'),
	('SIGIPAE', 1071, '0597', 'PR2', '50297', 'C'),
	('SIGIPAE', 1073, '0597', 'FI', '50297', 'C'),
	('SIGIPAE', 1074, '0597', 'FI', '50297', 'C'),
	('SIGIPAE', 1075, '0597', 'FI', '50297', 'C'),
	('SIGIPAE', 1076, '0597', 'FI', '50297', 'C'),
	('SIGIPAE', 1077, '0597', 'EF', '50297', 'C'),
	('SIGIPAE', 1078, '0597', 'EF2', '50297', 'C'),
	('SIGIPAE', 1080, '0597', 'MU2', '50297', 'C'),
	('SIGIPAE', 1082, '0597', 'AL', '50297', 'C'),
	('SIGIPAE', 53, '0597', 'AL', '44158', 'C'),
	('SIGIPAE', 1263, '0597', 'FI', '44158', 'C'),
	('SIGIPAE', 1382, '0597', 'PRI', '44158', 'C'),
	('SIGIPAE', 735, '0597', 'EI', '50092', 'C'),
	('SIGIPAE', 542, '0597', 'PT', '50094', 'C'),
	('SIGIPAE', 1361, '0597', 'FI', '50094', 'C'),
	('SIGIPAE', 544, '0597', 'PR2', '50095', 'C'),
	('SIGIPAE', 545, '0597', 'FI', '50095', 'C'),
	('SIGIPAE', 546, '0597', 'FI', '50095', 'C'),
	('SIGIPAE', 624, '0597', 'FI', '50095', 'C'),
	('SIGIPAE', 19, '0597', 'EF', '44050', 'C'),
	('SIGIPAE', 20, '0597', 'FI', '44050', 'C'),
	('SIGIPAE', 22, '0597', 'PT', '44050', 'C'),
	('SIGIPAE', 1347, '0597', 'FI', '44050', 'C'),
	('SIGIPAE', 285, '0597', 'EF', '22017', 'C'),
	('SIGIPAE', 286, '0597', 'MU', '22017', 'C'),
	('SIGIPAE', 1434, '0597', 'FI', '22017', 'C'),
	('SIGIPAE', 287, '0597', 'FI', '22021', 'C'),
	('SIGIPAE', 289, '0597', 'PRI', '22021', 'C'),
	('SIGIPAE', 622, '0597', 'EI', '50209', 'C'),
	('SIGIPAE', 630, '0597', 'PT', '50209', 'C'),
	('SIGIPAE', 636, '0597', 'EF', '50209', 'C'),
	('SIGIPAE', 35, '0597', 'EI', '44122', 'C'),
	('SIGIPAE', 36, '0597', 'MU', '44122', 'C'),
	('SIGIPAE', 1366, '0597', 'PRI', '44122', 'C'),
	('SIGIPAE', 1367, '0597', 'PT', '44122', 'C'),
	('SIGIPAE', 304, '0597', 'AL', '22061', 'C'),
	('SIGIPAE', 305, '0597', 'AL', '22061', 'C'),
	('SIGIPAE', 307, '0597', 'MU', '22061', 'C'),
	('SIGIPAE', 1253, '0597', 'PRI', '22061', 'C'),
	('SIGIPAE', 1254, '0597', 'PRI', '22061', 'C'),
	('SIGIPAE', 1255, '0597', 'EF', '22061', 'C'),
	('SIGIPAE', 290, '0597', 'AL', '22039', 'C'),
	('SIGIPAE', 93, '0597', 'EF', '44246', 'C'),
	('SIGIPAE', 94, '0597', 'FI', '44246', 'C'),
	('SIGIPAE', 95, '0597', 'FI', '44246', 'C'),
	('SIGIPAE', 1436, '0597', 'MU', '44246', 'C'),
	('SIGIPAE', 37, '0597', 'AL', '44145', 'C'),
	('SIGIPAE', 38, '0597', 'PRI', '44145', 'C'),
	('SIGIPAE', 39, '0597', 'AL', '44153', 'C'),
	('SIGIPAE', 40, '0597', 'EF', '44153', 'C'),
	('SIGIPAE', 41, '0597', 'EI', '44153', 'C'),
	('SIGIPAE', 42, '0597', 'EI', '44153', 'C'),
	('SIGIPAE', 43, '0597', 'FI', '44153', 'C'),
	('SIGIPAE', 46, '0597', 'PRI', '44153', 'C'),
	('SIGIPAE', 47, '0597', 'EF', '44155', 'C'),
	('SIGIPAE', 48, '0597', 'EF', '44155', 'C'),
	('SIGIPAE', 49, '0597', 'EI', '44155', 'C'),
	('SIGIPAE', 50, '0597', 'FF', '44155', 'C'),
	('SIGIPAE', 52, '0597', 'PT', '44155', 'C'),
	('SIGIPAE', 778, '0597', 'MU', '50264', 'C'),
	('SIGIPAE', 23, '0597', 'EF', '44051', 'C'),
	('SIGIPAE', 24, '0597', 'EI', '44051', 'C'),
	('SIGIPAE', 25, '0597', 'FI', '44051', 'C'),
	('SIGIPAE', 780, '0597', 'MU', '50268', 'C'),
	('SIGIPAE', 826, '0597', 'EI', '50152', 'C'),
	('SIGIPAE', 827, '0597', 'EI', '50152', 'C'),
	('SIGIPAE', 828, '0597', 'EI', '50152', 'C'),
	('SIGIPAE', 829, '0597', 'PRI', '50152', 'C'),
	('SIGIPAE', 830, '0597', 'EF', '50152', 'C'),
	('SIGIPAE', 831, '0597', 'FC', '50152', 'C'),
	('SIGIPAE', 1391, '0597', 'PT', '50152', 'C'),
	('SIGIPAE', 837, '0597', 'EI', '50160', 'C'),
	('SIGIPAE', 838, '0597', 'PRI', '50160', 'C'),
	('SIGIPAE', 839, '0597', 'EF', '50160', 'C'),
	('SIGIPAE', 1393, '0597', 'PRI', '50160', 'C'),
	('SIGIPAE', 617, '0597', 'EF', '50204', 'C'),
	('SIGIPAE', 1398, '0597', 'EI', '50204', 'C'),
	('SIGIPAE', 938, '0597', 'PRI', '50297', 'C'),
	('SIGIPAE', 939, '0597', 'MU', '50297', 'C'),
	('SIGIPAE', 940, '0597', 'FI', '50297', 'C'),
	('SIGIPAE', 941, '0597', 'FI', '50297', 'C'),
	('SIGIPAE', 330, '0597', 'AL', '22112', 'C'),
	('SIGIPAE', 331, '0597', 'EF', '22112', 'C'),
	('SIGIPAE', 332, '0597', 'EI', '22112', 'C'),
	('SIGIPAE', 333, '0597', 'FC', '22112', 'C'),
	('SIGIPAE', 334, '0597', 'FC', '22112', 'C'),
	('SIGIPAE', 335, '0597', 'FC', '22112', 'C'),
	('SIGIPAE', 336, '0597', 'FC', '22112', 'C'),
	('SIGIPAE', 337, '0597', 'FC', '22112', 'C'),
	('SIGIPAE', 338, '0597', 'FI', '22112', 'C'),
	('SIGIPAE', 339, '0597', 'FI', '22112', 'C'),
	('SIGIPAE', 340, '0597', 'MU', '22112', 'C'),
	('SIGIPAE', 341, '0597', 'PRI', '22112', 'C'),
	('SIGIPAE', 342, '0597', 'PT', '22112', 'C'),
	('SIGIPAE', 343, '0597', 'PT', '22112', 'C'),
	('SIGIPAE', 1258, '0597', 'PRI', '22112', 'C'),
	('SIGIPAE', 1438, '0597', 'PRI', '22112', 'C'),
	('SIGIPAE', 344, '0597', 'EF', '22112', 'C'),
	('SIGIPAE', 345, '0597', 'EF', '22112', 'C'),
	('SIGIPAE', 346, '0597', 'EI', '22112', 'C'),
	('SIGIPAE', 347, '0597', 'EI', '22112', 'C'),
	('SIGIPAE', 348, '0597', 'EI', '22112', 'C'),
	('SIGIPAE', 349, '0597', 'EI', '22112', 'C'),
	('SIGIPAE', 350, '0597', 'FC', '22112', 'C'),
	('SIGIPAE', 351, '0597', 'FC', '22112', 'C'),
	('SIGIPAE', 352, '0597', 'FI', '22112', 'C'),
	('SIGIPAE', 353, '0597', 'FI', '22112', 'C'),
	('SIGIPAE', 354, '0597', 'FI', '22112', 'C'),
	('SIGIPAE', 355, '0597', 'MU', '22112', 'C'),
	('SIGIPAE', 356, '0597', 'MU', '22112', 'C'),
	('SIGIPAE', 357, '0597', 'PRI', '22112', 'C'),
	('SIGIPAE', 358, '0597', 'PRI', '22112', 'C'),
	('SIGIPAE', 359, '0597', 'PRI', '22112', 'C'),
	('SIGIPAE', 360, '0597', 'PR2', '22112', 'C'),
	('SIGIPAE', 361, '0597', 'PT', '22112', 'C'),
	('SIGIPAE', 362, '0597', 'PT', '22112', 'C'),
	('SIGIPAE', 1259, '0597', 'PR2', '22112', 'C'),
	('SIGIPAE', 1260, '0597', 'PRI', '22112', 'C'),
	('SIGIPAE', 363, '0597', 'FI', '22112', 'C'),
	('SIGIPAE', 185, '0597', 'FI', '44071', 'C'),
	('SIGIPAE', 364, '0597', 'PT', '22112', 'C'),
	('SIGIPAE', 1461, '0597', 'PT', '22112', 'C'),
	('SIGIPAE', 1462, '0597', 'PT', '22112', 'C'),
	('SIGIPAE', 385, '0597', 'EI', '22125', 'C'),
	('SIGIPAE', 387, '0597', 'PT', '22125', 'C'),
	('SIGIPAE', 389, '0597', 'EI', '22125', 'C'),
	('SIGIPAE', 393, '0597', 'FI', '22125', 'C'),
	('SIGIPAE', 394, '0597', 'MU', '22125', 'C'),
	('SIGIPAE', 395, '0597', 'PR2', '22125', 'C'),
	('SIGIPAE', 396, '0597', 'PR2', '22125', 'C'),
	('SIGIPAE', 397, '0597', 'PT', '22125', 'C'),
	('SIGIPAE', 368, '0597', 'AL', '22113', 'C'),
	('SIGIPAE', 369, '0597', 'EI', '22113', 'C'),
	('SIGIPAE', 370, '0597', 'FI', '22113', 'C'),
	('SIGIPAE', 1264, '0597', 'PT', '50025', 'C'),
	('SIGIPAE', 1265, '0597', 'PRI', '50025', 'C'),
	('SIGIPAE', 570, '0597', 'MU', '50175', 'C'),
	('SIGIPAE', 571, '0597', 'FI', '50175', 'C'),
	('SIGIPAE', 415, '0597', 'FI', '22905', 'C'),
	('SIGIPAE', 1456, '0597', 'PT', '22125', 'C'),
	('SIGIPAE', 1457, '0597', 'PT', '22125', 'C'),
	('SIGIPAE', 1454, '0597', 'PT', '22125', 'C'),
	('SIGIPAE', 1464, '0597', 'AL', '22125', 'C'),
	('SIGIPAE', 401, '0597', 'PRI', '22125', 'C'),
	('SIGIPAE', 403, '0597', 'PRI', '22125', 'C'),
	('SIGIPAE', 425, '0597', 'EI', '22165', 'C'),
	('SIGIPAE', 426, '0597', 'PT', '22165', 'C'),
	('SIGIPAE', 1404, '0597', 'PT', '44216', 'C'),
	('SIGIPAE', 79, '0597', 'AL', '44216', 'C'),
	('SIGIPAE', 80, '0597', 'AL', '44216', 'C'),
	('SIGIPAE', 81, '0597', 'MU', '44216', 'C'),
	('SIGIPAE', 83, '0597', 'PT', '44216', 'C'),
	('SIGIPAE', 84, '0597', 'PT', '44216', 'C'),
	('SIGIPAE', 1294, '0597', 'AL', '44216', 'C'),
	('SIGIPAE', 87, '0597', 'MU', '44216', 'C'),
	('SIGIPAE', 62, '0597', 'AL', '44216', 'C'),
	('SIGIPAE', 65, '0597', 'MU', '44216', 'C'),
	('SIGIPAE', 66, '0597', 'PR1', '44216', 'C'),
	('SIGIPAE', 67, '0597', 'EF', '44216', 'C'),
	('SIGIPAE', 69, '0597', 'EI', '44216', 'C'),
	('SIGIPAE', 71, '0597', 'MU', '44216', 'C'),
	('SIGIPAE', 75, '0597', 'FF', '44216', 'C'),
	('SIGIPAE', 54, '0597', 'FI', '44182', 'C'),
	('SIGIPAE', 55, '0597', 'FI', '44182', 'C'),
	('SIGIPAE', 56, '0597', 'MU', '44182', 'C'),
	('SIGIPAE', 58, '0597', 'PT', '44182', 'C'),
	('SIGIPAE', 1389, '0597', 'EF', '44182', 'C'),
	('SIGIPAE', 814, '0597', 'FI', '50288', 'C'),
	('SIGIPAE', 818, '0597', 'EF', '50292', 'C'),
	('SIGIPAE', 1322, '0597', 'FI', '50292', 'C'),
	('SIGIPAE', 416, '0597', 'AL', '22158', 'C'),
	('SIGIPAE', 417, '0597', 'EI2', '22158', 'C'),
	('SIGIPAE', 1302, '0597', 'PR2', '22158', 'C'),
	('SIGIPAE', 1465, '0597', 'PT', '22158', 'C'),
	('SIGIPAE', 441, '0597', 'PRI', '22213', 'C'),
	('SIGIPAE', 442, '0597', 'PRI', '22213', 'C'),
	('SIGIPAE', 1437, '0597', 'AL', '22213', 'C'),
	('SIGIPAE', 1459, '0597', 'AL', '22112', 'C'),
	('SIGIPAE', 1460, '0597', 'PT', '22112', 'C'),
	('SIGIPAE', 478, '0597', 'EF', '22048', 'C'),
	('SIGIPAE', 479, '0597', 'EI', '22048', 'C'),
	('SIGIPAE', 481, '0597', 'FI', '22048', 'C'),
	('SIGIPAE', 482, '0597', 'MU', '22048', 'C'),
	('SIGIPAE', 444, '0597', 'MU', '22217', 'C'),
	('SIGIPAE', 1323, '0597', 'AL', '22217', 'C'),
	('SIGIPAE', 495, '0597', 'EI', '22125', 'C'),
	('SIGIPAE', 497, '0597', 'PRI', '22125', 'C'),
	('SIGIPAE', 450, '0597', 'AL', '22250', 'C'),
	('SIGIPAE', 1326, '0597', 'MU', '22250', 'C'),
	('SIGIPAE', 451, '0597', 'FI', '22251', 'C'),
	('SIGIPAE', 789, '0597', 'EI', '50272', 'C'),
	('SIGIPAE', 790, '0597', 'PR2', '50272', 'C'),
	('SIGIPAE', 792, '0597', 'FI', '50272', 'C'),
	('SIGIPAE', 1412, '0597', 'MU', '50272', 'C'),
	('SIGIPAE', 1415, '0597', 'PT', '50272', 'C'),
	('SIGIPAE', 713, '0597', 'EI', '50240', 'C'),
	('SIGIPAE', 718, '0597', 'PRI', '50240', 'C'),
	('SIGIPAE', 722, '0597', 'PT', '50240', 'C'),
	('SIGIPAE', 1405, '0597', 'EI', '50240', 'C'),
	('SIGIPAE', 1406, '0597', 'MU', '50240', 'C'),
	('SIGIPAE', 124, '0597', 'PRI', '44238', 'C'),
	('SIGIPAE', 125, '0597', 'EF', '44025', 'C'),
	('SIGIPAE', 1342, '0597', 'MU', '44025', 'C'),
	('SIGIPAE', 1343, '0597', 'AL', '44025', 'C'),
	('SIGIPAE', 258, '0597', 'FI', '44025', 'C'),
	('SIGIPAE', 259, '0597', 'FI', '44025', 'C'),
	('SIGIPAE', 1408, '0597', 'EI', '50252', 'C'),
	('SIGIPAE', 1409, '0597', 'FI', '50252', 'C'),
	('SIGIPAE', 1410, '0597', 'MU', '50252', 'C'),
	('SIGIPAE', 697, '0597', 'FI', '50297', 'C'),
	('SIGIPAE', 699, '0597', 'FI', '50297', 'C'),
	('SIGIPAE', 702, '0597', 'FI', '50297', 'C'),
	('SIGIPAE', 262, '0597', 'FF', '44013', 'C'),
	('SIGIPAE', 263, '0597', 'FI', '44013', 'C'),
	('SIGIPAE', 264, '0597', 'PRI', '44013', 'C'),
	('SIGIPAE', 795, '0597', 'PR2', '50272', 'C'),
	('SIGIPAE', 797, '0597', 'PR2', '50272', 'C'),
	('SIGIPAE', 799, '0597', 'FI', '50272', 'C'),
	('SIGIPAE', 800, '0597', 'FI', '50272', 'C'),
	('SIGIPAE', 802, '0597', 'FI', '50272', 'C'),
	('SIGIPAE', 804, '0597', 'FI', '50272', 'C'),
	('SIGIPAE', 805, '0597', 'FI', '50272', 'C'),
	('SIGIPAE', 806, '0597', 'FF', '50272', 'C'),
	('SIGIPAE', 885, '0597', 'PT', '50297', 'C'),
	('SIGIPAE', 891, '0597', 'AL', '50297', 'C'),
	('SIGIPAE', 1011, '0597', 'FF', '50297', 'C'),
	('SIGIPAE', 1012, '0597', 'FF', '50297', 'C'),
	('SIGIPAE', 1013, '0597', 'FF', '50297', 'C'),
	('SIGIPAE', 1014, '0597', 'FI', '50297', 'C'),
	('SIGIPAE', 1015, '0597', 'AL', '50297', 'C'),
	('SIGIPAE', 446, '0597', 'EI', '22225', 'C'),
	('SIGIPAE', 447, '0597', 'FC', '22225', 'C'),
	('SIGIPAE', 448, '0597', 'MU', '22225', 'C'),
	('SIGIPAE', 1423, '0597', 'FI', '22225', 'C'),
	('SIGIPAE', 1466, '0597', 'PT', '22213', 'C'),
	('SIGIPAE', 489, '0597', 'PT', '22158', 'C'),
	('SIGIPAE', 490, '0597', 'PT', '22158', 'C'),
	('SIGIPAE', 491, '0597', 'PT', '22158', 'C'),
	('SIGIPAE', 492, '0597', 'PT', '22158', 'C'),
	('SIGIPAE', 1424, '0597', 'EF', '22158', 'C'),
	('SIGIPAE', 453, '0597', 'AL', '22254', 'C'),
	('SIGIPAE', 454, '0597', 'FC', '22254', 'C'),
	('SIGIPAE', 455, '0597', 'FC', '22254', 'C'),
	('SIGIPAE', 456, '0597', 'FI', '22254', 'C'),
	('SIGIPAE', 457, '0597', 'FI', '22254', 'C'),
	('SIGIPAE', 458, '0597', 'MU', '22254', 'C'),
	('SIGIPAE', 461, '0597', 'EI', '22125', 'C'),
	('SIGIPAE', 501, '0597', 'FI', '22066', 'C'),
	('SIGIPAE', 502, '0597', 'FF', '22199', 'C'),
	('SIGIPAE', 1341, '0597', 'PRI', '22213', 'C'),
	('SIGIPAE', 503, '0597', 'MU', '22009', 'C'),
	('SIGIPAE', 504, '0597', 'PRI', '22009', 'C'),
	('SIGIPAE', 505, '0597', 'EI', '22172', 'C'),
	('SIGIPAE', 506, '0597', 'FI', '22172', 'C'),
	('SIGIPAE', 507, '0597', 'MU', '22172', 'C'),
	('SIGIPAE', 508, '0597', 'PT', '22172', 'C'),
	('SIGIPAE', 509, '0597', 'AL', '22174', 'C'),
	('SIGIPAE', 512, '0597', 'FI', '22080', 'C'),
	('SIGIPAE', 513, '0597', 'FI', '22080', 'C'),
	('SIGIPAE', 514, '0597', 'FI', '22080', 'C'),
	('SIGIPAE', 515, '0597', 'MU', '22080', 'C'),
	('SIGIPAE', 1083, '0597', 'EI', '50297', 'C'),
	('SIGIPAE', 1084, '0597', 'EI', '50297', 'C'),
	('SIGIPAE', 1085, '0597', 'EI', '50297', 'C'),
	('SIGIPAE', 1086, '0597', 'EI', '50297', 'C'),
	('SIGIPAE', 1089, '0597', 'FI', '50297', 'C'),
	('SIGIPAE', 1090, '0597', 'FI', '50297', 'C'),
	('SIGIPAE', 1091, '0597', 'EF2', '50297', 'C'),
	('SIGIPAE', 1092, '0597', 'MU2', '50297', 'C'),
	('SIGIPAE', 1093, '0597', 'FI', '50297', 'C'),
	('SIGIPAE', 1094, '0597', 'FI', '50297', 'C'),
	('SIGIPAE', 1095, '0597', 'FI', '50297', 'C'),
	('SIGIPAE', 1096, '0597', 'AL', '50297', 'C'),
	('SIGIPAE', 10, '0597', 'FI', '44014', 'C'),
	('SIGIPAE', 11, '0597', 'MU', '44014', 'C'),
	('SIGIPAE', 261, '0597', 'FI', '44013', 'C'),
	('SIGIPAE', 1309, '0597', 'FI', '44013', 'C'),
	('SIGIPAE', 541, '0597', 'EI', '50008', 'C'),
	('SIGIPAE', 548, '0597', 'FI', '50008', 'C'),
	('SIGIPAE', 552, '0597', 'PT', '50008', 'C'),
	('SIGIPAE', 553, '0597', 'FI', '50008', 'C'),
	('SIGIPAE', 1348, '0597', 'EI', '50008', 'C'),
	('SIGIPAE', 1210, '0597', 'EF', '22054', 'C'),
	('SIGIPAE', 1211, '0597', 'EI', '22054', 'C'),
	('SIGIPAE', 1212, '0597', 'EI', '22054', 'C'),
	('SIGIPAE', 1213, '0597', 'EI', '22054', 'C'),
	('SIGIPAE', 1214, '0597', 'FI', '22054', 'C'),
	('SIGIPAE', 1215, '0597', 'FI', '22054', 'C'),
	('SIGIPAE', 1216, '0597', 'MU', '22054', 'C'),
	('SIGIPAE', 1217, '0597', 'PT', '22054', 'C'),
	('SIGIPAE', 1251, '0597', 'EI', '22054', 'C'),
	('SIGIPAE', 27, '0597', 'AL', '44076', 'C'),
	('SIGIPAE', 28, '0597', 'EF', '44076', 'C'),
	('SIGIPAE', 435, '0597', 'FI', '22199', 'C'),
	('SIGIPAE', 436, '0597', 'PRI', '22199', 'C'),
	('SIGIPAE', 437, '0597', 'PT', '22199', 'C'),
	('SIGIPAE', 438, '0597', 'PT', '22199', 'C'),
	('SIGIPAE', 439, '0597', 'FF', '22199', 'C'),
	('SIGIPAE', 1422, '0597', 'PRI', '22199', 'C'),
	('SIGIPAE', 758, '0597', 'FI', '50251', 'C'),
	('SIGIPAE', 760, '0597', 'EF', '50251', 'C'),
	('SIGIPAE', 641, '0597', 'FI', '50219', 'C'),
	('SIGIPAE', 647, '0597', 'FI', '50219', 'C'),
	('SIGIPAE', 657, '0597', 'FF', '50219', 'C'),
	('SIGIPAE', 662, '0597', 'EF', '50219', 'C'),
	('SIGIPAE', 674, '0597', 'FI', '50222', 'C'),
	('SIGIPAE', 678, '0597', 'FF', '50222', 'C'),
	('SIGIPAE', 683, '0597', 'AL', '50222', 'C'),
	('SIGIPAE', 764, '0597', 'EI', '50262', 'C'),
	('SIGIPAE', 772, '0597', 'EI', '50262', 'C'),
	('SIGIPAE', 777, '0597', 'FI', '50262', 'C'),
	('SIGIPAE', 903, '0597', 'EF', '50297', 'C'),
	('SIGIPAE', 911, '0597', 'AL', '50297', 'C'),
	('SIGIPAE', 1002, '0597', 'EI2', '50297', 'C'),
	('SIGIPAE', 1003, '0597', 'FI', '50297', 'C'),
	('SIGIPAE', 563, '0597', 'PRI', '50297', 'C'),
	('SIGIPAE', 565, '0597', 'PT', '50297', 'C'),
	('SIGIPAE', 566, '0597', 'FI', '50297', 'C'),
	('SIGIPAE', 568, '0597', 'PT', '50297', 'C'),
	('SIGIPAE', 579, '0597', 'PRI', '50297', 'C'),
	('SIGIPAE', 581, '0597', 'FI', '50297', 'C'),
	('SIGIPAE', 576, '0597', 'EI', '50297', 'C'),
	('SIGIPAE', 1290, '0597', 'PRI', '50297', 'C'),
	('SIGIPAE', 619, '0597', 'MU', '50297', 'C'),
	('SIGIPAE', 694, '0597', 'FI', '50297', 'C'),
	('SIGIPAE', 915, '0597', 'EI', '50297', 'C'),
	('SIGIPAE', 916, '0597', 'EF', '50297', 'C'),
	('SIGIPAE', 918, '0597', 'PT', '50297', 'C'),
	('SIGIPAE', 1067, '0597', 'EI', '50297', 'C'),
	('SIGIPAE', 927, '0597', 'AL', '50297', 'C'),
	('SIGIPAE', 953, '0597', 'PT', '50297', 'C'),
	('SIGIPAE', 875, '0597', 'PR2', '50297', 'C'),
	('SIGIPAE', 878, '0597', 'FI', '50297', 'C'),
	('SIGIPAE', 883, '0597', 'MU', '50297', 'C'),
	('SIGIPAE', 886, '0597', 'AL', '50297', 'C'),
	('SIGIPAE', 887, '0597', 'PT', '50297', 'C'),
	('SIGIPAE', 888, '0597', 'PT', '50297', 'C'),
	('SIGIPAE', 1435, '0597', 'FI', '50297', 'C'),
	('SIGIPAE', 186, '0597', 'FI', '44071', 'C'),
	('SIGIPAE', 187, '0597', 'MU', '44071', 'C'),
	('SIGIPAE', 188, '0597', 'PRI', '44071', 'C'),
	('SIGIPAE', 1244, '0597', 'EI', '44071', 'C'),
	('SIGIPAE', 189, '0597', 'AL', '44108', 'C'),
	('SIGIPAE', 190, '0597', 'EI', '44108', 'C'),
	('SIGIPAE', 191, '0597', 'EI', '44108', 'C'),
	('SIGIPAE', 192, '0597', 'EI', '44108', 'C'),
	('SIGIPAE', 193, '0597', 'FC', '44108', 'C'),
	('SIGIPAE', 194, '0597', 'FI', '44108', 'C'),
	('SIGIPAE', 195, '0597', 'EI', '44179', 'C'),
	('SIGIPAE', 196, '0597', 'FC', '44179', 'C'),
	('SIGIPAE', 197, '0597', 'FI', '44179', 'C'),
	('SIGIPAE', 198, '0597', 'FI', '44179', 'C'),
	('SIGIPAE', 199, '0597', 'FI', '44179', 'C'),
	('SIGIPAE', 1444, '0597', 'EF', '44179', 'C'),
	('SIGIPAE', 200, '0597', 'EF', '44144', 'C'),
	('SIGIPAE', 201, '0597', 'EF', '44144', 'C'),
	('SIGIPAE', 202, '0597', 'FI', '44144', 'C'),
	('SIGIPAE', 203, '0597', 'FI', '44144', 'C'),
	('SIGIPAE', 204, '0597', 'PRI', '44144', 'C'),
	('SIGIPAE', 205, '0597', 'PT', '44144', 'C'),
	('SIGIPAE', 206, '0597', 'EF', '44161', 'C'),
	('SIGIPAE', 207, '0597', 'EF', '44161', 'C'),
	('SIGIPAE', 208, '0597', 'EI', '44161', 'C'),
	('SIGIPAE', 209, '0597', 'FI', '44161', 'C'),
	('SIGIPAE', 210, '0597', 'MU', '44161', 'C'),
	('SIGIPAE', 211, '0597', 'PRI', '44161', 'C'),
	('SIGIPAE', 691, '0597', 'PRI', '50102', 'C'),
	('SIGIPAE', 692, '0597', 'FI', '50102', 'C'),
	('SIGIPAE', 695, '0597', 'FI', '50102', 'C'),
	('SIGIPAE', 698, '0597', 'EF', '50102', 'C'),
	('SIGIPAE', 213, '0597', 'PRI', '44161', 'C'),
	('SIGIPAE', 214, '0597', 'PT', '44161', 'C'),
	('SIGIPAE', 1307, '0597', 'PRI', '44161', 'C'),
	('SIGIPAE', 215, '0597', 'AL', '44201', 'C'),
	('SIGIPAE', 217, '0597', 'EF', '44201', 'C'),
	('SIGIPAE', 218, '0597', 'EF', '44201', 'C'),
	('SIGIPAE', 1392, '0597', 'EI', '44201', 'C'),
	('SIGIPAE', 219, '0597', 'AL', '44009', 'C'),
	('SIGIPAE', 220, '0597', 'EF', '44009', 'C'),
	('SIGIPAE', 221, '0597', 'EI', '44009', 'C'),
	('SIGIPAE', 224, '0597', 'MU', '44009', 'C'),
	('SIGIPAE', 225, '0597', 'PT', '44009', 'C'),
	('SIGIPAE', 1237, '0597', 'FI', '44009', 'C'),
	('SIGIPAE', 1238, '0597', 'FI', '44009', 'C'),
	('SIGIPAE', 226, '0597', 'AL', '44191', 'C'),
	('SIGIPAE', 227, '0597', 'EF', '44191', 'C'),
	('SIGIPAE', 228, '0597', 'EI', '44191', 'C'),
	('SIGIPAE', 229, '0597', 'EI', '44191', 'C'),
	('SIGIPAE', 230, '0597', 'EI', '44191', 'C'),
	('SIGIPAE', 231, '0597', 'EI', '44191', 'C'),
	('SIGIPAE', 1390, '0597', 'PRI', '44191', 'C');
/*!40000 ALTER TABLE `sigi_vac` ENABLE KEYS */;



-- Volcando estructura para vista serviciosmicarpetasigi.vconsultasituacionlistas


-- Volcando estructura para vista serviciosmicarpetasigi.sigiv_vac_int
-- Eliminando tabla temporal y crear estructura final de VIEW
CREATE  VIEW `sigiv_vac_int` AS select c.tipo_id, c.dni, c.cod_opc,c.cod_col, c.l_med, c.cod_mun, e.cod_cue, e.cod_esp, 
v.num_vac, v.cod_mun_vac, v.cod_tip_dur from sigi_can_pre_ae c, sigi_esp_can_pre_ae e, sigi_vac v
where c.tipo_id = e.TIPO_ID and c.dni = e.DNI
and v.COD_OPC = e.cod_opc and v.COD_CUE = e.COD_CUE 
and v.COD_ESP = e.cod_esp ;


-- Volcando estructura para vista serviciosmicarpetasigi.vactosactivos
-- Eliminando tabla temporal y crear estructura final de VIEW
CREATE VIEW `vactosactivos` AS SELECT cod_opc, tex_opc, o.cod_tip_ae, o.f_con_ae  from sigi_opc o where cod_opc in ('SIGISAE','SIGIPAE') ;


-- Volcando estructura para vista serviciosmicarpetasigi.vconsultasituacionlistas
-- Eliminando tabla temporal y crear estructura final de VIEW
DROP TABLE IF EXISTS `vconsultasituacionlistas`;
CREATE  VIEW `vconsultasituacionlistas` AS select cod_opc, tex_opc from sigi_opc where cod_opc in ('SIGISSP','SIGIPSP') ;


-- Volcando estructura para vista serviciosmicarpetasigi.vsolicitudesactos
-- Eliminando tabla temporal y crear estructura final de VIEW
CREATE  VIEW `vsolicitudesactos` AS SELECT s.cod_opc, s.tipo_id, s.dni, s.cod_sol, o.tex_opc, 'grabada correctamente' estado
FROM sigi_sol s, sigi_opc o
WHERE o.cod_opc IN ('SIGISAE','SIGIPAE') AND
s.COD_OPC = o.cod_opc ;
/*!40101 SET SQL_MODE=IFNULL(@OLD_SQL_MODE, '') */;
/*!40014 SET FOREIGN_KEY_CHECKS=IF(@OLD_FOREIGN_KEY_CHECKS IS NULL, 1, @OLD_FOREIGN_KEY_CHECKS) */;
/*!40101 SET CHARACTER_SET_CLIENT=@OLD_CHARACTER_SET_CLIENT */;
