-- --------------------------------------------------------
-- Host:                         127.0.0.1
-- Versión del servidor:         5.6.23 - MySQL Community Server (GPL)
-- SO del servidor:              Win32
-- HeidiSQL Versión:             9.1.0.4867
-- --------------------------------------------------------

/*!40101 SET @OLD_CHARACTER_SET_CLIENT=@@CHARACTER_SET_CLIENT */;
/*!40101 SET NAMES utf8mb4 */;
/*!40014 SET @OLD_FOREIGN_KEY_CHECKS=@@FOREIGN_KEY_CHECKS, FOREIGN_KEY_CHECKS=0 */;
/*!40101 SET @OLD_SQL_MODE=@@SQL_MODE, SQL_MODE='NO_AUTO_VALUE_ON_ZERO' */;

-- Volcando estructura de base de datos para serviciosmicarpetasigi
CREATE DATABASE IF NOT EXISTS `serviciosmicarpetasigi` /*!40100 DEFAULT CHARACTER SET utf8 */;
USE `serviciosmicarpetasigi`;


-- Volcando estructura para tabla serviciosmicarpetasigi.sigi_can_pre_ae
CREATE TABLE IF NOT EXISTS `sigi_can_pre_ae` (
  `tipo_id` varchar(1) NOT NULL,
  `dni` varchar(15) NOT NULL,
  `cod_opc` varchar(7) NOT NULL,
  `cod_col` varchar(1) NOT NULL,
  `l_med` varchar(1) DEFAULT NULL,
  `cod_mun` varchar(9) DEFAULT NULL,
  PRIMARY KEY (`tipo_id`,`dni`,`cod_opc`)
) ENGINE=InnoDB DEFAULT CHARSET=utf8;

-- Volcando datos para la tabla serviciosmicarpetasigi.sigi_can_pre_ae: ~3 rows (aproximadamente)
/*!40000 ALTER TABLE `sigi_can_pre_ae` DISABLE KEYS */;
INSERT INTO `sigi_can_pre_ae` (`tipo_id`, `dni`, `cod_opc`, `cod_col`, `l_med`, `cod_mun`) VALUES
	('D', '00000001R', 'SIGIPAE', '0', 'N', NULL),
	('D', '00000001R', 'SIGISAE', '0', 'N', NULL),
	('D', '00000006Y', 'SIGISAE', '0', 'N', NULL);
/*!40000 ALTER TABLE `sigi_can_pre_ae` ENABLE KEYS */;


-- Volcando estructura para tabla serviciosmicarpetasigi.sigi_cen
CREATE TABLE IF NOT EXISTS `sigi_cen` (
  `COD_CEN` varchar(8) NOT NULL,
  `DES_CEN` varchar(200) DEFAULT NULL,
  `LAT` varchar(20) DEFAULT NULL,
  `LON` varchar(20) DEFAULT NULL,
  `TIP_CEN` varchar(20) DEFAULT NULL,
  `LOCALIDAD` varchar(200) DEFAULT NULL,
  PRIMARY KEY (`COD_CEN`)
) ENGINE=InnoDB DEFAULT CHARSET=utf8 COMMENT='los centros de las vacantes ofertadas';

-- Volcando datos para la tabla serviciosmicarpetasigi.sigi_cen: ~1.040 rows (aproximadamente)
/*!40000 ALTER TABLE `sigi_cen` DISABLE KEYS */;
INSERT INTO `sigi_cen` (`COD_CEN`, `DES_CEN`, `LAT`, `LON`, `TIP_CEN`, `LOCALIDAD`) VALUES
	('22000056', 'VERO-ALCANADRE', '42.14263', '-0.012977', 'CRA', 'ADAHUESCA '),
	('22000071', 'ASUNCIÓN PAÑART MONTANER', '42.410648', '0.137857', 'CEIP', 'AINSA '),
	('22000251', 'JOSÉ MANUEL BLECUA', '41.721375', '0.110047', 'CEIP', 'ALCOLEA DE CINCA'),
	('22000299', 'SANTOS SAMPER SARASA', '42.041148', '-0.583917', 'CEIP', 'ALMUDEVAR '),
	('22000585', 'RAMÓN Y CAJAL', '42.276135', '-0.688251', 'CEIP', 'AYERBE'),
	('22000706', 'FRANCISCO GALIAY SARAÑANA', '41.619207', '0.192458', 'CEIP', 'BALLOBAR'),
	('22000721', 'ALTO ARAGÓN', '42.032941', '0.131694', 'CEIP', 'BARBASTRO '),
	('22000731', 'LA MERCED', '42.032985', '0.121554', 'CEIP', 'BARBASTRO '),
	('22000767', 'SAN VICENTE DE PAÚL', '42.033204', '0.119075', NULL, NULL),
	('22000779', 'SAN JOSÉ DE CALASANZ', '42.036629', '0.123766', NULL, NULL),
	('22000809', 'HERMANOS ARGENSOLA', '42.032941', '0.131694', 'IES', 'BARBASTRO '),
	('22001073', 'VÍCTOR MENDOZA MENDOZA', '41.842911', '0.298658', 'CEIP', 'BINEFA'),
	('22001085', 'VIRGEN DEL ROMERAL', '41.850232', '0.296405', NULL, NULL),
	('22001191', 'VIRGEN DE LA SOLEDAD', '42.303222', '-0.578261', 'CEIP', 'BOLEA '),
	('22001218', 'DE BOLTAÑA', '42.44128', '0.076188', 'EH', 'BOLTAÑ'),
	('22001243', 'ALTO ARA', '42.603453', '-0.121629', 'CRA', 'BROTO '),
	('22001358', 'CERBÍN', '42.409732', '0.397483', 'CEIP', 'CAMPO '),
	('22001437', 'LOS ARAÑONES', '42.748834', '-0.515198', 'CEIP', 'CANFRANC-ESTACION '),
	('22001656', 'RAMÓN J. SENDER', '41.663786', '0.162956', 'CEIP', 'CHALAMERA '),
	('22001875', 'MIGUEL SERVET', '41.519164', '0.350948', 'CEIP', 'FRAGA '),
	('22001887', 'SAN JOSÉ DE CALASANZ', '41.523043', '0.341532', 'CEIP', 'FRAGA '),
	('22001899', 'SANTA ANA', '41.526943', '0.33591', NULL, NULL),
	('22001905', 'LITERA', '41.522964', '0.361697', 'CEIP', 'LITERA'),
	('22001917', 'RAMÓN J. SENDER', '41.523237', '0.343389', 'IES', 'FRAGA '),
	('22002016', 'LA FUEVA', '42.36999', '0.27071', 'CEIP', 'TIERRANTON'),
	('22002119', 'SANTIAGO APÓSTOL', '41.941906', '-0.365873', 'CEIP', 'GRAÑEN'),
	('22002156', 'JOAQUÍN COSTA', '42.190799', '0.338521', 'CEIP', 'GRAUS '),
	('22002168', 'BALTASAR GRACIÁN', '42.192182', '0.347666', 'IES', 'GRAUS '),
	('22002302', 'JUAN XXIII', '42.140841', '-0.419219', 'CEIP', 'HUESCA'),
	('22002338', 'PÍO XII', '42.142132', '-0.39668', 'CEIP', 'HUESCA'),
	('22002341', 'SANCHO RAMÍREZ', '42.135555', '-0.404584', 'CEIP', 'HUESCA'),
	('22002351', 'SAN VICENTE', '42.141459', '-0.407364', 'CEIP', 'HUESCA'),
	('22002405', 'SAN JOSÉ', '42.143426', '-0.40999', NULL, NULL),
	('22002417', 'SANTA ANA', '42.139553', '-0.410684', NULL, NULL),
	('22002429', 'NTRA.SRA.DEL PILAR', '42.144496', '-0.416315', NULL, NULL),
	('22002430', 'SAN BERNARDO', '42.142304', '-0.411805', NULL, NULL),
	('22002466', 'SANTA ROSA - ALTOARAGÓN', '42.142951', '-0.414784', NULL, NULL),
	('22002478', 'SAN VIATOR', '42.140015', '-0.414192', NULL, NULL),
	('22002491', 'MONTEARAGÓN', '42.127066', '-0.399799', 'IFPE', 'HUESCA'),
	('22002508', 'RAMÓN Y CAJAL', '42.138971', '-0.416259', 'IES', 'HUESCA'),
	('22002511', 'PIRÁMIDE', '42.117397', '-0.446244', 'IES', 'HUESCA'),
	('22002521', 'SIERRA DE GUARA', '42.135781', '-0.40272', 'IES', 'HUESCA'),
	('22002569', 'ALCORAZ', '42.13049', '-0.417908', 'CEIP', 'HUESCA'),
	('22002673', 'SAN JUAN DE LA PEÑA', '42.56766', '-0.554639', 'CEIP', 'JACA'),
	('22002703', 'ESCUELAS PÍAS', '42.565103', '-0.552342', NULL, NULL),
	('22002727', 'DOMINGO MIRAL', '42.568272', '-0.552753', 'IES', 'JACA'),
	('22002739', 'DE JACA', '42.577827', '-0.541154', 'EH', 'JACA'),
	('22002740', 'INSTITUTO DE FORMACIÓN AGROAMBIENTAL', '42.559706', '-0.787759', NULL, NULL),
	('22002843', 'MONEGROS NORTE', '41.769316', '-0.328963', 'CRA', 'LANAJA'),
	('22003100', 'SAN GINÉS', '42.200471', '-0.596492', 'CEIP', 'LUPIÑE'),
	('22003215', 'JOAQUÍN COSTA', '41.912177', '0.192884', 'CEIP', 'MONZON'),
	('22003239', 'SANTO DOMINGO SAVIO', '41.917009', '0.182704', NULL, NULL),
	('22003252', 'SANTA ANA', '41.909377', '0.187996', NULL, NULL),
	('22003276', 'MINTE', '41.914533', '0.193516', NULL, NULL),
	('22003288', 'JOSÉ MOR DE FUENTES', '41.90486', '0.185109', 'IES', 'MONZON'),
	('22003343', 'SAN GREGORIO', '41.675359', '0.088022', 'CEIP', 'ONTIÑENA'),
	('22003586', 'CINCA-CINQUETA', '42.581921', '0.295112', 'CRA', 'PLAN'),
	('22003835', 'MONTECORONA', '42.522266', '-0.366506', 'CEIP', 'SABIÑANIGO'),
	('22003847', 'PUENTE SARDAS', '42.502352', '-0.361484', 'CEIP', 'SABIÑANIGO'),
	('22003860', 'SANTA ANA', '42.519875', '-0.364329', NULL, NULL),
	('22003902', 'SAN ALBERTO MAGNO', '42.520845', '-0.363853', 'IES', 'SABIÑANIGO'),
	('22003926', 'MIGUEL SERVET', '42.554289', '-0.347181', 'CEIP', 'SENEGU'),
	('22004104', 'LA LAGUNA', '41.795022', '-0.158002', 'CEIP', 'SARIÑENA'),
	('22004189', 'ALBERTO GALINDO', '41.713852', '-0.046642', 'CEIP', 'SENA'),
	('22004271', 'SAN MIGUEL', '41.861787', '0.428686', 'CEIP', 'TAMARITE DE LITERA'),
	('22004566', 'COLLARADA', '42.680517', '-0.532894', 'CEIP', 'VILLANUA'),
	('22004578', 'MIGUEL SERVET', '41.713657', '-0.005426', 'CEIP', 'VILLANUEVA DE SIGENA'),
	('22004608', 'SAN JUAN BAUTISTA', '41.605108', '0.266822', 'CEIP', 'ZAIDIN'),
	('22004611', 'MARTÍNEZ VARGAS', '42.039791', '0.123253', 'IES', 'BARBASTRO '),
	('22004633', 'EL PARQUE', '42.138563', '-0.411667', 'CEIP', 'HUESCA'),
	('22004657', 'ALTOARAGÓN', '42.142951', '-0.414784', NULL, NULL),
	('22004773', 'LUCAS MALLADA', '42.136129', '-0.404153', 'IES', 'HUESCA'),
	('22004803', 'ALFRED', '42.138704', '-0.409686', NULL, NULL),
	('22004839', 'MONTE OROEL', '42.576042', '-0.544056', 'CEIP', 'JACA'),
	('22004840', 'ARAGÓN', '41.914316', '0.192474', 'CEIP', 'MONZON'),
	('22004888', 'BAJO CINCA', '41.525533', '0.339581', 'IES', 'FRAGA '),
	('22004891', 'BIELLO ARAGÓN', '42.502564', '-0.362015', 'IES', 'SABIÑANIGO'),
	('22004906', 'PEDRO I', '42.034424', '0.129671', 'CEIP', 'BARBASTRO '),
	('22004943', 'NTRA. SRA. DE GUAYENTE', '42.576054', '0.464818', NULL, NULL),
	('22004955', 'MIGUEL HERNÁNDEZ', '42.132775', '-0.403564', 'CPEPA', 'HUESCA'),
	('22005030', 'MONEGROS-GASPAR LAX', '41.789209', '-0.15307', 'IES', 'SARIÑENA'),
	('22005054', 'VIRGEN DE LOS RÍOS', '42.426219', '-0.664356', 'CEIP', 'CALDEARENA'),
	('22005121', 'SAN LORENZO', '42.140154', '-0.420924', 'CINTFP', 'HUESCA'),
	('22005133', 'DE HUESCA', '42.136878', '-0.418086', 'CONSPROFMUS', 'HUESCA'),
	('22005145', 'ESCUELA DE ARTE DE HUESCA', '42.140561', '-0.402039', 'EARTE', 'HUESCA'),
	('22005157', 'LA ALEGRÍA', '41.911168', '0.182848', 'CEE', 'MONZON'),
	('22005200', 'PEDRO J. RUBIO', '42.129691', '-0.408232', 'CEIP', 'HUESCA'),
	('22005212', 'DE HUESCA', '42.143603', '-0.405108', 'EOI', 'HUESCA'),
	('22005224', 'PILAR BAYONA', '42.581783', '-0.536741', NULL, NULL),
	('22005340', 'VALLE DEL GUARGA', '42.392071', '-0.192736', 'CEIP', 'AINETO'),
	('22005364', 'ESCUELA DE MÚSICA', '41.851349', '0.292931', NULL, NULL),
	('22005376', 'MIGUEL FLETA', '41.916744', '0.193802', 'CONSPROFMUS', 'MONZON'),
	('22005388', 'SIERRA DE SAN QUÍLEZ', '41.85479', '0.2947', 'IES', 'BINEFA'),
	('22005391', 'LA LLITERA', '41.861787', '0.428686', 'IES', 'TAMARITE DE LITERA'),
	('22005406', 'SOBRARBE', '42.411343', '0.139225', 'IES', 'AINSA '),
	('22005431', 'DE PAÚLES DE SARSA', '42.304945', '0.040263', 'CEIP', 'PAULES DE SARS'),
	('22005443', 'DE SABIÑÁNIGO', '42.519747', '-0.370719', 'CONSPROFMUS', 'SABIÑANIGO'),
	('22005479', 'LITERA', '41.8679', '0.420746', 'CPEPA', 'TAMARITE DE LITERA'),
	('22005480', 'CINCA MEDIO', '41.909263', '0.195987', 'CPEPA', 'MONZON'),
	('22005492', 'JACETANIA', '42.576988', '-0.541305', 'CPEPA', 'JACA'),
	('22005509', 'RIBAGORZA', '42.189214', '0.33678', 'CPEPA', 'GRAUS '),
	('22005558', 'SOBRARBE', '42.4442', '0.069969', 'CPEPA', 'BOLTAÑ'),
	('22005561', 'ALTO GÁLLEGO', '42.519325', '-0.365802', 'CPEPA', 'SABIÑANIGO'),
	('22005583', 'MONEGROS', '41.789115', '-0.158442', 'CPEPA', 'SARIÑENA'),
	('22005595', 'IGNACIO LUZÁN', '41.916479', '0.190037', 'EOI', 'MONZON'),
	('22005662', 'DE SABIÑÁNIGO', '42.520654', '-0.369633', 'EOI', 'SABIÑANIGO'),
	('22005674', 'LA LLITERA', '41.865107', '0.461558', 'CRA', 'ALBELD'),
	('22005686', 'MONTESNEGROS', '41.493487', '-0.151525', 'CRA', 'PEÑALB'),
	('22005698', 'A REDOLADA', '41.930347', '-0.067424', 'CRA', 'PERALTA DE ALCOFEA'),
	('22005704', 'BAJA RIBAGORZA', '42.196281', '0.39437', 'CRA', 'CAPELL'),
	('22005716', 'ESTADILLA-FONZ', '42.010622', '0.261332', 'CRA', 'FONZ'),
	('22005728', 'MONTEARAGÓN', '42.145548', '-0.456668', 'CRA', 'CHIMILLAS '),
	('22005731', 'ALTO GÁLLEGO', '42.628162', '-0.321667', 'CRA', 'BIESCA'),
	('22005741', 'EL TRÉBOL', '41.82446', '0.199015', 'CRA', 'BINACE'),
	('22005765', 'PIRINEOS', '42.578286', '-0.540315', 'IES', 'JACA'),
	('22005789', 'RÍO ARAGÓN', '42.559283', '-0.788084', 'CRA', 'PUENTE LA REINA DE JAC'),
	('22005790', 'RIBAGORZA ORIENTAL', '42.108909', '0.480399', 'CRA', 'BENABARRE '),
	('22005807', 'RIBERA DEL CINCA', '41.473417', '0.333552', 'CRA', 'TORRENTE DE CINCA '),
	('22005819', 'DE ALTORRICÓN', '41.800286', '0.412068', 'CRA', 'ALTORRICON'),
	('22005820', 'ARCO IRIS', '41.9106', '0.181981', 'CRA', 'CONCHE'),
	('22005832', 'ALBEOS', '41.695274', '0.176314', 'CRA', 'BELVER DE CINC'),
	('22005844', 'VIOLADA MONEGROS', '41.977455', '-0.53716', 'CRA', 'TARDIENTA '),
	('22005856', 'LA SABINA', '41.872824', '-0.458505', 'CRA', 'ROBRES'),
	('22005868', 'MONEGROS-HOYA', '41.843752', '-0.260031', 'CRA', 'LALUEZ'),
	('22005881', 'ALTA RIBAGORZA', '42.605626', '0.524567', 'CRA', 'BENASQUE'),
	('22005911', 'INSTITUTO MUSICAL COMARCAL', '41.520983', '0.350131', NULL, NULL),
	('22005960', 'SOMONTANO', '42.031494', '0.132069', 'CPEPA', 'BARBASTRO '),
	('22006022', 'DE ALMUDÉVAR', '42.041148', '-0.583917', NULL, NULL),
	('22006034', 'BAJO CINCA', '41.523237', '0.343389', 'CPEPA', 'FRAGA '),
	('22006061', 'PATI', '41.514769', '0.325695', NULL, NULL),
	('22006083', 'PIRÁMIDE', '42.037349', '-0.580437', 'SEC-IES', 'ALMUDEVAR '),
	('22006095', 'DE CASTEJÓN DE SOS', '42.512465', '0.485545', 'IES', 'CASTEJON DE SO'),
	('22006101', 'MONTES NEGROS', '41.941906', '-0.365873', 'IES', 'GRAÑEN'),
	('22006113', 'CINCA-ALCANADRE', '41.721375', '0.110047', 'IES', 'ALCOLEA DE CINCA'),
	('22006125', 'BIELLO ARAGÓN', '42.628565', '-0.321736', 'SEC-IES', 'BIESCA'),
	('22006137', 'VALLE DE BENASQUE', '42.605626', '0.524567', NULL, NULL),
	('22010001', 'SAN JORGE', '41.971302', '-0.364133', NULL, NULL),
	('22010013', 'DE SALLENT DE GÁLLEGO', '42.77212', '-0.332808', 'EEI', 'SALLENT DE GALLEGO'),
	('22010025', 'DE MONZÓN', '41.523237', '0.343389', 'EXT-EOI', 'FRAGA '),
	('22010037', 'RÍO VERO', '42.039281', '0.123553', 'EOI', 'BARBASTRO '),
	('22010049', 'DE SABIÑÁNIGO', '42.567908', '-0.553032', 'EXT-EOI', 'JACA'),
	('22010050', 'LAS OCAS', '42.137677', '-0.410863', NULL, NULL),
	('22010062', 'LO NIU', '41.865393', '0.461948', 'EEI', 'ALBELD'),
	('22010074', 'CLUB MINNIE', '42.137596', '-0.401327', NULL, NULL),
	('22010086', 'DE ARAGÓN', '42.14039', '-0.411607', 'ESUPCOREBICU', 'HUESCA'),
	('22010098', 'ESCUELA ESPAÑOLA DE ESQUÍ', '42.76724', '-0.512321', NULL, NULL),
	('22010104', 'LA COMETA', '41.79749', '0.273165', 'EEI', 'ESPLUS'),
	('22010116', 'EL PÍ', '41.801261', '0.412811', 'EEI', 'ALTORRICON'),
	('22010128', 'CARDELINA', '42.52038', '-0.367778', 'EEI', 'SABIÑANIGO'),
	('22010131', 'ESCUELA DE MÚSICA', '42.037155', '0.125757', NULL, NULL),
	('22010153', 'ARTE-MISS HUESCA', '42.134879', '-0.412604', NULL, NULL),
	('22010165', 'ESCUELA DE MONTAÑA DE BENASQUE', '42.603497', '0.518408', NULL, NULL),
	('22010177', 'LA MAINADA', '42.512465', '0.485545', 'EEI', 'CASTEJON DE SO'),
	('22010189', 'PARCHÍS', '42.13425', '-0.402624', NULL, NULL),
	('22010190', 'EL TAMARINDO', '41.867537', '0.421164', 'EEI', 'TAMARITE DE LITERA'),
	('22010207', 'DE JACA', '42.574444', '-0.551299', 'EEI', 'JACA'),
	('22010219', 'PASITO A PASO', '42.143857', '-0.415203', NULL, NULL),
	('22010220', 'ZIMBEL', '42.131481', '-0.406964', NULL, NULL),
	('22010232', 'CONCEPCIÓN BAÑERES', '41.848571', '0.297542', 'EEI', 'BINEFA'),
	('22010244', 'LA CANTERA', '42.132572', '-0.353382', 'EEI', 'TIERZ '),
	('22010256', 'ENCANTARIA', '42.036283', '0.132931', NULL, NULL),
	('22010268', 'DE BIESCAS', '42.627577', '-0.324681', 'EEI', 'BIESCA'),
	('22010271', 'LUPITA', '41.704369', '0.323559', 'EEI', 'VENCILLON '),
	('22010281', 'NININS', '42.190022', '0.335918', 'EEI', 'GRAUS '),
	('22010293', 'LA FONTANETA', '42.276135', '-0.688251', 'EEI', 'AYERBE'),
	('22010301', 'ABABOL', '41.82468', '0.19976', 'EEI', 'BINACE'),
	('22010311', 'LA MAINADA', '42.605626', '0.524567', 'EEI', 'BENASQUE'),
	('22010323', 'PIRINEOS-PYRÉNÉES', '42.130514', '-0.401585', 'CEIP', 'HUESCA'),
	('22010335', 'TRIAMOLETA', '42.724313', '-0.285859', 'EEI', 'PANTICOSA '),
	('22010347', 'DE ALTORRICÓN', '41.800396', '0.412633', NULL, NULL),
	('22010359', 'LA CANALLA', '42.109234', '0.480172', 'EEI', 'BENABARRE '),
	('22010360', '@S`CRI@S', '42.039091', '-0.581267', 'EEI', 'ALMUDEVAR '),
	('22010372', 'DE GURREA DE GÁLLEGO', '42.017305', '-0.759644', NULL, NULL),
	('22010384', 'ESCUELA DE MONTAÑA DE ALQUÉZAR', '42.173035', '0.02508', NULL, NULL),
	('22010396', 'KID\'S GARDEN HUESCA', '42.12828', '-0.403651', NULL, NULL),
	('22010402', 'XIQUETS', '41.521214', '0.340812', 'EEI', 'FRAGA '),
	('22010414', 'SANTA MARGARITA', '41.526204', '0.346307', 'EEI', 'OSSO DE CINCA '),
	('22010426', 'DE BELVER DE CINCA', '41.691944', '0.180838', 'EEI', 'BELVER DE CINC'),
	('22010438', 'DE GURREA DE GÁLLEGO', '42.015572', '-0.763655', 'EEI', 'GURREA DE GALLEGO '),
	('22010441', 'ALBADA', '42.143284', '-0.420681', NULL, NULL),
	('22010451', 'JOSE MARÍA CAMPO', '42.410607', '0.138472', NULL, NULL),
	('22010463', 'LAS PAJARITAS', '42.136878', '-0.418086', 'EEI', 'HUESCA'),
	('22010475', 'DE NUENO', '42.262679', '-0.451041', 'EEI', 'NUENO '),
	('22010487', 'DE BARBASTRO', '42.0303992', '0.13624548', 'EEI', 'BARBASTRO '),
	('22010499', 'DE PERALTA DE ALCOFEA', '41.9308523', '-0.0677736', 'EEI', 'PERALTA DE ALCOFEA'),
	('22010505', 'DE PUENTE LA REINA DE JACA', '42.5592831', '-0.7880849', 'EEI', 'PUENTE LA REINA DE JAC'),
	('22010517', 'DE ALCAMPELL', '41.9061846', '0.4337013', 'EEI', 'ALCAMPELL '),
	('22010529', 'VALLE DE BIELSA', '42.6336589', '0.2173016', 'EEI', 'BIELSA'),
	('22010530', 'DE SANTA CILIA', '42.5587999', '-0.7150496', 'EEI', 'SANTA CILI'),
	('22010542', 'ANDARINES', '42.0946197', '-0.3563396', 'EEI', 'MONFLORITE'),
	('22010554', 'DE FONZ', '42.0105238', '0.2613925', 'EEI', 'FONZ'),
	('22010566', 'DE BALLOBAR', '41.619207', '0.1924578', 'EEI', 'BALLOBAR'),
	('22010578', 'NINONES', '42.4421126', '0.0753301', 'EEI', 'BOLTAÑ'),
	('22010581', 'LA CASITA BLANCA', '42.7467853', '-0.5160455', 'EEI', 'CANFRANC-ESTACION '),
	('22010591', 'DE CANAL DE BERDÚN', '42.6038148', '-0.8576187', 'EEI', 'BERDUN'),
	('22010608', 'DE VILLANÚA', '42.6794252', '-0.5306918', 'EEI', 'VILLANUA'),
	('22010611', 'DE ROBRES', '41.8687568', '-0.4618471', 'EEI', 'ROBRES'),
	('22010621', 'DE FRULA', '41.9093356', '-0.4476302', 'EEI', 'FRULA '),
	('22010633', 'DE LALUEZA', '41.8416595', '-0.2575528', 'EEI', 'LALUEZ'),
	('22010645', 'ARBOLEDA', '41.9774555', '-0.5371604', 'EEI', 'TARDIENTA '),
	('22010657', 'DE LANAJA', '41.769835', '-0.3282039', 'EEI', 'LANAJA'),
	('22010669', 'DE GRAÑÉN', '41.94226', '-0.36707', 'EEI', 'GRAÑEN'),
	('22010670', 'DE SARIÑENA', '41.7921083', '-0.1518738', 'EEI', 'SARIÑENA'),
	('22010682', 'DE ALCUBIERRE', '41.8068025', '-0.4514643', 'EEI', 'ALCUBIERRE'),
	('22010694', 'CLARA CAMPOAMOR', '41.9035071', '0.187759', 'EEI', 'MONZON'),
	('22010700', 'DE TORRENTE DE CINCA', '41.4736751', '0.3335424', 'EEI', 'TORRENTE DE CINCA '),
	('22010712', 'PIRÁMIDE', '42.121305', '-0.4571708', 'CINTFP', 'HUESCA'),
	('22010724', 'DE LA COMARCA DE SOBRARBE', '42.4166527', '0.1434279', 'EEI', 'AINSA '),
	('22010736', 'CHAVALINES', '42.4944052', '-0.1191759', 'EEI', 'FISCAL'),
	('22010748', 'SANTA CATALINA', '41.7144781', '0.121306', 'EEI', 'ALCOLEA DE CINCA'),
	('22010751', 'ATALIA', '41.9347182', '0.2421881', 'EEI', 'ALMUNIA DE SAN JUA'),
	('22010761', 'DE PEÑALBA', '41.5000094', '-0.0384445', 'EEI', 'PEÑALB'),
	('22010773', 'VILLA DE TARDIENTA', '41.9776977', '-0.5381061', NULL, NULL),
	('22010785', 'TREVIÑER', '42.1426301', '-0.0129778', 'EEI', 'ADAHUESCA '),
	('22010797', 'DE SENA', '41.7145662', '-0.0453281', 'EEI', 'SENA'),
	('22010803', 'MARÍA SÁNCHEZ ARBÓS ', '42.1333293', '-0.4025109', 'EEI', 'HUESCA'),
	('22010815', 'VIRGEN DEL ROSARIO', '42.1695765', '-0.4521101', 'EEI', 'CHIMILLAS '),
	('22010827', 'DE BROTO', '42.6037071', '-0.1207432', 'EEI', 'BROTO '),
	('22010839', 'MONZÓN III', '41.906682', '0.186445', 'CEIP', 'MONZON'),
	('22010840', 'CENTRO DE FORMACIÓN EDUCATIVA FUNDACIÓN ALCORAZ', '42.1319', '-0.424768', NULL, NULL),
	('22010852', 'DE MONZÓN', '41.8548', '0.2947', 'EXT-EOI', 'BINEFA'),
	('22010864', 'COTONET', '41.5245348', '0.3335055', NULL, NULL),
	('22010876', 'FRAGA III', '41.525235', '0.3339465', 'CEIP', 'FRAGA '),
	('22600060', 'LA PAZ', '42.0330883', '0.1354265', NULL, NULL),
	('22600072', 'NUESTRA SEÑORA DE SAN LORENZO', '42.1333281', '-0.4025112', NULL, NULL),
	('22600084', 'NUESTRA SEÑORA DE LA ALEGRÍA', '41.9061052', '0.1860973', NULL, NULL),
	('22700029', 'ANA ABARCA DE BOLEA', '42.1369943', '-0.4048881', NULL, NULL),
	('22700030', 'DE MONZÓN', '41.9101809', '0.1945', NULL, NULL),
	('22700054', 'DE FRAGA', '41.5221365', '0.348056', 'EOES INF-PRI.', 'FRAGA '),
	('22700066', 'DE GRAUS', '42.1900865', '0.3382929', 'EOES INF-PRI.', 'GRAUS '),
	('22700078', 'DE HUESCA', '42.1369943', '-0.4048881', 'EOES INF-PRI.', 'HUESCA'),
	('22700081', 'SUBSEDE E.O.E.I.P  DE SABIÑÁNIGO en Jaca', '42.5759082', '-0.5449929', 'EOES INF-PRI.', 'JACA'),
	('22700091', 'DE MONZÓN', '41.9101809', '0.1945', 'EOES INF-PRI.', 'MONZON'),
	('22700108', 'DE SABIÑÁNIGO', '42.5190497', '-0.367857', 'EOES INF-PRI.', 'SABIÑANIGO'),
	('22700111', 'SUBSEDE E.O.E.I.P. DE GRAUS en BoltañaBE-RIBAGORZA', '42.4419435', '0.0740866', 'EOES INF-PRI.', 'BOLTAÑ'),
	('22700121', 'ATENCION TEMPRANA', '42.1369943', '-0.4048881', NULL, NULL),
	('44000121', 'ROMÁN GARCÍA', '41.123898', '-0.510068', 'CEIP', 'ALBALATE DEL ARZOBISPO'),
	('44000246', 'EMILIO DÍAZ', '41.049273', '-0.125415', 'CEIP', 'ALCAÑI'),
	('44000261', 'SAN VALERO', '41.049989', '-0.132154', NULL, NULL),
	('44000271', 'LA INMACULADA', '41.051436', '-0.130893', NULL, NULL),
	('44000325', 'EL JUSTICIA DE ARAGÓN', '40.893245', '-0.383342', 'CEIP', 'ALCORISA'),
	('44000465', 'JUAN RAMÓN ALEGRE', '40.974559', '-0.448783', 'CEIP', 'ANDORR'),
	('44000799', 'RICARDO MALLÉN', '40.912661', '-1.300958', 'CEIP', 'CALAMOCHA '),
	('44000829', 'VIRGEN DEL PILAR', '40.940573', '-0.229016', 'CEIP', 'CALAND'),
	('44001159', 'MIGUEL BLASCO VILATELA', '40.456638', '-1.28701', 'CEIP', 'CELLA '),
	('44001378', 'ANTONIO GARGALLO MOYA', '40.79649', '-0.809304', 'CEIP', 'ESCUCH'),
	('44001706', 'LUIS TURÓN', '41.22085', '-0.380832', 'CEIP', 'HIJAR '),
	('44002061', 'VALERO SERRANO', '40.831504', '-0.24323', 'CEIP', 'MAS DE LAS MATAS'),
	('44002152', 'NTRA. SRA. DEL PILAR', '40.783512', '-1.357862', 'CEIP', 'MONREAL DEL CAMPO '),
	('44002191', 'COMARCA CUENCAS MINERAS', '40.835565', '-0.798666', 'CEIP', 'MONTALBAN '),
	('44002221', 'SAN MIGUEL', '40.248434', '-0.751512', 'CEIP', 'MORA DE RUBIELOS'),
	('44002541', 'TERUEL UNO', '40.634514', '-1.003321', 'CRA', 'PERALES DEL ALFAMBRA'),
	('44002942', 'DE SARRIÓN', '40.140262', '-0.810112', 'CEIP', 'SARRIO'),
	('44003028', 'DE SAN BLAS', '40.358886', '-1.19003', 'IFPE', 'SAN BLAS'),
	('44003041', 'LA SALLE-SAN JOSÉ', '40.33257', '-1.099986', NULL, NULL),
	('44003077', 'LAS VIÑAS', '40.351995', '-1.119398', NULL, NULL),
	('44003090', 'PIERRES VEDEL', '40.34359', '-1.109271', 'CEIP', 'TERUEL'),
	('44003107', 'MIGUEL VALLÉS', '40.341507', '-1.103128', 'CEIP', 'TERUEL'),
	('44003120', 'LAS ANEJAS', '40.352816', '-1.109244', 'CEIP', 'TERUEL'),
	('44003156', 'VICTORIA DÍEZ', '40.333383', '-1.108403', NULL, NULL),
	('44003171', 'LA PURÍSIMA Y SANTOS MÁRTIRES', '40.340096', '-1.105797', NULL, NULL),
	('44003211', 'SANTA EMERENCIANA', '40.332221', '-1.106597', 'IES', 'TERUEL'),
	('44003223', 'SEGUNDO DE CHOMÓN', '40.353143', '-1.111218', 'IES', 'TERUEL'),
	('44003235', 'VEGA DEL TURIA', '40.34103', '-1.108503', 'IES', 'TERUEL'),
	('44003247', 'FRANCÉS DE ARANDA', '40.351859', '-1.113153', 'IES', 'TERUEL'),
	('44003259', 'ARBOLEDA', '40.351859', '-1.113153', 'CEE', 'TERUEL'),
	('44003260', 'DE TERUEL', '40.35326', '-1.11544', 'EH', 'TERUEL'),
	('44003272', 'ENSANCHE', '40.336604', '-1.107012', 'CEIP', 'TERUEL'),
	('44003284', 'ESCUELA DE ARTE DE TERUEL', '40.343232', '-1.107781', 'EARTE', 'TERUEL'),
	('44003636', 'VILLA DE UTRILLAS', '40.81295', '-0.844634', 'CEIP', 'UTRILLAS'),
	('44003715', 'VICENTE FERRER RAMOS', '40.873121', '0.154267', 'CEIP', 'VALDERROBRES'),
	('44004045', 'VALLE DEL JILOCA', '40.921712', '-1.295447', 'IES', 'CALAMOCHA '),
	('44004124', 'ISABEL DE SEGURA', '40.350252', '-1.109703', 'CPEPA', 'TERUEL'),
	('44004148', 'GLORIA FUERTES', '40.974559', '-0.448783', 'CEE', 'ANDORR'),
	('44004173', 'DE TERUEL', '40.343967', '-1.108603', 'CONSPROFMUS', 'TERUEL'),
	('44004239', 'PEDRO LAÍN ENTRALGO', '41.171787', '-0.452149', 'IES', 'HIJAR '),
	('44004306', 'LA FUENFRESCA', '40.329047', '-1.095607', 'CEIP', 'TERUEL'),
	('44004318', 'DE TERUEL', '40.332221', '-1.106597', 'EOI', 'TERUEL'),
	('44004446', 'DE ALCAÑIZ', '41.052302', '-0.129082', 'EOI', 'ALCAÑI'),
	('44004471', 'REGALLO', '41.107434', '-0.251552', 'CRA', 'PUIGMORENO'),
	('44004483', 'JAVALAMBRE', '40.45906', '-0.828855', 'CRA', 'MANZANERA '),
	('44004495', 'SIERRA DE ALBARRACÍN', '40.430351', '-1.57267', 'CRA', 'TRAMACASTILLA '),
	('44004550', 'FERNANDO LÁZARO CARRETER', '40.815112', '-0.852655', 'IES', 'UTRILLAS'),
	('44004562', 'MANUEL FRANCO ROYO', '40.977588', '-0.459257', 'CEIP', 'ANDORR'),
	('44004574', 'RÍO GUADALOPE', '41.052487', '-0.125706', 'CPEPA', 'ALCAÑI'),
	('44004598', 'MATARRAÑA', '40.871009', '0.156556', 'IES', 'VALDERROBRES'),
	('44004604', 'ESCUELA DE MÚSICA Y DANZA DE ANDORRA', '40.975734', '-0.4451', NULL, NULL),
	('44004616', 'MAESTRAZGO GÚDAR', '40.361296', '-0.44719', 'CRA', 'MOSQUERUEL'),
	('44004628', 'TURIA', '40.358129', '-1.176726', 'CRA', 'SAN BLAS'),
	('44004653', 'PABLO SERRANO', '40.976874', '-0.450569', 'IES', 'ANDORR'),
	('44004665', 'SALVADOR VICTORIA', '40.788338', '-1.357026', 'IES', 'MONREAL DEL CAMPO '),
	('44004677', 'PABLO ANTONIO CRESPO', '40.673668', '-0.702996', 'CRA', 'ALIAGA'),
	('44004689', 'GOYA', '40.838342', '-1.325451', 'CRA', 'CAMINREAL '),
	('44004690', 'ALTO MAESTRAZGO', '40.523975', '-0.40467', 'CRA', 'CANTAVIEJA'),
	('44004707', 'SOMONTANO-BAJO ARAGÓN', '40.866419', '-0.520106', 'CRA', 'MATA DE LOS OLMOS (LA)'),
	('44004719', 'PALMIRA PLÁ', '40.436269', '-0.850964', 'CRA', 'CEDRILLAS '),
	('44004720', 'ARIÑO-ALLOZA', '41.030989', '-0.594975', 'CRA', 'ARIÑO '),
	('44004732', 'OLEA', '40.799219', '-0.316822', 'CRA', 'CASTELLOTE'),
	('44004744', 'DE LA FRESNEDA', '40.925245', '0.076059', 'CRA', 'FRESNEDA (LA) '),
	('44004756', 'TASTAVÍNS', '40.755383', '0.03932', 'CRA', 'PEÑARROYA DE TASTAVINS'),
	('44004768', 'DE MARTÍN DEL RÍO', '40.845527', '-0.892438', 'CRA', 'MARTIN DEL RIO'),
	('44004771', 'DE MUNIESA', '41.030251', '-0.808659', 'CRA', 'MUNIES'),
	('44004781', 'PÓRTICO DE ARAGÓN', '40.190207', '-0.652173', 'CRA', 'RUBIELOS DE MORA'),
	('44004793', 'DE ALBARRACÍN', '40.409546', '-1.431951', 'CRA', 'ALBARRACIN'),
	('44004801', 'BAJO MARTÍN', '41.219061', '-0.442915', 'CRA', 'PUEBLA DE HIJAR (LA)'),
	('44004811', 'DEL MEZQUÍN', '40.981417', '-0.147925', 'CRA', 'CASTELSERA'),
	('44004847', 'DE ALCORISA', '40.895335', '-0.380174', 'CPEPA', 'ALCORISA'),
	('44004884', 'DE VALDERROBRES', '40.87247', '0.153809', 'CPEPA', 'VALDERROBRES'),
	('44004926', 'DE RUBIELOS DE MORA', '40.133036', '-0.625207', 'CPEPA', 'RUBIELOS DE MORA'),
	('44004938', 'DE CALAMOCHA', '40.912661', '-1.300958', 'CPEPA', 'CALAMOCHA '),
	('44004941', 'DE CAMINREAL', '40.838683', '-1.324923', NULL, NULL),
	('44004951', 'DE CELLA', '40.452971', '-1.286436', 'CPEPA', 'CELLA '),
	('44004963', 'DE MONREAL DEL CAMPO', '40.790926', '-1.352701', NULL, NULL),
	('44005001', 'CUENCA MINERA', '40.831263', '-0.802152', 'CPEPA', 'MONTALBAN '),
	('44005050', 'VIRGEN DE LOS PUEYOS', '41.047878', '-0.129346', NULL, NULL),
	('44005062', 'MATARRANYA', '41.014217', '0.186699', 'CRA', 'CALACEITE '),
	('44005074', 'Cuna del Jiloca', '40.566245', '-1.317175', 'CRA', 'SANTA EULALIA '),
	('44005098', 'DAMIÁN FORMENT', '40.892978', '-0.38274', 'IES', 'ALCORISA'),
	('44005104', 'VALLE DEL GUADALOPE', '40.946547', '-0.236674', 'IES', 'CALAND'),
	('44005116', 'GÚDAR-JAVALAMBRE', '40.246101', '-0.748734', 'IES', 'MORA DE RUBIELOS'),
	('44005128', 'SIERRA PALOMERA', '40.455011', '-1.280422', 'IES', 'CELLA '),
	('44005131', 'ALGARS', '40.929191', '0.21184', 'CRA', 'CRETAS'),
	('44005141', 'ESCUELA DE MÚSICA', '40.938916', '-0.229338', NULL, NULL),
	('44005153', 'CAMPO BELLO', '40.92228', '-1.499418', 'CRA', 'BELLO '),
	('44005165', 'EL POYO DEL CID', '40.884378', '-1.334034', 'CRA', 'POYO DEL CID (EL) '),
	('44005177', 'BAJO ARAGÓN', '41.052302', '-0.129082', 'IES', 'ALCAÑI'),
	('44005190', 'SEGUNDO DE CHOMÓN', '40.522981', '-0.404409', 'SEC-IES', 'CANTAVIEJA'),
	('44005207', 'LOBETANO', '40.409546', '-1.431951', 'IES', 'ALBARRACIN'),
	('44005219', 'ESCUELA DE MÚSICA Y DANZA', '40.790507', '-1.352585', NULL, NULL),
	('44005220', 'DE ANDORRA', '40.975684', '-0.444882', 'CPEPA', 'ANDORR'),
	('44010008', 'ESCUELA DE MÚSICA', '40.895335', '-0.380174', NULL, NULL),
	('44010011', 'ESCUELA DE HOSTELERÍA DE TERUEL', '40.343316', '-1.107624', 'IFPE', 'TERUEL'),
	('44010021', 'DE TERUEL', '40.790507', '-1.352585', 'EXT-EOI', 'MONREAL DEL CAMPO '),
	('44010033', 'DE ALCAÑIZ', '40.815302', '-0.850389', 'EXT-EOI', 'UTRILLAS'),
	('44010045', 'DE TERUEL', '40.921712', '-1.295447', 'EXT-EOI', 'CALAMOCHA '),
	('44010057', 'EL ENSANCHE', '40.336751', '-1.107003', NULL, NULL),
	('44010069', 'LA MALENA', '40.974609', '-0.442139', 'EEI', 'ANDORR'),
	('44010070', 'DE TERUEL', '40.343232', '-1.107781', 'EXT-ESUPDIS', 'TERUEL'),
	('44010082', 'VEO-VEO', '41.043906', '-0.1281', NULL, NULL),
	('44010094', 'DUMBO', '40.34714', '-1.109873', NULL, NULL),
	('44010100', 'JUAN SOBRARIAS', '41.050056', '-0.139186', 'CEIP', 'ALCAÑI'),
	('44010112', 'DE ALCORISA', '40.894158', '-0.380681', 'EEI', 'ALCORISA'),
	('44010124', 'LOS MONCHONES', '40.98732', '-0.033683', 'EEI', 'VALDEALGORFA'),
	('44010136', 'DE CALANDA', '40.938814', '-0.229525', 'EEI', 'CALAND'),
	('44010148', 'SANTA BÁRBARA', '40.981148', '-0.144448', 'EEI', 'CASTELSERA'),
	('44010151', 'DE VALDERROBRES', '40.871359', '0.15507', NULL, NULL),
	('44010161', 'SOLETES', '41.051886', '-0.130967', NULL, NULL),
	('44010173', 'DE OJOS NEGROS', '40.736507', '-1.499411', 'EEI', 'OJOS NEGRO'),
	('44010185', 'DE MAZALEÓN', '41.048194', '0.101197', 'EEI', 'MAZALEON'),
	('44010197', 'EL PARQUE', '40.43685', '-0.849895', 'EEI', 'CEDRILLAS '),
	('44010203', 'JUAN LORENZO PALMIRENO', '41.048594', '-0.130195', 'CEIP', 'ALCAÑI'),
	('44010215', 'CIUDAD DE TERUEL', '40.354503', '-1.108398', NULL, NULL),
	('44010227', 'VIRGEN DE LAS NIEVES', '40.926702', '0.075239', 'EEI', 'FRESNEDA (LA) '),
	('44010240', 'LA CODOÑERA', '40.935147', '-0.086827', 'EEI', 'CODOÑERA (LA) '),
	('44010252', 'DE MONTALBÁN', '40.835565', '-0.798666', 'EEI', 'MONTALBAN '),
	('44010264', 'DE TORRECILLA DE ALCAÑIZ', '41.052043', '-0.134319', NULL, NULL),
	('44010276', 'LA SELVETA', '41.052282', '-0.129326', 'EEI', 'ALCAÑI'),
	('44010288', 'SALVADOR SALVADOR NAVARRO', '40.79573', '-0.811156', NULL, NULL),
	('44010291', 'DE UTRILLAS', '40.812395', '-0.84963', 'EEI', 'UTRILLAS'),
	('44010306', 'RICARDA GONZALO DE LIRIA', '40.787883', '-1.357583', 'EEI', 'MONREAL DEL CAMPO '),
	('44010318', 'MAFALDA-LAS VIÑAS', '40.351995', '-1.119398', NULL, NULL),
	('44010321', 'EL CASTILLO', '41.174826', '-0.450546', 'EEI', 'HIJAR '),
	('44010331', 'DE ALBALATE DEL ARZOBISPO', '41.032018', '-0.592774', 'EEI', 'ALBALATE DEL ARZOBISPO'),
	('44010343', 'DE ALBARRACÍN', '40.411599', '-1.428383', 'EEI', 'ALBARRACIN'),
	('44010367', 'LA REPLACETA', '40.9233009', '-0.2673826', 'EEI', 'FOZ-CALAND'),
	('44010379', 'SANTA ENGRACIA', '41.9424232', '-1.3256747', 'EEI', 'MOSQUERUEL'),
	('44010380', 'DE TERUEL (SAN BLAS)', '40.3581298', '-1.1767263', 'EEI', 'SAN BLAS'),
	('44010392', 'DE CANTAVIEJA', '40.5226647', '-0.4049918', 'EEI', 'CANTAVIEJA'),
	('44010409', 'DE SARRIÓN', '40.1421231', '-0.8139914', 'EEI', 'SARRIO'),
	('44010410', 'DE VILLARQUEMADO', '40.450919', '-1.2892192', 'EEI', 'VILLARQUEMADO '),
	('44010422', 'DE LA PUEBLA DE HÍJAR', '41.2214123', '-0.4414419', 'EEI', 'PUEBLA DE HIJAR (LA)'),
	('44010434', 'PRIMEROS PASOS', '40.913055', '-1.3027794', 'EEI', 'CALAMOCHA '),
	('44010446', 'DE MOSCARDÓN', '40.3323688', '-1.5364577', 'EEI', 'MOSCARDON '),
	('44010458', 'DE CALACEITE', '41.013712', '0.1845093', 'EEI', 'CALACEITE '),
	('44010461', 'DE FORTANETE', '40.5055359', '-0.5230651', 'EEI', 'FORTANETE '),
	('44010471', 'DE RUBIELOS DE MORA', '40.1895214', '-0.6536006', 'EEI', 'RUBIELOS DE MORA'),
	('44010483', 'DE TERUEL (BARRIO ARRABAL)', '40.333935', '-1.0997336', 'EEI', 'TERUEL'),
	('44010495', 'DE VALDERROBRES', '40.8734761', '0.1499462', 'EEI', 'VALDERROBRES'),
	('44010501', 'L\'AIRASSA', '40.9520925', '0.0269682', 'EEI', 'VALJUNQUER'),
	('44010513', 'DE SANTA EULALIA', '40.5663946', '-1.3126363', 'EEI', 'SANTA EULALIA '),
	('44010525', 'DE TERUEL (VILLAESPESA)', '40.2980235', '-1.121025', 'EEI', 'VILLASPESA'),
	('44010537', 'BAJO ARAGÓN', '41.0523027', '-0.1290812', 'CINTFP', 'ALCAÑI'),
	('44010549', 'SEÑORA PABLA', '41.161358', '-0.4693275', 'EEI', 'URREA DE GAEN '),
	('44010550', 'DE LA MATA DE LOS OLMOS', '40.8651879', '-0.5208924', 'EEI', 'MATA DE LOS OLMOS (LA)'),
	('44010562', 'DE AGUAVIVA', '40.7801137', '-0.25362', 'EEI', 'AGUAVIVA'),
	('44010574', 'DE BRONCHALES', '40.5083399', '-1.5869681', 'EEI', 'BRONCHALES'),
	('44010586', 'DE TERRIENTE', '40.2981362', '-1.5020701', 'EEI', 'TERRIENTE '),
	('44010598', 'DE MONROYO', '40.7869457', '-0.0325728', 'EEI', 'MONROY'),
	('44010604', 'DE CALACEITE', '41.013712', '0.1845093', NULL, NULL),
	('44010616', 'DE CRETAS', '40.9292004', '0.2130679', 'EEI', 'CRETAS'),
	('44010628', 'DE MAS DE LAS MATAS', '40.8329714', '-0.2437739', 'EEI', 'MAS DE LAS MATAS'),
	('44010631', 'DE VILLASTAR', '40.280919', '-1.1512046', 'EEI', 'VILLASTAR '),
	('44010641', 'SARGANTESA', '40.4593321', '-1.2876494', 'EEI', 'CELLA '),
	('44010653', 'SNOOPY', '40.3328442', '-1.0992139', NULL, NULL),
	('44010665', 'MENUDETS', '40.832132', '0.1839895', 'EEI', 'BECEIT'),
	('44010677', 'DE SANTA EMERENCIANA', '40.334082', '-1.105266', NULL, NULL),
	('44010689', 'GAG CU CU-TRAS TRAS', '40.3280265', '-1.1001655', NULL, NULL),
	('44600021', 'SANTO ÁNGEL CUSTODIO', '41.0470718', '-0.1295291', NULL, NULL),
	('44700013', 'DE ALCAÑIZ', '41.0523027', '-0.1290812', NULL, NULL),
	('44700025', 'ANGEL SANZ BRIZ', '40.352044', '-1.1106171', NULL, NULL),
	('44700049', 'DE ALCAÑIZ', '41.054514', '-0.133142', 'EOES INF-PRI.', 'ALCAÑI'),
	('44700050', 'DE CANTAVIEJA ', '40.5232955', '-0.4049537', 'EOES INF-PRI.', 'CANTAVIEJA'),
	('44700062', 'DE TERUEL', '40.338642', '-1.104829', 'EOES INF-PRI.', 'TERUEL'),
	('44700074', 'DE UTRILLAS', '40.814152', '-0.847331', 'EOES INF-PRI.', 'UTRILLAS'),
	('44700086', 'DE ANDORRA', '40.976416', '-0.447422', 'EOES INF-PRI.', 'ANDORR'),
	('44700098', 'DE CALAMOCHA', '40.920309', '-1.295112', 'EOES INF-PRI.', 'CALAMOCHA '),
	('44700104', 'DE UTRILLAS', '40.814152', '-0.847331', NULL, NULL),
	('44700131', 'ALCORISA', '40.8915162', '-0.3809659', 'CRIE', 'ALCORISA'),
	('44700141', 'ALBARRACIN', '40.4106159', '-1.4306606', 'CRIE', 'ALBARRACIN'),
	('44700153', 'CALAMOCHA', '40.9163034', '-1.3013142', 'CRIE', 'CALAMOCHA '),
	('44700165', 'CENTRO ARAGONÉS DE TECNOLOGÍAS PARA LA EDUCACIÓN (CATEDU)', '40.9093612', '-0.3797149', NULL, NULL),
	('50000126', 'ARAGÓN', '41.769761', '-1.1271', 'CEIP', 'ALAGON'),
	('50000151', 'NTRA. SRA DEL CASTILLO', '41.77228', '-1.124615', NULL, NULL),
	('50000163', 'CONDE ARANDA', '41.772914', '-1.124972', 'IES', 'ALAGON'),
	('50000291', 'BRIANDA DE LUNA', '41.616394', '-0.705885', 'CEIP', 'ALFAJARIN '),
	('50000369', 'ARZOBISPO DOMÉNECH', '41.398264', '-1.321795', 'CEIP', 'ALMONACID DE LA SIERRA'),
	('50000370', 'NERTÓBRIGA', '41.474618', '-1.372181', 'CEIP', 'ALMUNIA DE DOÑA GODINA LA'),
	('50000412', 'SALESIANOS LAVIAGA-CASTILLO', '41.479123', '-1.377418', NULL, NULL),
	('50000436', 'RAMÓN Y CAJAL', '41.424102', '-1.37936', 'CEIP', 'ALPARTIR'),
	('50000618', 'VIRGEN DE LA PEANA', '41.329898', '-1.794291', 'CEIP', 'ATECA '),
	('50000722', 'BELIA', '41.309337', '-0.749895', 'CEIP', 'BELCHITE'),
	('50000734', 'SAN RAFAEL', '41.307127', '-0.751498', NULL, NULL),
	('50000850', 'CAMPO DE BORJA', '41.832123', '-1.533911', 'CEIP', 'BORJA '),
	('50000862', 'SANTA ANA', '41.833309', '-1.534824', NULL, NULL),
	('50000874', 'JUAN DE LANUZA', '41.833725', '-1.529385', 'IES', 'BORJA '),
	('50000904', 'DIPUTACIÓN PROVINCIAL', '41.523596', '-1.59863', 'CEIP', 'BREA DE ARAGON'),
	('50001064', 'BALTASAR GRACIÁN', '41.331339', '-1.645686', 'CEIP', 'CALATAYUD '),
	('50001076', 'FRANCISCO DE GOYA', '41.348936', '-1.637906', 'CEIP', 'CALATAYUD '),
	('50001088', 'SALVADOR MINGUIJÓN', '41.902414', '-1.720612', 'CEIP', 'CALATAYUD '),
	('50001121', 'SANTA ANA', '41.350551', '-1.639177', NULL, NULL),
	('50001167', 'LEONARDO DE CHABACIER', '41.354949', '-1.639085', 'IES', 'CALATAYUD '),
	('50001179', 'EMILIO JIMENO', '41.357433', '-1.636289', 'IES', 'CALATAYUD '),
	('50001180', 'ACADEMIA DE LOGÍSTICA DEL EJÉRCITO DE TIERRA', '41.3525744', '-1.6288962', 'CDM', 'CALATAYUD '),
	('50001222', 'DOMINGO JIMÉNEZ BELTRÁN', '41.528077', '-1.342005', 'CEIP', 'CALATORAO '),
	('50001301', 'SANTO CRISTO DE SANTIAGO', '41.339006', '-1.22734', 'CEIP', 'CARIÑENA'),
	('50001349', 'JOAQUÍN COSTA', '41.338321', '-1.225399', 'IES', 'CARIÑENA'),
	('50001350', 'COMPROMISO DE CASPE', '41.235478', '-0.037394', 'CEIP', 'CASPE '),
	('50001362', 'SANTA ANA', '41.238088', '-0.042015', NULL, NULL),
	('50001672', 'LUCIO FABIO SEVERO', '41.263879', '-0.126503', 'CEIP', 'CHIPRANA'),
	('50001702', 'PEDRO SÁNCHEZ CIRUELO', '41.110735', '-1.420173', 'CEIP', 'DAROCA'),
	('50001738', 'PUERTA DE ZARAGOZA', '41.114404', '-1.41022', 'EH', 'DAROCA'),
	('50001763', 'CERVANTES', '42.125369', '-1.137168', 'CEIP', 'EJEA DE LOS CABALLEROS'),
	('50001775', 'FERRER Y RACAJ', '42.131292', '-1.311907', 'CEIP', 'EJEA DE LOS CABALLEROS'),
	('50001799', 'NTRA. SRA. DE LAS MERCEDES', '42.123474', '-1.140814', NULL, NULL),
	('50001829', 'E.F.A. BOALARES', '42.116274', '-1.143383', NULL, NULL),
	('50001830', 'REYES CATÓLICOS', '42.128533', '-1.12635', 'IES', 'EJEA DE LOS CABALLEROS'),
	('50001936', 'MI CASITA EN EL JARDIN', '41.597654', '-0.683981', NULL, NULL),
	('50002007', 'GASPAR REMIRO', '41.596978', '-1.27666', 'CEIP', 'EPILA '),
	('50002032', 'SAN JAVIER', '41.28989', '-0.32323', 'CEIP', 'ESCATRON'),
	('50002123', 'NTRA. SRA. DEL PILAR', '41.237454', '0.334359', 'CEIP', 'FAYON '),
	('50002275', 'LUIS GARCÍA SÁINZ', '41.511017', '-0.626955', 'CEIP', 'FUENTES DE EBR'),
	('50002329', 'MARÍA DOMÍNGUEZ', '41.866063', '-1.316638', 'CEIP', 'GALLUR'),
	('50002433', 'SAN JORGE', '41.209849', '-1.084838', 'CEIP', 'HERRERA DE LOS NAVARRO'),
	('50002457', 'BENEDICTO XIII', '41.539851', '-1.626163', 'CEIP', 'ILLUEC'),
	('50002512', 'RAMÓN Y CAJAL', '41.770573', '-1.120964', 'CEIP', 'JOYOSA '),
	('50002810', 'VIRGEN DEL PORTAL', '41.123761', '0.137666', 'CEIP', 'MAELLA'),
	('50002937', 'MANLIA', '41.901347', '-1.418043', 'CEIP', 'MALLEN'),
	('50003048', 'MARÍA QUINTANA', '41.375533', '0.304468', 'CEIP', 'MEQUINENZA'),
	('50003206', 'LUCAS ARRIBAS', '41.474997', '-1.472481', 'CEIP', 'MORATA DE JALO'),
	('50003504', 'SAN NICASIO', '41.933455', '-1.396038', 'CEIP', 'NOVILLAS'),
	('50003711', 'LA PORTALADA', '41.61922', '-0.78352', 'CEIP', 'PASTRI'),
	('50003735', 'CERVANTES', '41.786823', '-1.217138', 'CEIP', 'PEDROL'),
	('50003838', 'SANTA MARÍA DE LA ESPERANZA', '41.490718', '-0.527099', NULL, NULL),
	('50003851', 'MIGUEL ARTIGAS', '41.736343', '-1.099782', 'CEIP', 'PINSEQUE'),
	('50003863', 'E.F.A. LA NORIA', '41.73926', '-1.097989', NULL, NULL),
	('50003981', 'JOAQUÍN COSTA', '41.847341', '-1.249995', 'CEIP', 'PRADILLA DE EBRO'),
	('50004004', 'LOS ALBARES', '41.632722', '-0.749485', 'CEIP', 'PUEBLA DE ALFINDEN (LA'),
	('50004031', 'FERNANDO EL CATÓLICO', '41.424451', '-0.497246', 'CEIP', 'QUINTO'),
	('50004053', 'ALFREDO MUIÑOS', '41.841507', '-1.178173', 'CEIP', 'REMOLINOS '),
	('50004077', 'MAESTRO MONREAL', '41.508042', '-1.402135', 'CEIP', 'RICLA '),
	('50004326', 'DANIEL FEDERIO', '41.323139', '-0.346019', 'CEIP', 'SASTAG'),
	('50004430', 'SUBPRADEL', '41.739284', '-1.036323', 'CEIP', 'SOBRADIEL '),
	('50004478', 'ISIDORO GIL DE JAZ', '42.496481', '-1.215451', 'CEIP', 'SOS DEL REY CATOLICO'),
	('50004481', 'MANUELA PÉREZ DE BIEL', '42.496481', '-1.215451', 'EH', 'SOS DEL REY CATOLICO'),
	('50004545', 'JOAQUÍN COSTA', '41.906537', '-1.725464', 'CEIP', 'TARAZONA'),
	('50004570', 'SAGRADA FAMILIA', '41.905878', '-1.728544', NULL, NULL),
	('50004594', 'NTRA. SRA. DEL PILAR', '41.901509', '-1.723487', NULL, NULL),
	('50004612', 'MONCAYO', '41.906081', '-1.721421', 'CEIP', 'TARAZONA'),
	('50004703', 'ALFONSO I EL BATALLADOR', '41.917714', '-1.25409', 'CEIP', 'TAUSTE'),
	('50004843', 'MONTES DEL CASTELLAR', '41.758673', '-1.067406', 'CEIP', 'TORRES DE BERRELLE'),
	('50004879', 'TOSOS', '41.316937', '-1.07075', 'CEIP', 'TOSOS '),
	('50004946', 'DE UNDUÉS DE LERDA', '42.566399', '-1.169325', 'CEIP', 'UNDUES DE LERD'),
	('50005011', 'MIGUEL ARTAZOS TAMÉ', '41.710241', '-0.999391', 'CEIP', 'UTEBO '),
	('50005276', 'PINTOR PRADILLA', '41.770747', '-0.825696', 'CEIP', 'VILLANUEVA DE GALLEGO '),
	('50005291', 'SAN BLAS', '41.354455', '-1.036758', 'CEIP', 'VILLANUEVA DE HUERVA'),
	('50005331', 'FERNANDO EL CATÓLICO', '41.192028', '-1.287782', 'CEIP', 'VILLARREAL DE HUERVA'),
	('50005422', 'ÁNGEL ESCORIAZA', '41.60764', '-0.824234', 'CEIP', 'CARTUJA BAJA'),
	('50005483', 'VIRGEN DE GUADALUPE', '41.632074', '-0.914992', NULL, NULL),
	('50005495', 'SANSUEÑA', '41.627867', '-0.9101', NULL, NULL),
	('50005513', 'SAGRADA FAMILIA', '41.622658', '-0.906354', NULL, NULL),
	('50005537', 'MADRE MARÍA ROSA MOLAS', '41.627839', '-0.906287', NULL, NULL),
	('50005549', 'BRITÁNICO DE ARAGÓN', '41.589128', '-0.952206', NULL, NULL),
	('50005550', 'RICARDO MUR', '41.718776', '-1.024599', 'CEIP', 'CASETA'),
	('50005562', 'SAN MIGUEL', '41.717663', '-1.026907', NULL, NULL),
	('50005574', 'GUSTAVO ADOLFO BÉCQUER', '41.683263', '-1.024039', 'CEIP', 'GARRAPINILLOS '),
	('50005598', 'JULIÁN NIETO TAPIA', '41.65941', '-0.943783', 'CEIP', 'ZARAGOZA'),
	('50005616', 'SAN ANTONIO', '41.645069', '-0.954141', NULL, NULL),
	('50005628', 'SAN ALBERTO MAGNO', '41.663553', '-0.927526', NULL, NULL),
	('50005631', 'HERMANOS ARGENSOLA', '41.683147', '-0.825782', 'CEIP', 'MONTAÑANA '),
	('50005641', 'FERNÁNDEZ VIZARRA', '41.700386', '-0.971411', 'CEIP', 'MONZALBARB'),
	('50005653', 'MAESTRO DON PEDRO ORÓS', '41.649988', '-0.821923', 'CEIP', 'MOVERA'),
	('50005677', 'JUAN PABLO BONET', '41.668399', '-0.839133', 'CEIP', 'MOVERA'),
	('50005690', 'DE MOVERA', '41.63785', '-0.799551', 'IFPE', 'MOVERA'),
	('50005707', 'FLORENCIO JARDIEL', '41.758977', '-0.797703', 'CEIP', 'PEÑAFLOR'),
	('50005744', 'ANDRÉS OLIVÁN', '41.716265', '-0.842306', 'CEIP', 'SAN JUAN DE MOZARRIFAR'),
	('50005768', 'GUILLERMO FATÁS', '41.670000', '-0.830791', 'CEIP', 'ZARAGOZA'),
	('50005781', 'LA CONCEPCIÓN', '41.668991', '-0.829976', NULL, NULL),
	('50005793', 'ÍTACA', '41.672797', '-0.829818', 'IES', 'ZARAGOZA'),
	('50005823', 'CONDES DE ARAGÓN', '41.678429', '-0.965013', NULL, NULL),
	('50005872', 'MARIANO CASTILLO', '41.685939', '-0.768217', 'CEIP', 'VILLAMAYOR DE GALLEGO '),
	('50005896', 'ANA MAYAYO', '41.654605', '-0.911007', 'CEIP', 'ZARAGOZA'),
	('50005902', 'ANDRÉS MANJÓN', '41.647949', '-0.904047', 'CEIP', 'ZARAGOZA'),
	('50005914', 'RECARTE Y ORNAT', '41.644029', '-0.901522', 'CEIP', 'ZARAGOZA'),
	('50005926', 'CÁNDIDO DOMINGO', '41.659058', '-0.873593', 'CEIP', 'ZARAGOZA'),
	('50005951', 'DOMINGO MIRAL', '41.627021', '-0.890401', 'CEIP', 'ZARAGOZA'),
	('50005963', 'FERNANDO EL CATÓLICO', '41.651042', '-0.927683', 'CEIP', 'ZARAGOZA'),
	('50005975', 'GASCÓN Y MARÍN', '41.649461', '-0.877964', 'CEIP', 'ZARAGOZA'),
	('50005999', 'JERÓNIMO BLANCAS Y TOMÁS', '41.641667', '-0.929499', 'CEIP', 'ZARAGOZA'),
	('50006001', 'JERÓNIMO ZURITA Y CASTRO', '41.664004', '-0.899412', 'CEIP', 'ZARAGOZA'),
	('50006013', 'JOAQUÍN COSTA', '41.651654', '-0.891969', 'CEIP', 'ZARAGOZA'),
	('50006025', 'JOSÉ MARÍA MIR', '41.647398', '-0.906161', 'CEIP', 'ZARAGOZA'),
	('50006037', 'LA JOTA', '41.660183', '-0.858322', 'CEIP', 'ZARAGOZA'),
	('50006049', 'JULIÁN SANZ IBÁÑEZ', '41.647264', '-0.865093', 'CEIP', 'ZARAGOZA'),
	('50006050', 'LUIS VIVES', '41.632126', '-0.88737', 'CEIP', 'ZARAGOZA'),
	('50006074', 'MARCOS FRECHÍN', '41.643667', '-0.865242', 'CEIP', 'ZARAGOZA'),
	('50006128', 'SAN BRAULIO', '41.668557', '-0.873632', 'CEIP', 'ZARAGOZA'),
	('50006141', 'SANTO DOMINGO', '41.65776', '-0.884998', 'CEIP', 'ZARAGOZA'),
	('50006153', 'SAN JOSÉ DE CALASANZ', '41.639189', '-0.878376', 'CEIP', 'ZARAGOZA'),
	('50006165', 'TÍO JORGE', '41.662586', '-0.875318', 'CEIP', 'ZARAGOZA'),
	('50006207', 'CALIXTO ARIÑO-HILARIO VAL', '41.635883', '-0.870849', 'CEIP', 'ZARAGOZA'),
	('50006219', 'EMILIO MORENO CALVETE', '41.653328', '-0.90401', 'CEIP', 'ZARAGOZA'),
	('50006220', 'HILARIÓN GIMENO', '41.659258', '-0.867356', 'CEIP', 'ZARAGOZA'),
	('50006232', 'JUAN XXIII', '41.65547', '-0.89942', 'CEIP', 'ZARAGOZA'),
	('50006281', 'TOMÁS ALVIRA', '41.639458', '-0.866757', 'CEIP', 'ZARAGOZA'),
	('50006311', 'BASILIO PARAÍSO', '41.638406', '-0.893881', 'CEIP', 'ZARAGOZA'),
	('50006414', 'VIRGEN DEL PILAR', '41.625722', '-0.905893', 'IES', 'ZARAGOZA'),
	('50006426', 'ADVENTISTA RIGEL', '41.631383', '-0.886841', NULL, NULL),
	('50006438', 'LA ALMOZARA', '41.662678', '-0.902709', 'CEIP', 'ZARAGOZA'),
	('50006463', 'LA ANUNCIATA', '41.656756', '-0.891298', NULL, NULL),
	('50006529', 'EL BUEN PASTOR', '41.629999', '-0.881727', NULL, NULL),
	('50006542', 'CALASANCIO', '41.639175', '-0.888499', NULL, NULL),
	('50006554', 'CALASANZ', '41.652952', '-0.883361', NULL, NULL),
	('50006566', 'CARDENAL XAVIERRE', '41.642049', '-0.895452', NULL, NULL),
	('50006578', 'CANTÍN Y GAMBOA', '41.648005', '-0.878017', NULL, NULL),
	('50006581', 'COLEGIO MONTESSORI', '41.644913', '-0.889077', NULL, NULL),
	('50006633', 'COMPAÑÍA DE MARÍA', '41.649646', '-0.886266', NULL, NULL),
	('50006669', 'CRISTO REY', '41.686745', '-0.868839', NULL, NULL),
	('50006670', 'CHILDREN', '41.677383', '-0.871884', NULL, NULL),
	('50006682', 'DIVINA PASTORA', '41.635194', '-0.888417', NULL, NULL),
	('50006700', 'DON BOSCO', '41.657441', '-0.855479', NULL, NULL),
	('50006724', 'LICEO EUROPA', '41.617831', '-0.907522', NULL, NULL),
	('50006736', 'LYCÉE FRANÇAIS MOLIÈRE', '41.662124', '-0.882522', NULL, NULL),
	('50006751', 'ESCUELAS PÍAS', '41.654774', '-0.885996', NULL, NULL),
	('50006761', 'ESCUELAS PÍAS DE SANTA ENGRACIA', '41.633515', '-0.871056', NULL, NULL),
	('50006797', 'PADRE ENRIQUE DE OSSÓ', '41.646852', '-0.915482', NULL, NULL),
	('50006803', 'MARÍA INMACULADA', '41.651055', '-0.919927', NULL, NULL),
	('50006815', 'LA SALLE FRANCISCANAS', '41.639713', '-0.894478', NULL, NULL),
	('50006840', 'HIJAS DE SAN JOSÉ', '41.649043', '-0.901198', NULL, NULL),
	('50006888', 'INMACULADA CONCEPCIÓN', '41.646592', '-0.874974', NULL, NULL),
	('50006931', 'JESÚS REPARADOR', '41.64976', '-0.878557', NULL, NULL),
	('50007005', 'MADRE DE DIOS DE BEGOÑA', '41.651634', '-0.90774', NULL, NULL),
	('50007017', 'MARÍA AUXILIADORA', '41.636003', '-0.880405', NULL, NULL),
	('50007042', 'LA MILAGROSA', '41.635058', '-0.88616', NULL, NULL),
	('50007066', 'MONTEARAGÓN', '41.626898', '-0.904922', NULL, NULL),
	('50007078', 'AGUSTÍN GERICÓ', '41.639364', '-0.87296', NULL, NULL),
	('50007133', 'NTRA. SRA. DEL CARMEN', '41.645649', '-0.881106', NULL, NULL),
	('50007157', 'NTRA. SRA. DEL CARMEN Y SAN JOSÉ', '41.656094', '-0.891331', NULL, NULL),
	('50007194', 'NTRA. SRA. DE LA MERCED', '41.638013', '-0.886406', NULL, NULL),
	('50007236', 'SALESIANO NTRA. SRA.DEL PILAR', '41.644635', '-0.903298', NULL, NULL),
	('50007248', 'TERESIANO DEL PILAR', '41.674403', '-0.960046', NULL, NULL),
	('50007327', 'EL PILAR-MARISTAS', '41.668708', '-0.882163', NULL, NULL),
	('50007352', 'POMPILIANO', '41.636004', '-0.890966', NULL, NULL),
	('50007376', 'LA PURÍSIMA PARA NIÑOS SORDOS', '41.644673', '-0.898937', NULL, NULL),
	('50007388', 'LA PURÍSIMA Y SAN ANTONIO', '41.657869', '-0.867757', NULL, NULL),
	('50007421', 'SAGRADO CORAZÓN', '41.646867', '-0.878134', NULL, NULL),
	('50007431', 'SAGRADO CORAZÓN DE JESÚS', '41.671563', '-0.882797', NULL, NULL),
	('50007467', 'LA SALLE FRANCISCANAS GRAN VÍA', '41.640048', '-0.893195', NULL, NULL),
	('50007479', 'LA SALLE MONTEMOLÍN', '41.637115', '-0.870835', NULL, NULL),
	('50007492', 'LA SALLE-SANTO ANGEL', '41.632376', '-0.927796', NULL, NULL),
	('50007509', 'SAN AGUSTÍN', '41.641267', '-0.881761', NULL, NULL),
	('50007534', 'SAN ANTONIO DE PADUA', '41.634271', '-0.886748', NULL, NULL),
	('50007613', 'BOSQUE TERNURA', '41.654011', '-0.920907', NULL, NULL),
	('50007674', 'ATADES, CENTRO DE EDUCACIÓN ESPECIAL SAN MARTÍN DE PORRES', '41.632791', '-0.891036', NULL, NULL),
	('50007716', 'SAN VALERO', '41.66999', '-0.878909', NULL, NULL),
	('50007728', 'SAN VICENTE DE PAÚL', '41.653776', '-0.875114', NULL, NULL),
	('50007731', 'SANTA ANA', '41.628708', '-0.871074', NULL, NULL),
	('50007777', 'SANTA MAGDALENA SOFÍA', '41.636263', '-0.925604', NULL, NULL),
	('50007789', 'SANTA MARÍA DEL PILAR', '41.626279', '-0.900544', NULL, NULL),
	('50007790', 'SANTA MARÍA REINA', '41.644198', '-0.905012', NULL, NULL),
	('50007807', 'SANTA ROSA', '41.651483', '-0.883786', NULL, NULL),
	('50007856', 'OBRA DIOCESANA SANTO DOMINGO DE SILOS', '41.646462', '-0.860012', NULL, NULL),
	('50007996', 'VILLA CRUZ', '41.632909', '-0.886549', NULL, NULL),
	('50008034', 'BAJO ARAGÓN', '41.638845', '-0.863349', NULL, NULL),
	('50008125', 'CORONA DE ARAGÓN', '41.643394', '-0.897516', 'IES', 'ZARAGOZA'),
	('50008149', 'EUGENIO LÓPEZ Y LÓPEZ', '41.664858', '-0.873879', 'CEIP', 'ZARAGOZA'),
	('50008174', 'MIGUEL SERVET', '41.635131', '-0.889307', 'IES', 'ZARAGOZA'),
	('50008186', 'RAMÓN PIGNATELLI', '41.644644', '-0.923391', 'IES', 'ZARAGOZA'),
	('50008198', 'GOYA', '41.642748', '-0.891126', 'IES', 'ZARAGOZA'),
	('50008277', 'JERÓNIMO ZURITA', '41.644705', '-0.909093', 'IES', 'ZARAGOZA'),
	('50008289', 'PEDRO DE LUNA', '41.652495', '-0.873021', 'IES', 'ZARAGOZA'),
	('50008332', 'ROMAREDA', '41.633738', '-0.905856', NULL, NULL),
	('50008344', 'ESCOLANÍA INFANTES DEL PILAR', '41.65703', '-0.879593', NULL, NULL),
	('50008356', 'CESÁREO ALIERTA', '41.637709', '-0.905329', 'CEIP', 'ZARAGOZA'),
	('50008368', 'DOCTOR AZÚA', '41.637709', '-0.905329', 'CEIP', 'ZARAGOZA'),
	('50008371', 'CÉSAR AUGUSTO', '41.636817', '-0.906248', 'CEIP', 'ZARAGOZA'),
	('50008381', 'ELISEO GODOY BELTRÁN', '41.635884', '-0.905461', 'CEIP', 'ZARAGOZA'),
	('50008459', 'EL PORTILLO', '41.65538', '-0.900508', 'IES', 'ZARAGOZA'),
	('50008460', 'LUIS BUÑUEL', '41.663178', '-0.8957', 'IES', 'ZARAGOZA'),
	('50008514', 'ESCUELA DE ARTE DE ZARAGOZA', '41.648844', '-0.878101', 'EARTE', 'ZARAGOZA'),
	('50008587', 'ODÓN DE BUEN', '41.867073', '-0.788441', 'CEIP', 'ZUERA '),
	('50008605', 'NTRA. SRA. DEL PILAR', '41.871654', '-0.792327', NULL, NULL),
	('50008617', 'SAN GABRIEL', '41.872479', '-0.755411', NULL, NULL),
	('50008629', 'E.F.A. EL SALTO', '41.933717', '-0.761356', NULL, NULL),
	('50008630', 'CEDES', '41.766474', '-0.782896', NULL, NULL),
	('50008642', 'MARÍA MOLINER', '41.650262', '-0.927717', 'IES', 'ZARAGOZA'),
	('50008654', 'CEFOR IZQUIERDO', '41.639138', '-0.880003', NULL, NULL),
	('50008666', 'AUGUSTA BÍLBILIS', '41.351285', '-1.649232', 'CEIP', 'CALATAYUD '),
	('50008678', 'RECTOR MAMÉS ESPERABÉ', '42.128487', '-1.130205', 'CEIP', 'EJEA DE LOS CABALLEROS'),
	('50008691', 'RAMIRO SOLÁNS', '41.652459', '-0.924027', 'CEIP', 'ZARAGOZA'),
	('50008770', 'RÍO ARBA', '41.915144', '-1.255668', 'IES', 'TAUSTE'),
	('50008782', 'SANTA ENGRACIA', '41.940016', '-1.325585', 'CEIP', 'SANTA ENGRACIA'),
	('50008915', 'SAN GERMÁN', '41.699326', '-0.867436', NULL, NULL),
	('50008952', 'RAMÓN Y CAJAL', '41.590391', '-0.928961', 'CEIP', 'CUARTE DE HUERVA'),
	('50008964', 'MONTESSORI', '41.63786', '-0.904462', NULL, NULL),
	('50008976', 'ANTONIO MACHADO', '41.678919', '-0.963227', NULL, NULL),
	('50009026', 'LICEO EUROPA', '41.617831', '-0.907522', NULL, NULL),
	('50009051', 'PLUS ULTRA', '41.645794', '-0.887426', NULL, NULL),
	('50009129', 'CINCO VILLAS', '42.122928', '-1.137662', 'IES', 'EJEA DE LOS CABALLEROS'),
	('50009142', 'HEIDI', '41.639783', '-0.86953', NULL, NULL),
	('50009166', 'JOSÉ MANUEL BLECUA', '41.625069', '-0.879251', 'IES', 'ZARAGOZA'),
	('50009178', 'PABLO GARGALLO', '41.634367', '-0.872765', 'IES', 'ZARAGOZA'),
	('50009208', 'TORRE RAMONA', '41.644037', '-0.86163', 'CEIP', 'ZARAGOZA'),
	('50009211', 'FÉLIX DE AZARA', '41.653905', '-0.91687', 'IES', 'ZARAGOZA'),
	('50009221', 'SANTA AGATOCLIA', '41.375533', '0.304468', NULL, NULL),
	('50009324', 'O.S.C.U.S.', '41.6566', '-0.891811', NULL, NULL),
	('50009348', 'AVEMPACE', '41.677064', '-0.877718', 'IES', 'ZARAGOZA'),
	('50009361', 'JUAN DE LANUZA', '41.662207', '-0.967656', NULL, NULL),
	('50009373', 'JOSÉ CAMÓN AZNAR', '41.657499', '-0.916725', 'CEIP', 'ZARAGOZA'),
	('50009385', 'ZALFONADA', '41.677064', '-0.877718', 'CEIP', 'ZARAGOZA'),
	('50009397', 'TENERÍAS', '41.653626', '-0.870856', 'CEIP', 'ZARAGOZA'),
	('50009403', 'LAS FUENTES', '41.648712', '-0.864709', 'CEIP', 'ZARAGOZA'),
	('50009415', 'GLORIA ARENILLAS', '41.668796', '-0.843652', 'CEIP', 'ZARAGOZA'),
	('50009452', 'MARÍA MOLINER', '41.633074', '-0.873851', 'CEIP', 'ZARAGOZA'),
	('50009488', 'LOS PUEYOS', '41.685669', '-0.772219', NULL, NULL),
	('50009531', 'RAMÓN SÁINZ DE VARANDA', '41.625506', '-0.881817', 'CEIP', 'ZARAGOZA'),
	('50009543', 'BENJAMÍN JARNÉS', '41.508583', '-0.630957', 'IES', 'FUENTES DE EBR'),
	('50009567', 'RÍO GÁLLEGO', '41.668796', '-0.843652', 'IES', 'ZARAGOZA'),
	('50009580', 'MIRAFLORES', '41.641593', '-0.877277', 'CEIP', 'ZARAGOZA'),
	('50009592', 'GALLICUM', '41.860148', '-0.790861', 'IES', 'ZUERA '),
	('50009646', 'EL CARIÑO', '41.713229', '-1.039659', NULL, NULL),
	('50009725', 'CODEF', '41.650933', '-0.907737', NULL, NULL),
	('50009749', 'LA ESTRELLA', '41.663407', '-0.858024', 'CEIP', 'ZARAGOZA'),
	('50009762', 'Nº 1', '41.642264', '-0.904909', 'EOI', 'ZARAGOZA'),
	('50009786', 'ANTONIO MARTÍNEZ GARAY', '41.724808', '-1.034265', 'CEIP', 'CASETA'),
	('50009804', 'J.R. SANTA MARÍA', '41.652119', '-0.876526', NULL, NULL),
	('50009889', 'ACADEMIA MARCO', '41.654216', '-0.885277', NULL, NULL),
	('50009944', 'MONSALUD', '41.653299', '-0.913377', 'CEIP', 'ZARAGOZA'),
	('50009993', 'CONCEPCIÓN ARENAL', '41.651106', '-0.876317', 'CPEPA', 'ZARAGOZA'),
	('50010028', 'ALAÚN', '41.770968', '-1.12058', NULL, NULL),
	('50010041', 'PEDRO CERRADA', '41.711409', '-1.000898', 'IES', 'UTEBO '),
	('50010144', 'PABLO SERRANO', '41.644209', '-0.86338', 'IES', 'ZARAGOZA'),
	('50010156', 'MIRALBUENO', '41.660318', '-0.941391', 'IES', 'ZARAGOZA'),
	('50010168', 'CONDES DE ARAGÓN', '41.638928', '-0.905124', NULL, NULL),
	('50010171', 'HERMANOS MARX', '41.677423', '-0.883092', 'CEIP', 'ZARAGOZA'),
	('50010181', 'HISPANIDAD', '41.64604', '-0.921774', 'CEIP', 'ZARAGOZA'),
	('50010193', 'PUERTA DE SANCHO', '41.662573', '-0.900051', 'CEIP', 'ZARAGOZA'),
	('50010247', 'SANTA ANA', '41.19244', '-1.302952', 'CEIP', 'MAINAR'),
	('50010272', 'EL SALVADOR', '41.632087', '-0.900363', NULL, NULL),
	('50010284', 'COMUNIDAD DE DAROCA', '41.110735', '-1.420173', 'IES', 'DAROCA'),
	('50010296', 'INFANTA ELENA', '41.713175', '-1.022299', 'CEIP', 'UTEBO '),
	('50010302', 'FRANCISCO GRANDE COVIÁN', '41.642406', '-0.861938', 'IES', 'ZARAGOZA'),
	('50010314', 'LOS ENLACES', '41.645009', '-0.922143', 'CINTFP', 'ZARAGOZA'),
	('50010326', 'DE ARAGÓN', '41.6350403', '-0.9123762', 'CONSSUPMUS', 'ZARAGOZA'),
	('50010387', 'ALBORADA', '41.667477', '-0.894017', 'CEE', 'ZARAGOZA'),
	('50010399', 'RÍO EBRO', '41.669043', '-0.894822', 'CEIP', 'ZARAGOZA'),
	('50010430', 'PABLO BRUNA', '41.114431', '-1.412591', NULL, NULL),
	('50010442', 'NICCOLO PAGANINI', '41.650174', '-0.881867', NULL, NULL),
	('50010454', 'ADAGIO', '41.644196', '-0.884589', NULL, NULL),
	('50010478', 'CIUDAD DE ZARAGOZA', '41.647978', '-0.914962', 'CEIP', 'ZARAGOZA'),
	('50010481', 'CORTES DE ARAGÓN', '41.664912', '-0.881467', 'CEIP', 'ZARAGOZA'),
	('50010491', 'SANTIAGO HERNÁNDEZ', '41.657247', '-0.916864', 'IES', 'ZARAGOZA'),
	('50010511', 'TIEMPOS MODERNOS', '41.677423', '-0.883092', 'IES', 'ZARAGOZA'),
	('50010533', 'CABAÑAS', '41.471984', '-1.370795', 'IES', 'ALMUNIA DE DOÑA GODINA (LA'),
	('50010727', 'ELAIOS', '41.668165', '-0.894449', 'IES', 'ZARAGOZA'),
	('50010739', 'PILAR LORENGAR', '41.659918', '-0.860813', 'IES', 'ZARAGOZA'),
	('50010740', 'FERNANDO LÁZARO CARRETER', '41.676813', '-0.882965', 'EOI', 'ZARAGOZA'),
	('50010764', 'ALEJO LORÉN ALBAREDA', '41.232527', '-0.046279', 'CEIP', 'CASPE '),
	('50010818', 'MARCO VALERIO MARCIAL', '41.350311', '-1.643867', 'CPEPA', 'CALATAYUD '),
	('50010821', 'RICARDO SOLA ALMAU', '41.336703', '-1.222554', 'CPEPA', 'CARIÑENA'),
	('50010831', 'JOAQUÍN COSTA', '41.236598', '-0.04345', 'CPEPA', 'CASPE '),
	('50010843', 'EXEA', '42.128034', '-1.134144', 'CPEPA', 'EJEA DE LOS CABALLEROS'),
	('50010855', 'EMILIO NAVARRO', '41.711373', '-1.004625', 'CPEPA', 'UTEBO '),
	('50010867', 'MIGUEL HERNÁNDEZ', '41.719251', '-1.025505', 'CPEPA', 'CASETA'),
	('50010879', 'MARGEN IZQUIERDA', '41.655474', '-0.866433', 'CPEPA', 'ZARAGOZA'),
	('50010880', 'JUAN JOSÉ LORENTE', '41.645817', '-0.914151', 'CPEPA', 'ZARAGOZA'),
	('50010892', 'JOHAN FERRÁNDEZ D\'HEREDIA', '41.350311', '-1.643867', 'EOI', 'CALATAYUD '),
	('50010909', 'DE EJEA DE LOS CABALLEROS', '42.128034', '-1.134144', 'EOI', 'EJEA DE LOS CABALLEROS'),
	('50010910', 'SANTA CECILIA', '41.640399', '-0.890945', NULL, NULL),
	('50010922', 'DE TARAZONA', '41.90571', '-1.726667', 'CONSPROFMUS', 'TARAZONA'),
	('50010946', 'ANDALÁN', '41.660598', '-0.903868', 'IES', 'ZARAGOZA'),
	('50010958', 'MIGUEL DE MOLINOS', '41.673753', '-0.896617', 'IES', 'ZARAGOZA'),
	('50010961', 'SIERRA DE LA VIRGEN', '41.538286', '-1.62478', 'IES', 'ILLUEC'),
	('50010995', 'MEDINA ALBAIDA', '41.646566', '-0.876897', 'IES', 'ZARAGOZA'),
	('50011008', 'RODANAS', '41.607717', '-1.297413', 'IES', 'EPILA '),
	('50011021', 'EL PÓSITO', '41.904716', '-1.728348', 'CPEPA', 'TARAZONA'),
	('50011033', 'DE UTEBO', '41.71132', '-0.997078', 'EOI', 'UTEBO '),
	('50011045', 'DE TARAZONA', '41.903926', '-1.723678', 'EOI', 'TARAZONA'),
	('50011057', 'LA ALFRANCA', '41.643578', '-0.81751', NULL, NULL),
	('50011069', 'ÁNGEL SANZ BRIZ', '41.722608', '-1.025458', 'IES', 'CASETA'),
	('50011070', 'SIGLO XXI', '41.783284', '-1.224673', 'IES', 'PEDROL'),
	('50011100', 'SAGRADO CORAZÓN-MONCAYO', '41.63754', '-0.909847', NULL, NULL),
	('50011124', 'DE LUMPIAQUE', '41.632475', '-1.300112', 'CRA', 'LUMPIAQUE '),
	('50011136', 'EL ENEBRO', '41.443536', '-1.563071', 'CRA', 'SABIÑA'),
	('50011148', 'ARANDA-ISUELA', '41.546944', '-1.649014', 'CRA', 'GOTOR '),
	('50011151', 'TRES RIBERAS', '41.286759', '-1.617363', 'CRA', 'MALUENDA'),
	('50011161', 'RÍO RIBOTA', '41.44423', '-1.707099', 'CRA', 'ANIÑON'),
	('50011173', 'EL MIRADOR', '41.397492', '-1.829568', 'CRA', 'MOROS '),
	('50011185', 'MESA-PIEDRA-ALTO CAMPILLO', '41.215724', '-1.833712', 'CRA', 'IBDES '),
	('50011197', 'CERRO DE SANTA CRUZ', '41.054938', '-1.558398', 'CRA', 'USED'),
	('50011203', 'L\' ALBARDÍN', '41.258917', '-0.873176', 'CRA', 'AZUARA'),
	('50011215', 'MONLORA', '42.115953', '-0.948791', 'CRA', 'ERLA'),
	('50011227', 'BÉCQUER', '41.948743', '-1.6973', 'CRA', 'NOVALLAS'),
	('50011239', 'ÍNSULA BARATARIA', '41.766409', '-1.172933', 'CRA', 'FIGUERUELA'),
	('50011240', 'LUIS BUÑUEL', '42.197623', '-1.336436', 'CRA', 'PINSOR'),
	('50011252', 'ZAURÍN', '41.331869', '-1.789888', 'IES', 'ATECA '),
	('50011264', 'DE ZARAGOZA', '41.6543', '-0.8745', 'CONSPROFMUS', 'ZARAGOZA'),
	('50011288', 'CASTILLO QADRIT', '41.559814', '-0.964642', 'CEIP', 'CADRET'),
	('50011291', 'LAS VIÑAS', '41.759738', '-1.472296', 'CRA', 'FUENDEJALO'),
	('50011306', 'MATEO VALERO', '41.409136', '-1.179779', 'CEIP', 'ALFAME'),
	('50011318', 'PUERTA DE ARAGÓN', '41.31013', '-2.060151', 'CRA', 'ARIZA '),
	('50011321', 'L\' ALBADA', '41.497516', '-0.147113', 'CRA', 'BUJARALOZ '),
	('50011331', 'MARÍA MOLINER', '41.569052', '-0.741541', 'CRA', 'BURGO DE EBRO (EL)'),
	('50011343', 'FABARA-NONASPE DOS AGUAS', '41.176453', '0.165328', 'CRA', 'FABARA'),
	('50011355', 'DEL EBRO', '41.41012', '-0.45766', 'CRA', 'GELSA '),
	('50011367', 'VICORT-ISUELA', '41.415818', '-1.492948', 'CRA', 'FRASNO (EL'),
	('50011379', 'LA HUECHA', '41.628265', '-0.891363', 'CRA', 'MAGALLON'),
	('50011380', 'ORBA', '41.466656', '-1.085827', 'CRA', 'MUEL'),
	('50011392', 'LA CEPA', '41.249604', '-1.154729', 'CRA', 'PANIZA'),
	('50011409', 'LA SABINA', '41.575446', '-0.648784', 'CRA', 'VILLAFRANCA DE EBR'),
	('50011410', 'LOS BAÑALES', '42.28086', '-1.271326', 'CRA', 'SADABA'),
	('50011422', 'BAJO GÁLLEGO', '41.798116', '-0.609406', 'CRA', 'LECIÑENA'),
	('50011434', 'DE FUENTES DE EBRO', '41.514701', '-0.636016', 'CPEPA', 'FUENTES DE EBR'),
	('50011446', 'GÓMEZ LAFUENTE', '41.65655', '-0.883897', 'CPEPA', 'ZARAGOZA'),
	('50011458', 'CASA CANAL', '41.635566', '-0.885507', 'CPEPA', 'ZARAGOZA'),
	('50011461', 'ALFINDÉN', '41.632581', '-0.754815', 'CPEPA', 'PUEBLA DE ALFINDEN (LA'),
	('50011471', 'DE LA ALMUNIA DE DOÑA GODINA', '41.475753', '-1.375844', 'CPEPA', 'ALMUNIA DE DOÑA GODINA (LA'),
	('50011483', 'DE DAROCA', '41.114339', '-1.415346', 'CPEPA', 'DAROCA'),
	('50011495', 'CONSERVATORIO MUNICIPAL ELEMENTAL MÚSICA', '41.639323', '-0.899973', 'CONSELEMUS', 'ZARAGOZA'),
	('50011501', 'CONSERVATORIO MUNICIPAL PROFESIONAL DE DANZA', '41.639323', '-0.899973', 'CONSPROFDAN', 'ZARAGOZA'),
	('50011513', 'TUBALCAÍN', '41.908006', '-1.720792', 'IES', 'TARAZONA'),
	('50011525', 'MIGUEL CATALÁN', '41.633728', '-0.902072', 'IES', 'ZARAGOZA'),
	('50011537', 'RINCÓN DE GOYA', '41.630469', '-0.898715', 'CEE', 'ZARAGOZA'),
	('50011549', 'ESCUELA DE MÚSICA Y DANZA', '41.640584', '-0.902853', NULL, NULL),
	('50011550', 'RAMÓN Y CAJAL', '41.655', '-0.890441', 'IES', 'ZARAGOZA'),
	('50011562', 'ANTONIO BELTRÁN MARTÍNEZ', '41.645419', '-0.9159', 'CEIP', 'ZARAGOZA'),
	('50011574', 'CPA-SALDUIE', '41.661922', '-0.882546', NULL, NULL),
	('50011598', 'SANTA MARÍA', '41.651432', '-0.8772', NULL, NULL),
	('50011604', 'CITTÁ DI ROMA', '41.638776', '-0.872595', NULL, NULL),
	('50011616', 'ALFRED', '41.650232', '-0.899966', NULL, NULL),
	('50011628', 'TIC TAC', '41.656307', '-0.864743', NULL, NULL),
	('50011631', 'MARCO ALDANY TALLER DE PELUQUEROS', '41.65367', '-0.885148', NULL, NULL),
	('50011641', 'ANGEL MINGOTE', '41.639371', '-0.907315', NULL, NULL),
	('50011653', 'RUBINSTEIN', '41.65208', '-0.907773', NULL, NULL),
	('50011665', 'MAR DE ARAGÓN', '41.123885', '0.137145', 'SEC-IES', 'MAELLA'),
	('50011677', 'VALLE DEL HUECHA', '41.901859', '-1.418404', 'IES', 'MALLEN'),
	('50011689', 'BAJO CINCA', '41.375533', '0.304468', 'SEC-IES', 'MEQUINENZA'),
	('50011690', 'REYES CATÓLICOS', '42.285218', '-1.27125', 'SEC-IES', 'SADABA'),
	('50011707', 'BENJAMÍN JARNÉS', '41.323226', '-0.345549', 'SEC-IES', 'SASTAG'),
	('50011719', 'BENJAMÍN JARNÉS', '41.306595', '-0.758329', 'SEC-IES', 'BELCHITE'),
	('50011720', 'MAR DE ARAGÓN', '41.496685', '-0.154067', 'SEC-IES', 'BUJARALOZ '),
	('50011732', 'MAR DE ARAGÓN', '41.233402', '-0.043817', 'IES', 'CASPE '),
	('50011756', 'PELUCHE', '41.638882', '-0.898575', NULL, NULL),
	('50011768', 'LA CASITA DE NANY', '41.676338', '-0.892011', NULL, NULL),
	('50011771', 'GARRAPINIÑOS', '41.682558', '-1.025454', NULL, NULL),
	('50011781', 'VALLE DE TENA', '41.632277', '-0.903218', NULL, NULL),
	('50011793', 'ARTE-MISS ZARAGOZA, CENTRO 1', '41.653074', '-0.903893', NULL, NULL),
	('50011801', 'JOSÉ ANTONIO LABORDETA SUBÍAS', '41.677622', '-0.897084', 'CEIP', 'ZARAGOZA'),
	('50011811', 'CHIQUITINES II', '41.6696017', '-0.8391124', NULL, NULL),
	('50011847', 'JOSEFA AMAR Y BORBÓN', '41.674533', '-0.88304', 'CEIP', 'ZARAGOZA'),
	('50011872', 'VILLACAMPA', '41.66036', '-0.874775', 'EEI', 'ZARAGOZA'),
	('50017001', 'ANDARINES', '41.67626', '-0.878037', NULL, NULL),
	('50017011', 'EDUCANDO', '41.659745', '-0.901015', NULL, NULL),
	('50017023', 'ALMOZARA', '41.660174', '-0.902118', NULL, NULL),
	('50017035', 'DE BIOTA', '42.262231', '-1.18939', 'EEI', 'BIOTA '),
	('50017047', 'ACTUR', '41.668007', '-0.884156', NULL, NULL),
	('50017059', 'CENTRO DE DISEÑO HACER CREATIVO', '41.638303', '-0.908085', NULL, NULL),
	('50017060', 'FEDERICO CHOPÍN', '41.65227', '-0.897323', NULL, NULL),
	('50017072', 'PARQUE GOYA', '41.681156', '-0.872339', 'CEIP', 'ZARAGOZA'),
	('50017084', 'PEQUEAYUD', '41.35073', '-1.646778', NULL, NULL),
	('50017096', 'ARSENIO JIMENO', '41.665786', '-0.8923', NULL, NULL),
	('50017102', 'Nº 1', '41.651042', '-0.927683', 'EXT-EOI', 'ZARAGOZA'),
	('50017114', 'FERNANDO LÁZARO CARRETER', '41.865742', '-0.79048', 'EXT-EOI', 'ZUERA '),
	('50017126', 'DE ALCAÑIZ', '41.233402', '-0.043817', 'EXT-EOI', 'CASPE '),
	('50017138', 'LA PEQUEÑA COMETA', '41.671759', '-0.885435', NULL, NULL),
	('50017141', 'ZAGALICOS', '41.209849', '-1.084838', 'EEI', 'HERRERA DE LOS NAVARRO'),
	('50017151', 'DE CALATORAO', '41.524505', '-1.345139', 'EEI', 'CALATORAO '),
	('50017163', 'FUNDACIÓN EL REFUGIO', '41.651106', '-0.892309', NULL, NULL),
	('50017175', 'NTRA. SRA. DE LOS DOLORES', '41.641861', '-0.870615', NULL, NULL),
	('50017187', 'MIGUEL ARNAUDAS', '41.769351', '-1.121425', NULL, NULL),
	('50017199', 'ESCUELA DE MÚSICA', '41.708457', '-1.000432', NULL, NULL),
	('50017205', 'NUESTRA SEÑORA DE LA ROSA', '41.718116', '-1.026056', NULL, NULL),
	('50017217', 'ALDEAS INFANTILES SOS DE ESPAÑA', '41.691805', '-0.77387', NULL, NULL),
	('50017229', 'BOLANDRINA', '41.653604', '-0.877748', NULL, NULL),
	('50017230', 'ESCUELA DE MÚSICA', '42.122817', '-1.142697', NULL, NULL),
	('50017242', 'EL CARMEN', '41.652052', '-0.890556', NULL, NULL),
	('50017254', 'SIERVAS DE LOS POBRES', '41.625373', '-0.880846', NULL, NULL),
	('50017266', 'MUÑECOS', '41.627794', '-0.891551', NULL, NULL),
	('50017278', 'ESCUELA DE MÚSICA', '41.486753', '-0.528694', NULL, NULL),
	('50017281', 'JOSÉ DE NEBRA', '41.35465', '-1.640585', NULL, NULL),
	('50017291', 'NUESTRA SEÑORA DE LA PAZ', '41.627379', '-0.875548', NULL, NULL),
	('50017308', 'LA VIRGEN NIÑA', '41.629251', '-0.890771', NULL, NULL),
	('50017311', 'DE ARAGÓN', '41.648844', '-0.878101', 'ESUPDIS', 'ZARAGOZA'),
	('50017321', 'DE PINSEQUE', '41.735794', '-1.099528', 'EEI', 'PINSEQUE'),
	('50017333', 'SOLETES', '41.666536', '-0.826896', NULL, NULL),
	('50017345', 'EL MANZANO', '41.671504', '-0.893319', NULL, NULL),
	('50017357', 'PIVOT POINT CENTER ROMERO II', '41.658144', '-0.893395', NULL, NULL),
	('50017369', 'ANGEL RIVIÈRE', '41.661587', '-0.883011', 'CEE', 'ZARAGOZA'),
	('50017370', 'ESCUELA POPULAR DE MÚSICA', '41.654313', '-0.879413', NULL, NULL),
	('50017382', 'CHICOTES', '41.653983', '-0.858911', NULL, NULL),
	('50017394', 'JUNQUICOS', '41.633292', '-0.749108', 'EEI', 'PUEBLA DE ALFINDEN (LA'),
	('50017400', 'PABLO NASSARRE', '41.63553', '-0.885927', NULL, NULL),
	('50017412', 'ESCUELA DE MÚSICA', '41.478506', '-1.371935', NULL, NULL),
	('50017424', 'TAMBOR', '41.665338', '-0.889665', NULL, NULL),
	('50017448', 'GIL TARÍN', '41.581116', '-1.116507', 'CEIP', 'MUELA (LA)'),
	('50017451', 'PARQUE EUROPA', '41.702493', '-0.998783', 'CEIP', 'UTEBO '),
	('50017461', 'CHIP Y CHOP', '41.672443', '-0.876535', NULL, NULL),
	('50017485', 'COLUMBUS', '41.646536', '-0.885995', NULL, NULL),
	('50017497', 'EL OSO DEL PARQUE', '41.650701', '-0.867685', NULL, NULL),
	('50017503', 'OCÉANO ATLÁNTICO', '41.662287', '-0.874273', NULL, NULL),
	('50017515', 'CENTRO NACIONAL DE ESTUDIOS E INVESTIGACIÓN DE FÚTBOL SALA (CENEIFS)', '41.66999', '-0.878909', NULL, NULL),
	('50017527', 'PIRINEOS', '41.666013', '-0.872511', 'EEI', 'ZARAGOZA'),
	('50017539', 'LOS VIENTOS', '41.674533', '-0.88304', 'EEI', 'ZARAGOZA'),
	('50017540', 'DE LA ALMUNIA DE DOÑA GODINA', '41.476407', '-1.375982', 'EEI', 'ALMUNIA DE DOÑA GODINA (LA'),
	('50017552', 'DE TAUSTE', '41.917086', '-1.254357', 'EEI', 'TAUSTE'),
	('50017564', 'DE SANTA ENGRACIA', '41.940206', '-1.326506', 'EEI', 'SANTA ENGRACIA'),
	('50017576', 'DE SABIÑÁN', '41.442657', '-1.562911', 'EEI', 'SABIÑA'),
	('50017588', 'PEQUES', '41.829481', '-0.765676', NULL, NULL),
	('50017591', 'ENCLAVE DE AR-T', '41.642997', '-0.874027', NULL, NULL),
	('50017606', 'LA COMETA', '41.702493', '-0.998783', 'EEI', 'UTEBO '),
	('50017618', 'ESCUELA MUNICIPAL DE MÚSICA', '42.358382', '-1.135345', NULL, NULL),
	('50017631', 'DE ALAGÓN', '41.77228', '-1.124615', 'EEI', 'ALAGON'),
	('50017643', 'LA CARTUJA BAJA', '41.605997', '-0.824012', NULL, NULL),
	('50017655', 'EL POMILLO', '41.816741', '-1.518598', 'CEIP', 'AINZON'),
	('50017667', 'DIEGO ESCOLANO', '41.400496', '-1.168243', 'CEIP', 'LONGARES'),
	('50017679', 'PABLO LUNA', '41.297499', '-1.889292', 'CEIP', 'ALHAMA DE ARAGON'),
	('50017680', 'RAMÓN Y CAJAL', '41.487889', '-0.529565', 'CEIP', 'PINA DE EBRO'),
	('50017692', 'DE MALLÉN', '41.901859', '-1.418404', 'EEI', 'MALLEN'),
	('50017709', 'DE GALLUR', '41.868454', '-1.316828', NULL, NULL),
	('50017710', 'MONTECANAL', '41.627899', '-0.932397', 'CEIP', 'ZARAGOZA'),
	('50017722', 'CENTRO DE TECNIFICACIÓN DE LA FEDERACIÓN ARAGONESA DE FÚTBOL (CETEFA)', '41.644635', '-0.903298', NULL, NULL),
	('50017734', 'LAS BALSAS', '41.870857', '-0.785064', 'EEI', 'ZUERA '),
	('50017746', 'DE CASPE', '41.233645', '-0.046899', 'EEI', 'CASPE '),
	('50017758', 'PINOCHO', '41.114887', '-1.41064', 'EEI', 'DAROCA'),
	('50017761', 'CENTRO NACIONAL DE ESTUDIOS DE TÉCNICOS DEPORTIVOS (CENETED). ESPECIALIDAD FÚTBOL', '41.837413', '-1.178261', NULL, NULL),
	('50017771', 'PEQUENINOS', '41.624902', '-0.909945', NULL, NULL),
	('50017783', 'ARCO-IRIS', '41.557131', '-0.961547', 'EEI', 'CADRET'),
	('50017795', 'EVARISTO BERNAL', '41.767671', '-0.821367', NULL, NULL),
	('50017801', 'CU CU-TAS TAS', '41.663056', '-0.882324', NULL, NULL),
	('50017813', 'ZARADUENDES', '41.66581', '-0.827335', NULL, NULL),
	('50017825', 'DE ESCATRÓN', '41.289411', '-0.32314', 'EEI', 'ESCATRON'),
	('50017837', 'DE TARAZONA', '41.905968', '-1.720229', 'EEI', 'TARAZONA'),
	('50017849', 'EL TREN CHU-CHU', '41.659535', '-0.873126', NULL, NULL),
	('50017850', 'EL DUENDE DEL BOSQUE', '41.718071', '-1.025153', NULL, NULL),
	('50017862', 'AGUSTINA DE ARAGÓN', '41.687976', '-0.873452', 'CEIP', 'ZARAGOZA'),
	('50017874', 'EL ESPARTIDERO', '41.669392', '-0.822729', 'CEIP', 'ZARAGOZA'),
	('50017886', 'LA AZUCARERA', '41.665516', '-0.870273', 'IES', 'ZARAGOZA'),
	('50017898', 'REINO DE ARAGÓN', '41.631893', '-0.757091', 'CEIP', 'PUEBLA DE ALFINDEN'),
	('50017904', 'GALO PONTE', '41.833817', '-0.764892', 'CEIP', 'SAN MATEO DE GALLEGO'),
	('50017916', 'SAN ROQUE', '41.534892', '-0.999728', 'CEIP', 'MARIA DE HUERV'),
	('50017931', 'LA COMETA', '41.57122', '-0.742055', 'EEI', 'BURGO DE EBRO (EL)'),
	('50017941', 'EL BARQUITO DE PAPEL', '41.649599', '-0.906569', NULL, NULL),
	('50017953', 'BLANCANIEVES', '41.285939', '-1.618524', 'EEI', 'MALUENDA'),
	('50017965', 'DE BOQUIÑENI', '41.849568', '-1.252269', 'EEI', 'BOQUIÑENI '),
	('50017977', 'DE BREA DE ARAGÓN', '41.523596', '-1.59863', 'EEI', 'BREA DE ARAGON'),
	('50017989', 'NERTÓBRIGA', '41.511596', '-1.400778', 'EEI', 'RICLA '),
	('50017990', 'MI MUNDO', '41.53861', '-0.99691', NULL, NULL),
	('50018003', 'ESCUELA ARAGONESA DE ENTRENADORES DE ATLETISMO', '41.682979', '-0.889643', NULL, NULL),
	('50018015', 'KARACOL', '41.682061', '-0.871548', NULL, NULL),
	('50018027', 'DE SÁDABA', '42.285218', '-1.27125', 'EEI', 'SADABA'),
	('50018039', 'ISABEL DE ARAGÓN', '41.598921', '-1.276854', 'EEI', 'EPILA '),
	('50018040', 'NUESTRA SEÑORA DE LORETO', '41.663129', '-0.988297', 'EEI', 'ZARAGOZA'),
	('50018052', 'PATINETE', '41.64556', '-0.895433', NULL, NULL),
	('50018064', 'MI COLE', '41.649933', '-0.933329', NULL, NULL),
	('50018076', 'PEQUENINOS MONTES DEL CANAL', '41.635919', '-0.945647', NULL, NULL),
	('50018088', 'FRANCISCA GIL DE LA RIVA', '41.47713', '-1.568071', 'EEI', 'MORES '),
	('50018091', 'COLORADO COLORÍN', '41.31013', '-2.060151', 'EEI', 'ARIZA '),
	('50018106', 'DE MAELLA', '41.123482', '0.137984', 'EEI', 'MAELLA'),
	('50018118', 'DE QUINTO', '41.426297', '-0.496434', 'EEI', 'QUINTO'),
	('50018121', 'OCTAVUS', '41.704491', '-0.995238', 'CEIP', 'UTEBO '),
	('50018131', 'JEAN PIAGET', '41.687976', '-0.873452', 'CEE', 'ZARAGOZA'),
	('50018143', 'LUCIEN BRIET', '41.670992', '-0.874558', 'CEIP', 'ZARAGOZA'),
	('50018155', 'MOLINER', '41.639371', '-0.883962', NULL, NULL),
	('50018167', 'DUENDEDUCA', '41.675177', '-0.877615', NULL, NULL),
	('50018179', 'LA RUELLA', '41.376634', '0.302504', 'EEI', 'MEQUINENZA'),
	('50018180', 'LA PARVADICA', '41.739284', '-1.036323', 'EEI', 'SOBRADIEL '),
	('50018192', 'LA PIRAÑA', '41.644903', '-0.86962', 'EEI', 'ZARAGOZA'),
	('50018209', 'ZAGALICOS', '41.706009', '-0.997598', NULL, NULL),
	('50018210', 'ARCO IRIS', '41.335867', '-1.183788', 'EEI', 'CARIÑENA'),
	('50018222', 'LA PAZ', '41.625482', '-0.876946', NULL, NULL),
	('50018234', 'LA LOCOMOTORA', '41.660209', '-0.870919', NULL, NULL),
	('50018246', 'VALDESPARTERA', '41.623872', '-0.916836', 'CEIP', 'ZARAGOZA'),
	('50018258', 'MARIE CURIE', '41.659517', '-0.863937', 'CEIP', 'ZARAGOZA'),
	('50018261', 'MIRALBUENO', '41.656325', '-0.932817', 'CEIP', 'ZARAGOZA'),
	('50018271', 'ROSALES DEL CANAL', '41.634774', '-0.940607', 'CEIP', 'ZARAGOZA'),
	('50018295', 'ZARAPEQUES', '41.657767', '-0.932184', NULL, NULL),
	('50018301', 'BALTASAR GONZÁLEZ', '41.834914', '-1.528175', 'EEI', 'BORJA '),
	('50018313', 'ZAGALICOS', '41.775055', '-0.821204', 'EEI', 'VILLANUEVA DE GALLEGO '),
	('50018325', 'GLORIA FUERTES', '42.126094', '-1.140359', 'EEI', 'EJEA DE LOS CABALLEROS'),
	('50018337', 'EL TREN', '41.659467', '-0.897418', 'EEI', 'ZARAGOZA'),
	('50018349', 'LOS IBONES', '41.652', '-0.931106', 'EEI', 'ZARAGOZA'),
	('50018350', 'BRIOLETAS', '41.668991', '-0.829976', 'EEI', 'ZARAGOZA'),
	('50018362', 'MARÍA URREA', '41.676656', '-0.897628', 'EEI', 'ZARAGOZA'),
	('50018374', 'LA PAZ', '41.628511', '-0.874084', 'EEI', 'ZARAGOZA'),
	('50018386', 'EL ARKA ', '41.633861', '-0.875797', NULL, NULL),
	('50018398', 'ZAGALINES', '41.657839', '-0.869551', NULL, NULL),
	('50018404', 'DE FUENDEJALÓN', '41.761403', '-1.472462', 'EEI', 'FUENDEJALO'),
	('50018416', 'PARQUE GOYA', '41.687976', '-0.873452', 'IES', 'ZARAGOZA'),
	('50018428', 'TORRE DE LOS ESPEJOS', '41.703877', '-0.99351', 'IES', 'UTEBO '),
	('50018431', 'CUÉNTAME', '41.686932', '-0.875429', NULL, NULL),
	('50018441', 'DE FUENTES DE EBRO', '41.508873', '-0.628646', 'EEI', 'FUENTES DE EBR'),
	('50018453', 'LAS TORRES DE MONTECANAL', '41.632376', '-0.927796', NULL, NULL),
	('50018465', 'DE NOVILLAS', '41.9349494', '-1.3940513', 'EEI', 'NOVILLAS'),
	('50018477', 'DE JARABA', '41.1916266', '-1.8847602', 'EEI', 'JARABA'),
	('50018489', 'EL CASTILLO', '41.1748253', '-0.4505459', 'EEI', 'ALMONACID DE LA SIERRA'),
	('50018490', 'PEDUGUINES', '41.6306979', '-0.7522846', NULL, NULL),
	('50018507', 'JUEGO Y APRENDO', '41.6562873', '-0.8765379', NULL, NULL),
	('50018519', 'CHIQUILINES', '41.6228176', '-0.9176951', NULL, NULL),
	('50018520', 'DE LUCENI', '41.8297842', '-1.24342', 'EEI', 'LUCENI'),
	('50018532', 'LA CUNICA', '41.7442721', '-1.0719632', 'EEI', 'JOYOSA '),
	('50018544', 'MIMOSINES', '41.5933991', '-0.681392', NULL, NULL),
	('50018556', 'LUIS MANUEL GARCÍA URREA', '41.6452054', '-0.8888196', NULL, NULL),
	('50018568', 'PLAZA', '41.648186', '-0.996796', NULL, NULL),
	('50018571', 'LA JOTA 2', '41.6621136', '-0.8575046', NULL, NULL),
	('50018581', 'CHIRIBILLAS', '41.4367998', '-1.243137', 'EEI', 'ALFAME'),
	('50018593', 'DE ALPARTIR', '41.4231809', '-1.3804526', 'EEI', 'ALPARTIR'),
	('50018601', 'GARABATOS', '41.3092958', '-0.7503189', 'EEI', 'BELCHITE'),
	('50018611', 'DE MORATA DE JALÓN', '41.4749976', '-1.4724816', 'EEI', 'MORATA DE JALO'),
	('50018623', 'PASICOS', '41.4635139', '-1.0864375', 'EEI', 'MUEL'),
	('50018635', 'REINA BERTA', '42.3340163', '-0.7447606', 'EEI', 'MURILLO DE GALLEGO'),
	('50018647', 'DE ONTINAR DE SALZ', '41.9349808', '-0.7574669', 'EEI', 'ONTINAR DE SAL'),
	('50018659', 'RENACUAJOS', '41.6182415', '-0.7817926', 'EEI', 'PASTRI'),
	('50018660', 'DE UNCASTILLO', '42.3629083', '-1.1301742', 'EEI', 'UNCASTILLO'),
	('50018672', 'LA ESTRELLA', '41.7111003', '-1.0105612', 'EEI', 'UTEBO '),
	('50018684', 'LOS ZAGALES', '41.5755405', '-0.6484398', 'EEI', 'VILLAFRANCA DE EBR'),
	('50018696', 'RISETAS', '41.7028228', '-0.9953251', NULL, NULL),
	('50018702', 'KID\'S GARDEN REYES DE ARAGÓN', '41.6257584', '-0.9069673', NULL, NULL),
	('50018714', 'GARNACHICA', '41.8171419', '-1.517929', 'EEI', 'AINZON'),
	('50018726', 'LA SOLANA', '41.3300067', '-1.7954665', 'EEI', 'ATECA '),
	('50018738', 'DE LECIÑENA', '41.7970411', '-0.6109599', 'EEI', 'LECIÑENA'),
	('50018741', 'DE PERDIGUERA', '41.7535665', '-0.633337', 'EEI', 'PERDIGUERA'),
	('50018751', 'DE BUJARALOZ', '41.4986911', '-0.1524316', 'EEI', 'BUJARALOZ '),
	('50018763', 'DE COSUENDA', '41.3635871', '-1.2976562', 'EEI', 'COSUENDA'),
	('50018775', 'DE ILLUECA', '41.5401397', '-1.6261405', 'EEI', 'ILLUEC'),
	('50018787', 'ARCO-IRIS', '41.8300564', '-1.459793', 'EEI', 'MAGALLON'),
	('50018799', 'DE PEDROLA', '41.7897533', '-1.215297', 'EEI', 'PEDROL'),
	('50018805', 'POMPITAS', '41.8327297', '-0.765731', 'EEI', 'SAN MATEO DE GALLEGO'),
	('50018817', 'CATALINA DE ARAGÓN', '41.689086', '-0.878708', 'CEIP', 'ZARAGOZA'),
	('50018829', 'CORONA DE ARAGÓN', '41.6436074', '-0.897326', 'CINTFP', 'ZARAGOZA'),
	('50018830', 'VADORREY-LES ALLÉES', '41.657101', '-0.857123', 'CEIP', 'ZARAGOZA'),
	('50018842', 'ÍTACA', '41.633294', '-0.7491811', 'SEC-IES', 'PUEBLA DE ALFINDEN '),
	('50018854', 'MAGIC FOREST', '41.7046926', '-0.9973482', NULL, NULL),
	('50018866', 'MONIGOTES', '41.6457122', '-0.8942365', NULL, NULL),
	('50018878', 'EL BOSQUE', '41.654924', '-0.8729462', 'EEI', 'ZARAGOZA'),
	('50018881', 'EL ANDÉN', '41.6512479', '-0.8957663', 'EEI', 'ZARAGOZA'),
	('50018891', 'LAS HABLILLAS', '41.5889882', '-0.942977', 'EEI', 'CUARTE DE HUERVA'),
	('50018908', 'PALMAS PALMITAS', '41.5431736', '-0.9956047', 'EEI', 'MARIA DE HUERV'),
	('50018911', 'LA CUEVA ENCANTADA', '41.6135174', '-0.7056319', 'EEI', 'ALFAJARIN '),
	('50018921', 'Zagalines', '41.2974999', '-1.8892938', 'EEI', 'ALHAMA DE ARAGON'),
	('50018933', 'MARGARITA', '41.3546234', '-1.6389501', 'EEI', 'CALATAYUD '),
	('50018945', 'DE LÉCERA', '41.2047224', '-0.7088003', 'EEI', 'LECERA'),
	('50018957', 'DE LONGARES', '41.4022364', '-1.1698946', 'EEI', 'LONGARES'),
	('50018969', 'DE LA DELEGACIÓN ESPECIAL DE ECONOMÍA Y HACIENDA DE ARAGÓN', '41.6502654', '-0.8865201', 'EEI', 'ZARAGOZA'),
	('50018970', 'DE EJEA DE LOS CABALLEROS (BARDENAS)', '42.1780486', '-1.1991547', 'EEI', 'BARDENAS'),
	('50018982', 'DE EJEA DE LOS CABALLEROS (PINSORO)', '42.1927481', '-1.336047', 'EEI', NULL),
	('50018994', 'DE EJEA DE LOS CABALLEROS (SANTA ANASTASIA)', '42.1391977', '-1.2289927', 'EEI', 'SANTA ANASTASI'),
	('50019007', 'NENETES', '41.6604191', '-0.9331949', NULL, NULL),
	('50019019', 'JULIO VERNE', '41.657422', '-0.92411', 'CEIP', 'ZARAGOZA'),
	('50019020', 'VALDESPARTERA', '41.6250652', '-0.9293576', 'IES', 'ZARAGOZA'),
	('50019032', 'ZAGALICOS', '41.3403078', '-1.2683784', 'EEI', 'AGUARO'),
	('50019044', 'DE LUMPIAQUE', '41.631835', '-1.300592', 'EEI', 'LUMPIAQUE '),
	('50019056', 'EL JARDINCILLO', '41.2863604', '-1.2128154', 'EEI', 'PANIZA'),
	('50019068', 'DE TORRES DE BERRELLÉN', '41.7710404', '-1.124615', 'EEI', 'TORRES DE BERRELLE'),
	('50019071', 'ADES CENTRO TECNOLÓGICO', '41.8936324', '-1.7080405', NULL, NULL),
	('50019081', 'VALDESPARTERA II', '41.614995', '-0.92591', 'CEIP', 'ZARAGOZA'),
	('50019093', 'LAS FÁBULAS', '41.5918628', '-0.9327028', 'EEI', 'CUARTE DE HUERVA'),
	('50019101', 'GALLICUM', '41.7553738', '-0.8355242', 'SEC-IES', 'VILLANUEVA DE GALLEGO '),
	('50019111', 'SALTARINES', '41.6835729', '-0.8728444', NULL, NULL),
	('50019123', 'DE PINA DE EBRO', '41.486592', '-0.529082', 'EEI', 'PINA DE EBRO'),
	('50019135', 'PARQUE BRUIL', '41.6530649', '-0.8653932', 'EEI', 'ZARAGOZA'),
	('50019147', 'FUNDACIÓN LABORAL DE LA CONSTRUCCIÓN', '41.749348', '-0.8424133', NULL, NULL),
	('50019159', 'EL NIDO DE PATRICIA', '41.6383672', '-0.8677866', NULL, NULL),
	('50019160', 'ES-COOL', '41.669745', '-0.9122624', NULL, NULL),
	('50019172', 'Centro de Enseñanzas Deportivas Zaragoza (CENDEZA)', '41.6688359', '-0.8833448', NULL, NULL),
	('50019184', 'VILLA DE ZUERA', '41.8678909', '-0.7886396', NULL, NULL),
	('50019196', 'CANTACUCOS', '41.9486336', '-1.6972832', 'EEI', 'NOVALLAS'),
	('50019202', 'CENTRO NACIONAL DE ESTUDIOS DE TÉCNICOS DEPORTIVOS (CENETED). ESPECIALIDAD FÚTBOL', '42.1262987', '-1.1312478', NULL, NULL),
	('50019214', 'IR CRECIENDO', '41.6204869', '-0.9249298', NULL, NULL),
	('50019226', 'SÁSTAGO', '41.3227925', '-0.3436878', 'EEI', 'SASTAG'),
	('50019241', 'PLANETA IMAGINARIO', '41.619943', '-0.932625', NULL, NULL),
	('50019251', 'VAL DE LA ATALAYA', '41.542528', '-0.998414', 'CEIP', 'MARIA DE HUERV'),
	('50019263', 'KID\'S GARDEN ACTUR', '41.6678784', '-0.8923338', NULL, NULL),
	('50019275', 'CENTRO DE ENSEÑANZAS DEPORTIVAS-ENTEDE', '41.6324', '-0.927796', NULL, NULL),
	('50019287', 'ZARAGOZA SUR', '41.635556', '-0.947701', 'CEIP', 'ZARAGOZA'),
	('50019299', 'CUARTE DE HUERVA III', '41.5855', '-0.945038', 'CEIP', 'CUARTE DE HUERVA'),
	('50019305', 'DADA', '41.6161891', '-0.9223300', NULL, NULL),
	('50019317', 'NERTÓBRIGA II', '41.4746', '-1.37218', 'CEIP', 'ALMUNIA DE DOÑA GODINA (LA'),
	('50019330', 'CENTRO NACIONAL DE FORMACIÓN DE ENTRENADORES DE FÚTBOL(C.E.N.A.F.E.)', '41.627241', '-0.906439', NULL, NULL),
	('50019342', 'Reino Menudo', '41.639213', '-0.945243', NULL, NULL),
	('50019378', 'INTERNACIONAL ÁNFORA', '41.580973', '-0.952917', NULL, NULL),
	('50600105', 'NUESTRA SEÑORA DEL CARMEN', '41.3517746', '-1.6461653', NULL, NULL),
	('50600117', 'VIRGEN DE LA OLIVA', '42.1186879', '-1.1386274', NULL, NULL),
	('50600129', 'SAN ANTONIO DE PADUA', '41.8686204', '-1.3140054', NULL, NULL),
	('50600130', 'ARAGÓN', '41.6257449', '-0.8804698', NULL, NULL),
	('50600142', 'INMACULADA CONCEPCIÓN', '41.6444099', '-0.9226101', NULL, NULL),
	('50600154', 'MONSALUD', '41.6547666', '-0.9165875', NULL, NULL),
	('50600166', 'SANTA MARÍA DEL PILAR', '41.6373235', '-0.8778136', NULL, NULL),
	('50600713', 'DE ZARAGOZA', '41.636855', '-0.8846139', NULL, NULL),
	('50700011', 'DE CALATAYUD', '41.3505123', '-1.6437307', NULL, NULL),
	('50700021', 'DE EJEA DE LOS CABALLEROS', '42.1280338', '-1.1341464', NULL, NULL),
	('50700033', 'JUAN DE LANUZA', '41.6560074', '-0.8821925', NULL, NULL),
	('50700069', 'MARÍA DE ÁVILA', '41.6253237', '-0.9066461', NULL, NULL),
	('50700070', 'DE ALAGÓN', '41.7727551', '-1.1259374', 'EOES INF-PRI.', 'ALAGON'),
	('50700082', 'DE CALATAYUD', '41.3505123', '-1.6437307', 'EOES INF-PRI.', 'CALATAYUD '),
	('50700094', 'DE CASPE', '41.2366644', '-0.043204', 'EOES INF-PRI.', 'CASPE '),
	('50700100', 'DE EJEA DE LOS CABALLEROS', '42.1229484', '-1.1356601', 'EOES INF-PRI.', 'EJEA DE LOS CABALLEROS'),
	('50700124', 'DE LA ALMUNIA DE DOÑA GODINA', '41.4755827', '-1.3768247', 'EOES INF-PRI.', 'ALMUNIA DE DOÑA GODINA (LA'),
	('50700136', 'DE TARAZONA', '41.9055904', '-1.7268557', 'EOES INF-PRI.', 'TARAZONA'),
	('50700148', 'Nº 4 de  ZARAGOZA ', '41.6623354', '-0.8971715', 'EOES INF-PRI.', 'ZARAGOZA'),
	('50700151', 'Nº 1 de  ZARAGOZA ', '41.6650783', '-0.8742745', 'EOES INF-PRI.', 'ZARAGOZA'),
	('50700161', 'Nº 2 de  ZARAGOZA', '41.6365339', '-0.870736', 'EOES INF-PRI.', 'ZARAGOZA'),
	('50700173', 'Nº 3 de  ZARAGOZA ', '41.64537', '-0.9137346', 'EOES INF-PRI.', 'ZARAGOZA'),
	('50700185', 'DE FUENTES DE EBRO', '41.512048', '-0.6304793', 'EOES INF-PRI.', 'FUENTES DE EBR'),
	('50700197', 'EQUIPO ATENCION TEMPRANA Nº1', '41.6365339', '-0.870736', NULL, NULL),
	('50700203', 'EQUIPO ATENCION TEMPRANA Nº2', '41.6365339', '-0.870736', NULL, NULL),
	('50700215', 'EQUIPO ESPECIFICO DE MOTORICOS', '41.6365339', '-0.870736', NULL, NULL),
	('50700239', 'VENTA DEL OLIVAR', '41.67858', '-0.968307', 'CRIE', 'VENTA DEL OLIVAR'),
	('50700240', 'CENTRO ARAGONÉS DE RECURSOS PARA LA EDUCACIÓN INCLUSIVA (CAREI)', '41.6545878', '-0.906434', NULL, NULL),
	('50701001', 'Centro de Innovación para la Formación Profesional de Aragón', '41.642297', '-0.986079', NULL, NULL),
	('50701013', 'Nº 5 de ZARAGOZA', '41.6354271', '-0.8863426', 'EOES INF-PRI.', 'ZARAGOZA'),
	('50701025', 'EQUIPO ESPECIALIZADO EN DISCAPACIDAD FÍSICA: MOTORA Y ORGÁNICA', '41.6260700', '-0.9056100', 'E.E.O.Educativa', 'ZARAGOZA');
/*!40000 ALTER TABLE `sigi_cen` ENABLE KEYS */;


-- Volcando estructura para tabla serviciosmicarpetasigi.sigi_cue
CREATE TABLE IF NOT EXISTS `sigi_cue` (
  `COD_CUE` varchar(4) NOT NULL,
  `DES_CUE` varchar(200) NOT NULL,
  KEY `PK_SIGI_CUE` (`COD_CUE`)
) ENGINE=InnoDB DEFAULT CHARSET=utf8;

-- Volcando datos para la tabla serviciosmicarpetasigi.sigi_cue: ~8 rows (aproximadamente)
/*!40000 ALTER TABLE `sigi_cue` DISABLE KEYS */;
INSERT INTO `sigi_cue` (`COD_CUE`, `DES_CUE`) VALUES
	('0596', 'MAESTROS DE TALLER DE ARTES PLÁSTICAS Y DISEÑO'),
	('0597', 'MAESTROS'),
	('0590', 'PROFESORES DE ENSEÑANZA SECUNDARIA'),
	('0591', 'PROFESORES TÉCNICOS DE FORMACIÓN PROFESIONAL'),
	('0592', 'PROFESORES DE ESCUELAS OFICIALES DE IDIOMAS'),
	('0593', 'CATEDRÁTICOS DE MÚSICA Y ARTES ESCÉNICAS'),
	('0594', 'PROFESORES DE MÚSICA Y ARTES ESCÉNICAS'),
	('0595', 'PROFESORES DE ARTES PLÁSTICAS Y DISEÑO');
/*!40000 ALTER TABLE `sigi_cue` ENABLE KEYS */;


-- Volcando estructura para tabla serviciosmicarpetasigi.sigi_esp
CREATE TABLE IF NOT EXISTS `sigi_esp` (
  `COD_CUE` varchar(4) NOT NULL,
  `COD_ESP` varchar(3) NOT NULL,
  `DES_ESP` varchar(200) NOT NULL,
  KEY `PK_SIGI_ESP` (`COD_CUE`,`COD_ESP`)
) ENGINE=InnoDB DEFAULT CHARSET=utf8;

-- Volcando datos para la tabla serviciosmicarpetasigi.sigi_esp: ~747 rows (aproximadamente)
/*!40000 ALTER TABLE `sigi_esp` DISABLE KEYS */;
INSERT INTO `sigi_esp` (`COD_CUE`, `COD_ESP`, `DES_ESP`) VALUES
	('0593', '080', ' TXISTU'),
	('0590', '117', 'PROCESOS DIAGNOSTICOS CLINICOS Y PRODUCTOS ORTOPROTESICOS'),
	('0590', '118', 'PROCESOS SANITARIOS'),
	('0590', '119', 'PROCESOS Y MEDIOS DE COMUNICACION'),
	('0590', '120', 'PROCESOS Y PRODUCTOS DE TEXTIL, CONFECCION Y PIEL'),
	('0590', '121', 'PROCESOS Y PRODUCTOS DE VIDRIO Y CERAMICA'),
	('0590', '122', 'PROCESOS Y PRODUCTOS EN ARTES GRAFICAS'),
	('0590', '123', 'PROCESOS Y PRODUCTOS EN MADERA Y MUEBLE'),
	('0590', '124', 'SISTEMAS ELECTRONICOS'),
	('0590', '125', 'SISTEMAS ELECTROTECNICOS Y AUTOMATICOS'),
	('0590', '201', 'CONJUNTO CORAL E INSTRUMENTAL'),
	('0590', '202', 'PIANO'),
	('0590', '203', 'DANZA CLASICA'),
	('0591', '016', 'PRACTICAS DE MINERIA'),
	('0591', '021', 'TALLER DE VIDRIO Y CERAMICA'),
	('0591', '025', 'ACTIVIDADES (C.E.I.S.)'),
	('0591', '201', 'COCINA Y PASTELERIA'),
	('0591', '202', 'EQUIPOS ELECTRONICOS'),
	('0591', '203', 'ESTETICA'),
	('0591', '204', 'FABRICACION E INSTALACION DE CARPINTERIA Y MUEBLE'),
	('0591', '205', 'INSTALACION Y MANTENIMIENTO DE EQUIPOS TERMICOS Y DE FLUIDOS'),
	('0591', '206', 'INSTALACIONES ELECTROTECNICAS'),
	('0591', '207', 'INSTALACIONES Y EQUIPOS DE CRIA Y CULTIVO'),
	('0591', '208', 'LABORATORIO'),
	('0591', '209', 'MANTENIMIENTO DE VEHICULOS'),
	('0591', '210', 'MAQUINAS, SERVICIOS Y PRODUCCION'),
	('0591', '211', 'MECANIZADO Y MANTENIMIENTO DE MAQUINAS'),
	('0591', '212', 'OFICINA DE PROYECTOS DE CONSTRUCCION'),
	('0591', '213', 'OFICINA DE PROYECTOS DE FABRICACION MECANICA'),
	('0591', '214', 'OPERACIONES Y EQUIPOS DE ELABORACION DE PRODUCTOS ALIMENTARIOS'),
	('0591', '215', 'OPERACIONES DE PROCESOS'),
	('0591', '216', 'OPERACIONES DE PRODUCCION AGRARIA'),
	('0591', '217', 'PATRONAJE Y CONFECCION'),
	('0591', '218', 'PELUQUERIA'),
	('0591', '219', 'PROCEDIMIENTOS DE DIAGNOSTICO CLINICO Y ORTOPROTESICO'),
	('0591', '220', 'PROCEDIMIENTOS SANITARIOS Y ASISTENCIALES'),
	('0591', '221', 'PROCESOS COMERCIALES'),
	('0591', '222', 'PROCESOS DE GESTION ADMINISTRATIVA'),
	('0591', '223', 'PRODUCCION EN ARTES GRAFICAS'),
	('0591', '224', 'PRODUCCION TEXTIL Y TRATAMIENTOS FISICO-QUIMICOS'),
	('0591', '225', 'SERVICIOS A LA COMUNIDAD'),
	('0591', '226', 'SERVICIOS DE RESTAURACION'),
	('0591', '227', 'SISTEMAS Y APLICACIONES INFORMATICAS'),
	('0591', '228', 'SOLDADURA'),
	('0591', '229', 'TECNICAS Y PROCEDIMIENTOS DE IMAGEN Y SONIDO'),
	('0592', '001', 'ALEMAN'),
	('0592', '002', 'ARABE'),
	('0592', '003', 'CATALAN'),
	('0592', '004', 'CHINO'),
	('0592', '005', 'DANES'),
	('0592', '006', 'ESPAÑOL'),
	('0592', '007', 'EUSKERA'),
	('0592', '008', 'FRANCES'),
	('0592', '009', 'GALLEGO'),
	('0592', '010', 'GRIEGO'),
	('0592', '011', 'INGLES'),
	('0592', '012', 'ITALIANO'),
	('0592', '013', 'JAPONES'),
	('0592', '014', 'NEERLANDES'),
	('0592', '015', 'PORTUGUES'),
	('0592', '016', 'RUMANO'),
	('0592', '017', 'RUSO'),
	('0592', '018', 'VALENCIANO'),
	('0592', '019', 'FINES'),
	('0592', '020', 'SUECO'),
	('0593', '001', 'ACORDEON'),
	('0593', '002', 'ARMONIA Y MELODIA ACOMPAÑADA'),
	('0593', '003', 'ARPA'),
	('0593', '005', 'DANZA CLASICA'),
	('0593', '006', 'CANTO'),
	('0593', '007', 'CARACTERIZACION'),
	('0593', '008', 'CLARINETE'),
	('0593', '009', 'CLAVE'),
	('0593', '010', 'COMPOSICION'),
	('0593', '011', 'COMPOSICION ELECTROACUSTICA'),
	('0593', '012', 'CONCERTACION '),
	('0593', '013', 'CONJUNTO CORAL E INSTRUMENTAL'),
	('0593', '014', 'CONTRABAJO'),
	('0593', '015', 'CONTRAPUNTO Y FUGA'),
	('0593', '016', 'COROS'),
	('0593', '017', 'DANZA ESPAÑOLA'),
	('0593', '018', 'BAILE FLAMENCO'),
	('0593', '020', 'DIRECCION DE CORO'),
	('0593', '021', 'DIRECCION DE COROS Y CONJUNTO CORAL'),
	('0593', '022', 'DIRECCION DE ESCENA'),
	('0593', '023', 'DIRECCION DE ORQUESTA'),
	('0593', '024', 'DRAMATURGIA'),
	('0593', '025', 'ESCENA LIRICA'),
	('0593', '026', 'ESCENOGRAFIA'),
	('0593', '027', 'ESGRIMA'),
	('0593', '028', 'ESTETICA E HISTORIA DE LA MUSICA DE LA CULTURA Y DEL ARTE'),
	('0593', '029', 'EXPRESION CORPORAL'),
	('0593', '030', 'FAGOT'),
	('0593', '031', 'FLAUTA DE PICO'),
	('0593', '032', 'FLAUTA TRAVESERA'),
	('0593', '033', 'ETNOMUSICOLOGIA'),
	('0593', '034', 'GREGORIANO'),
	('0593', '035', 'GUITARRA'),
	('0593', '037', 'HISTORIA DE LA CULTURA Y DEL ARTE'),
	('0593', '038', 'HISTORIA DE LA LITERATURA DRAMATICA'),
	('0593', '042', 'INSTRUMENTOS DE PULSO Y PUA'),
	('0593', '043', 'INTERPRETACION'),
	('0593', '046', 'LENGUA FRANCESA'),
	('0593', '047', 'LENGUA INGLESA'),
	('0593', '048', 'LENGUA ITALIANA'),
	('0593', '049', 'MIMO Y PANTOMIMA'),
	('0593', '050', 'MUSICA DE CAMARA'),
	('0593', '051', 'MUSICOLOGIA'),
	('0593', '052', 'OBOE'),
	('0593', '053', 'ORGANO'),
	('0593', '054', 'ORGANO Y CLAVECIN'),
	('0593', '055', 'ORTOFONIA Y DICCION'),
	('0593', '057', 'PEDAGOGIA'),
	('0593', '058', 'PERCUSION'),
	('0593', '059', 'PIANO'),
	('0593', '060', 'PIANO APLICADO'),
	('0593', '061', 'IMPROVISACION Y ACOMPAÑAMIENTO'),
	('0593', '062', 'REPERTORIO DE OPERA Y ORATORIO'),
	('0593', '063', 'REPERTORIO CON PIANO PARA VOZ'),
	('0593', '064', 'REPERTORIO VOCAL ESTILISTICO'),
	('0593', '065', 'RITMICA Y PALEOGRAFIA'),
	('0593', '066', 'SAXOFON'),
	('0593', '068', 'SOLFEO Y TEORIA DE LA MUSICA'),
	('0593', '069', 'TEATRO INFANTIL'),
	('0593', '070', 'TECNICA DE CANTO'),
	('0593', '072', 'TROMBON'),
	('0593', '073', 'TROMBOM-TUBA'),
	('0593', '074', 'TROMPA'),
	('0593', '075', 'TROMPETA'),
	('0593', '076', 'TUBA'),
	('0593', '077', 'VIOLA'),
	('0593', '078', 'VIOLIN'),
	('0593', '079', 'VIOLONCHELO'),
	('0594', '007', 'CLARINETE'),
	('0594', '001', 'ACORDEON'),
	('0594', '002', 'ARMONIA Y MELODIA ACOMPAÑADA'),
	('0594', '003', 'BALLET CLASICO'),
	('0594', '004', 'CANTO'),
	('0594', '005', 'CANTO APLICADO AL ARTE DRAMATICO'),
	('0594', '006', 'CARACTERIZACION'),
	('0594', '009', 'CONJUNTO CORAL E INSTRUMENTAL'),
	('0594', '010', 'CONTRABAJO'),
	('0594', '011', 'CONTRAPUNTO Y FUGA'),
	('0594', '012', 'COREOGRAFIA'),
	('0594', '013', 'DANZA ESPAÑOLA'),
	('0594', '014', 'DIRECCION DE COROS Y CONJUNTO CORAL'),
	('0594', '015', 'DIRECCION DE ORQUESTA Y CONJUNTO INSTRUMENTAL'),
	('0594', '016', 'DRAMATURGIA'),
	('0594', '017', 'ELEMENTOS DE ACUSTICA'),
	('0594', '018', 'ESCENA LIRICA'),
	('0594', '019', 'ESTETICA E HISTORIA DE LA MUSICA DE LA CULTURA Y DEL ARTE'),
	('0594', '020', 'EXPRESION CORPORAL'),
	('0594', '021', 'FAGOT'),
	('0594', '022', 'FIGURISMO'),
	('0594', '023', 'FLAUTA TRAVESERA'),
	('0594', '024', 'FLAUTA DE PICO'),
	('0594', '025', 'FORMAS MUSICALES'),
	('0594', '026', 'GUITARRA'),
	('0594', '027', 'GUITARRISTA ACOMPAÑANTE (FLAMENCO)'),
	('0594', '028', 'HISTORIA DE LA DANZA'),
	('0594', '029', 'HISTORIA DE LA CULTURA Y DEL ARTE'),
	('0594', '030', 'HISTORIA DE LA LITERATURA DRAMATICA'),
	('0594', '031', 'INSTRUMENTOS DE PUA'),
	('0594', '035', 'INICIACION MUSICAL'),
	('0594', '036', 'INTERPRETACION'),
	('0594', '037', 'LECTURA MUSICAL'),
	('0594', '039', 'MUSICA DE CAMARA'),
	('0594', '042', 'OBOE'),
	('0594', '043', 'ORGANO'),
	('0594', '044', 'ORTOFONIA Y DICCION'),
	('0594', '045', 'PERCUSION'),
	('0594', '046', 'PIANO'),
	('0594', '047', 'PIANO APLICADO'),
	('0594', '048', 'PIANISTA ACOMPAÑANTE (CANTO)'),
	('0594', '049', 'RITMICA Y PALEOGRAFIA'),
	('0593', '044', 'LECTURA MUSICAL'),
	('0593', '045', 'LENGUA ALEMANA'),
	('0594', '052', 'SAXOFON'),
	('0594', '053', 'SOLFEO Y TEORIA DE LA MUSICA'),
	('0594', '054', 'TECNICA DE CANTO'),
	('0594', '055', 'TROMBON'),
	('0594', '056', 'TROMBON-TUBA'),
	('0594', '057', 'TROMPA'),
	('0594', '058', 'TROMPETA'),
	('0594', '059', 'TUBA'),
	('0594', '060', 'VIOLA'),
	('0594', '061', 'VIOLIN'),
	('0594', '062', 'VIOLINISTA ACOMPAÑANTE'),
	('0594', '063', 'VIOLONCELLO'),
	('0594', '064', 'PIANISTA ACOMPAÑANTE (INSTRUMENTOS)'),
	('0594', '065', 'PIANISTA ACOMPAÑANTE (DANZA)'),
	('0594', '066', 'CLAVECINISTA ACOMPAÑANTE'),
	('0594', '073', 'CONJUNTO CORAL'),
	('0594', '074', 'DIRECCION DE ESCENA'),
	('0594', '075', 'ESCENOGRAFIA'),
	('0594', '076', 'ESGRIMA'),
	('0594', '077', 'EXPRESION MUSICAL'),
	('0594', '078', 'FOLKLORE'),
	('0594', '080', 'INDUMENTARIA'),
	('0594', '083', 'PEDAGOGIA MUSICAL'),
	('0594', '085', 'HISTORIA DEL TEATRO'),
	('0594', '088', 'ARPA'),
	('0594', '089', 'REPERTORIO VOCAL'),
	('0594', '090', 'CLAVE'),
	('0595', '001', 'ADORNO Y FIGURA'),
	('0595', '002', 'ALFARERIA'),
	('0595', '003', 'ARQUEOLOGIA'),
	('0595', '004', 'COMPOSICION ORNAMENTAL'),
	('0595', '005', 'DECORACION SOBRE PASTAS CERAMICAS'),
	('0595', '006', 'DERECHO USUAL Y NOCIONES CONTABILIDAD Y CORRESPONDENCIA COMERCIAL'),
	('0595', '008', 'DIBUJO ARQUEOLOGICO'),
	('0595', '009', 'DIBUJO ARTISTICO'),
	('0594', '008', 'COMPOSICION E INSTRUMENTACION'),
	('0595', '010', 'DIBUJO LINEAL'),
	('0595', '014', 'HISTORIA Y TECNICAS DEL LIBRO'),
	('0595', '015', 'MANUFACTURA CERAMICA'),
	('0595', '016', 'MATEMATICAS'),
	('0595', '017', 'MATERIAS PRIMAS CERAMICAS'),
	('0595', '018', 'MODELADO Y VACIADO'),
	('0595', '019', 'MODELAJE DE FIGURAS'),
	('0595', '020', 'MODELOS DE VAJILLERIA EN ESCAYOLA'),
	('0595', '021', 'PROCEDIMIENTOS DE ILUSTRACION DEL LIBRO'),
	('0595', '022', 'PROYECTOS DE ARTE DECORATIVO'),
	('0595', '023', 'QUIMICA APLICADA A LA CERAMICA'),
	('0595', '024', 'RESTAURACION DEL LIBRO'),
	('0595', '025', 'RESTAURACION DE OBRAS ESCULTORICAS'),
	('0595', '026', 'RESTAURACION Y TECNICAS ARQUEOLOGICAS'),
	('0595', '027', 'RESTAURACION Y TECNICAS PICTORICAS'),
	('0595', '028', 'SERIGRAFIA'),
	('0595', '029', 'TAQUIGRAFIA'),
	('0595', '030', 'TAQUIMECANOGRAFIA'),
	('0595', '031', 'TECNICA SEGOVIANA'),
	('0595', '032', 'TECNICA TALAVERANA'),
	('0595', '033', 'TECNICAS AUDIOVISUALES'),
	('0595', '034', 'TECNICAS DE DISEÑO GRAFICO'),
	('0595', '035', 'TECNICAS GRAFICAS INDUSTRIALES'),
	('0595', '036', 'TECNOLOGIA QUIMICA Y TEXTIL'),
	('0595', '037', 'TEORIA Y PRACTICA DEL DISEÑO'),
	('0595', '038', 'TECNOLOGIA Y PROYECTOS DE BISUTERIA Y JOYERIA'),
	('0595', '039', 'ELEMENTOS CONSTRUCTIVOS'),
	('0595', '048', 'PREPARACION ELEMENTAL CERAMICA'),
	('0595', '049', 'ANALISIS QUIMICOS DE CERAMICA'),
	('0595', '051', 'MATERIALES Y ELEMENTOS DE CONSTRUCCION'),
	('0594', '050', 'REPENTIZACION, TRANSPOSICION INSTRUMENTAL Y ACOMPAÑAMIENTO'),
	('0594', '051', 'REPERTORIO DE OPERA Y ORATORIO'),
	('0595', '056', 'COLORIDO CERAMICO'),
	('0595', '057', 'CULTURA GENERAL CERAMICA'),
	('0595', '065', 'TEORIA Y PRACTICA DE LA FOTOGRAFIA'),
	('0595', '066', 'ANALISIS DE FORMA Y COLOR'),
	('0595', '068', 'CERAMICA APLICADA A LA DECORACION'),
	('0595', '070', 'DIBUJO Y TECNICAS PICTORICAS'),
	('0595', '071', 'DISEÑO INDUSTRIAL CERAMICO'),
	('0595', '072', 'ENCUADERNACION'),
	('0595', '075', 'FOTOGRAFIA APLICADA A LA RESTAURACION'),
	('0595', '080', 'TECNICAS DE COLORIDO APLICADO A LA CERAMICA'),
	('0595', '083', 'DISEÑO ASISTIDO POR ORDENADOR'),
	('0595', '084', 'TECNICAS MURALES'),
	('0595', '085', 'RESTAURACION ARQUEOLOGICA'),
	('0596', '001', 'ALFARERIA'),
	('0596', '002', 'ALFOMBRAS'),
	('0596', '004', 'BORDADOS Y ENCAJES'),
	('0596', '005', 'CALCOGRAFIA Y XILOGRAFIA'),
	('0596', '006', 'CERAMICA ARTISTICA'),
	('0596', '007', 'CORTE Y CONFECCION'),
	('0596', '008', 'DECORACION'),
	('0596', '009', 'DECORACION CERAMICA'),
	('0596', '010', 'DECORACION SOBRE LOZA'),
	('0596', '011', 'DECORACION SOBRE PORCELANA'),
	('0596', '012', 'DELINEACION'),
	('0596', '013', 'DIBUJO PUBLICITARIO'),
	('0596', '014', 'DISEÑO INDUSTRIAL'),
	('0596', '015', 'DISEÑO DE FIGURINES'),
	('0596', '016', 'DORADO Y POLICROMIA'),
	('0596', '017', 'EBANISTERIA'),
	('0596', '018', 'EBANISTERIA Y MAQUETERIA'),
	('0596', '019', 'ENCUADERNACION'),
	('0596', '020', 'ESGRAFIADO'),
	('0596', '021', 'ESMALTES'),
	('0595', '011', 'FISICA Y QUIMICA APLICADAS A LA RESTAURACION'),
	('0595', '013', 'HISTORIA DEL ARTE'),
	('0590', '014', 'LENGUA Y LITERATURA CATALANAS (ISLAS BALEARES)'),
	('0597', 'FI', 'LENGUA EXTRANJERA: INGLÉS'),
	('0597', 'FL', 'FILOLOGÍA: LENGUA CASTELLANA'),
	('0597', 'FN', 'VASCUENCE (NAVARRA)'),
	('0597', 'FV', 'VALENCIANO'),
	('0597', 'MC', 'MATEMÁTICAS Y CIENCIAS DE LA NATURALEZA'),
	('0597', 'MU', 'MÚSICA'),
	('0597', 'PT', 'PEDAGOGÍA TERAPÉUTICA'),
	('0590', '015', 'PORTUGUES'),
	('0590', '016', 'MUSICA'),
	('0590', '017', 'EDUCACION FISICA'),
	('0590', '018', 'ORIENTACIÓN EDUCATIVA'),
	('0590', '019', 'TECNOLOGIA'),
	('0590', '039', 'TECNOLOGIA MINERA'),
	('0590', '051', 'LENGUA CATALANA Y LITERATURA'),
	('0590', '052', 'LENGUA Y LITERATURA VASCA'),
	('0590', '053', 'LENGUA Y LITERATURA GALLEGA'),
	('0590', '055', 'EDUCADORES (C.E.I.S.)'),
	('0590', '056', 'LENGUA Y LITERATURA VALENCIANA'),
	('0590', '057', 'LENGUA Y LITERATURA VASCA (NAVARRA)'),
	('0590', '061', 'ECONOMIA'),
	('0590', '062', 'LENGUA ARANESA'),
	('0590', '101', 'ADMINISTRACION DE EMPRESAS'),
	('0590', '102', 'ANALISIS Y QUIMICA INDUSTRIAL'),
	('0590', '103', 'ASESORIA Y PROCESOS DE IMAGEN PERSONAL'),
	('0590', '104', 'CONSTRUCCIONES CIVILES Y EDIFICACION'),
	('0590', '105', 'FORMACION Y ORIENTACION LABORAL'),
	('0590', '106', 'HOSTELERIA Y TURISMO'),
	('0590', '107', 'INFORMATICA'),
	('0590', '108', 'INTERVENCION SOCIOCOMUNITARIA'),
	('0590', '109', 'NAVEGACION E INSTALACIONES MARINAS'),
	('0590', '110', 'ORGANIZACION Y GESTION COMERCIAL'),
	('0590', '111', 'ORGANIZACION Y PROCESOS DE MANTENIMIENTO DE VEHICULOS'),
	('0590', '112', 'ORGANIZACION Y PROYECTOS DE FABRICACION MECANICA'),
	('0590', '113', 'ORGANIZACION Y PROYECTOS DE SISTEMAS ENERGETICOS'),
	('0590', '114', 'PROCESOS DE CULTIVO ACUICOLA'),
	('0590', '115', 'PROCESOS DE PRODUCCION AGRARIA'),
	('0590', '116', 'PROCESOS EN LA INDUSTRIA ALIMENTARIA'),
	('0590', '001', 'FILOSOFIA'),
	('0590', '002', 'GRIEGO'),
	('0590', '003', 'LATIN'),
	('0590', '004', 'LENGUA CASTELLANA Y LITERATURA'),
	('0590', '005', 'GEOGRAFIA E HISTORIA'),
	('0590', '006', 'MATEMATICAS'),
	('0590', '007', 'FISICA Y QUIMICA'),
	('0590', '008', 'BIOLOGIA Y GEOLOGIA'),
	('0590', '009', 'DIBUJO'),
	('0590', '010', 'FRANCES'),
	('0590', '011', 'INGLES'),
	('0590', '012', 'ALEMAN'),
	('0590', '013', 'ITALIANO'),
	('0596', '061', 'TAPICES Y ALFOMBRAS'),
	('0596', '062', 'TAQUIMECANOGRAFIA'),
	('0596', '063', 'TECNICAS DE JOYERIA'),
	('0596', '064', 'TEXTILES ARTISTICOS'),
	('0596', '065', 'VACIADO Y MODELADO'),
	('0596', '066', 'VIDRIERAS ARTISTICAS'),
	('0596', '068', 'INICIACION A LA RESTAURACION'),
	('0596', '069', 'RESTAURACION CERAMICA'),
	('0596', '070', 'TECNICAS DE DISEÑO INDUSTRIAL'),
	('0596', '087', 'ARTESANIA CANARIA'),
	('0596', '088', 'ARTES GRAFICAS'),
	('0596', '091', 'DIBUJOS ANIMADOS'),
	('0596', '093', 'FIGURINES'),
	('0596', '095', 'RESTAURACION'),
	('0596', '097', 'SERIGRAFIA'),
	('0596', '098', 'MOLDEO Y MONTAJE DE PORCELANA'),
	('0596', '099', 'FORJA Y FUNDICION'),
	('0596', '102', 'REFLEJOS METALICOS'),
	('0596', '104', 'TAQUIGRAFIA'),
	('0596', '107', 'DISEÑO GRAFICO ASISTIDO POR ORDENADOR'),
	('0596', '108', 'REPRODUCCION E IMPRESION'),
	('0596', '109', 'CERRAJERIA Y FORJA'),
	('0596', '110', 'CONSTRUCCIONES NAVALES'),
	('0596', '115', 'IMAGINERIA CASTELLANA'),
	('0596', '117', 'METALISTERIA (DAMASQUINADO)'),
	('0597', 'AL', 'AUDICIÓN Y LENGUAJE'),
	('0597', 'CS', 'CIENCIAS SOCIALES'),
	('0597', 'EF', 'EDUCACIÓN FÍSICA'),
	('0597', 'EI', 'EDUCACIÓN INFANTIL'),
	('0597', 'EU', 'EUSKERA'),
	('0597', 'FB', 'CATALAN (BALEARES)'),
	('0597', 'FC', 'CATALAN'),
	('0597', 'FF', 'LENGUA EXTRANJERA: FRANCÉS'),
	('0597', 'FG', 'GALLEGO'),
	('0596', '022', 'ESTAMPADO TEXTIL'),
	('0596', '023', 'FORJA ARTISTICA'),
	('0596', '024', 'FORJA Y CERRAJERIA'),
	('0596', '025', 'FOTOGRABADO'),
	('0596', '026', 'FOTOGRABADO Y TIPOGRAFIA'),
	('0596', '027', 'FOTOGRAFIA ARTISTICA'),
	('0596', '028', 'FOTOGRAFIA Y PROCESO DE REPRODUCCION'),
	('0596', '029', 'GRABADO'),
	('0596', '031', 'HORNOS'),
	('0596', '032', 'INVESTIGACION DE MATERIAS PRIMAS CERAMICAS'),
	('0596', '033', 'JOYERIA'),
	('0596', '035', 'LABRADO Y REPUJADO EN CUERO'),
	('0596', '036', 'LITOGRAFIA'),
	('0596', '038', 'LOZA Y PORCELANA'),
	('0596', '039', 'MANUFACTURA CERAMICA'),
	('0596', '040', 'MATRICERIA'),
	('0596', '041', 'METALISTERIA ARTISTICA'),
	('0596', '043', 'MODELISMO Y MAQUETISMO'),
	('0596', '044', 'MOLDES Y REPRODUCCIONES'),
	('0596', '045', 'MOSAICOS ROMANOS'),
	('0596', '046', 'MUÑEQUERIA ARTISTICA'),
	('0596', '047', 'ORFEBRERIA'),
	('0596', '048', 'PASTAS Y HORNOS'),
	('0596', '049', 'PATRONAJE, ESCALADO Y TECNICAS DE CONFECCION'),
	('0596', '050', 'QUIMICA APLICADA A LA CERAMICA'),
	('0596', '051', 'REPUJADO EN CUERO'),
	('0596', '052', 'REPUJADO EN METAL'),
	('0596', '053', 'RESTAURACION DE DIBUJOS Y GRABADOS'),
	('0596', '054', 'RESTAURACION DE ENCUADERNACIONES'),
	('0596', '055', 'RESTAURACION DE MANUSCRITOS E IMPRESOS'),
	('0596', '056', 'RESTAURACION DE TAPICES'),
	('0596', '057', 'MODELISMO INDUSTRIAL'),
	('0596', '058', 'TALLA DE MADERA'),
	('0596', '059', 'TALLA EN PIEDRA'),
	('0596', '060', 'TALLA DE PIEDRA Y MADERA'),
	('0595', '052', 'DECORACION ELEMENTAL CERAMICA'),
	('0595', '054', 'PREPARACION CERAMICA'),
	('0597', 'PRI', 'EDUCACIÓN PRIMARIA'),
	('0597', 'PR', 'EDUCACION INFANTIL'),
	('0597', 'IM', 'CICLO INICIAL Y MEDIO'),
	('0594', '442', 'CARACTERIZACION E INDUMENTARIA'),
	('0594', '443', 'DANZA APLICADA AL ARTE DRAMATICO'),
	('0594', '444', 'DICCION Y EXPRESION ORAL'),
	('0594', '445', 'DIRECCION ESCENICA'),
	('0594', '446', 'DRAMATURGIA'),
	('0594', '447', 'ESGRIMA'),
	('0594', '448', 'ESPACIO ESCENICO'),
	('0594', '449', 'EXPRESION CORPORAL'),
	('0594', '450', 'ILUMINACION'),
	('0594', '451', 'INTERPRETACION'),
	('0594', '452', 'INTERPRETACION CON OBJETOS'),
	('0594', '453', 'INTERPRETACION EN EL MUSICAL'),
	('0594', '454', 'INTERPRETACION EN EL TEATRO DEL GESTO'),
	('0594', '455', 'LITERATURA DRAMATICA'),
	('0594', '456', 'TECNICAS ESCENICAS'),
	('0594', '457', 'TECNICAS GRAFICAS'),
	('0594', '458', 'TEORIA E HISTORIA DEL ARTE'),
	('0594', '459', 'TEORIA TEATRAL'),
	('0594', '460', 'LENGUAJE MUSICAL'),
	('0594', '441', 'CANTO APLICADO AL ARTE DRAMATICO'),
	('0594', '402', 'ARPA'),
	('0594', '403', 'CANTO'),
	('0594', '404', 'CLARINETE'),
	('0594', '405', 'CLAVE'),
	('0594', '406', 'CONTRABAJO'),
	('0594', '407', 'CORO'),
	('0594', '408', 'FAGOT'),
	('0594', '409', 'FLABIOL I TAMBORI'),
	('0594', '410', 'FLAUTA TRAVESERA'),
	('0594', '411', 'FLAUTA DE PICO'),
	('0594', '412', 'FUNDAMENTOS DE COMPOSICION'),
	('0594', '413', 'GAITA '),
	('0594', '414', 'GUITARRA'),
	('0594', '415', 'GUITARRA FLAMENCA'),
	('0594', '416', 'HISTORIA DE LA MUSICA'),
	('0594', '417', 'INSTRUMENTOS DE CUERDA PULSADA DEL RENACIMIENTO Y  BARROCO'),
	('0594', '418', 'INSTRUMENTOS DE PUA'),
	('0594', '419', 'OBOE'),
	('0594', '420', 'ORGANO'),
	('0594', '421', 'ORQUESTA'),
	('0594', '422', 'PERCUSION'),
	('0594', '423', 'PIANO'),
	('0594', '424', 'SAXOFON'),
	('0594', '425', 'TENORA Y TIBLE'),
	('0594', '426', 'TROMBON'),
	('0594', '427', 'TROMPA'),
	('0594', '428', 'TROMPETA'),
	('0594', '429', 'TUBA'),
	('0594', '430', 'TXISTU'),
	('0594', '431', 'VIOLA'),
	('0594', '432', 'VIOLA DA GAMBA'),
	('0594', '433', 'VIOLIN'),
	('0594', '434', 'VIOLONCHELLO'),
	('0594', '435', 'DANZA ESPAÑOLA'),
	('0594', '436', 'DANZA CLASICA'),
	('0594', '437', 'DANZA CONTEMPORANEA'),
	('0594', '438', 'FLAMENCO'),
	('0594', '439', 'HISTORIA DE LA DANZA'),
	('0594', '440', 'ACROBACIA'),
	('0594', '401', 'ACORDEON'),
	('0595', '040', 'MECANICA, FISICA Y QUIMICA'),
	('0595', '069', 'COLORIDO Y PROCEDIMIENTOS PICTORICOS'),
	('0595', '074', 'FOTOGRAFIA'),
	('0596', '071', 'TIPOGRAFIA'),
	('0596', '072', 'VACIADO'),
	('0596', '074', 'TALLA ORNAMENTAL'),
	('0596', '081', 'ABANIQUERIA'),
	('0596', '092', 'DIBUJO DEL MUEBLE'),
	('0596', '094', 'REPUJADO EN CUERO Y METAL'),
	('0596', '101', 'MARIONETAS'),
	('0595', '501', 'CERÁMICA'),
	('0595', '502', 'CONSERVACIÓN Y RESTAURACIÓN DE MATERIALES ARQUEOLÓGICOS'),
	('0595', '503', 'CONSERVACIÓN Y RESTAURACIÓN DE OBRAS ESCULTÓRICAS'),
	('0595', '504', 'CONSERVACIÓN Y RESTAURACIÓN DE OBRAS PICTÓRICAS'),
	('0595', '505', 'CONSERVACIÓN Y RESTAURACIÓN DE TEXTILES'),
	('0595', '506', 'CONSERVACIÓN Y RESTAURACIÓN DEL DOCUMENTO GRAFICO'),
	('0595', '507', 'DIBUJO ARTÍSTICO Y COLOR'),
	('0595', '508', 'DIBUJO TÉCNICO'),
	('0595', '509', 'DISEÑO DE INTERIORES'),
	('0595', '510', 'DISEÑO DE MODA'),
	('0595', '511', 'DISEÑO DE PRODUCTO'),
	('0595', '512', 'DISEÑO GRAFICO'),
	('0595', '513', 'DISEÑO TEXTIL'),
	('0595', '514', 'EDICIÓN DE ARTE'),
	('0595', '515', 'FOTOGRAFÍA'),
	('0595', '516', 'HISTORIA DEL ARTE'),
	('0595', '517', 'JOYERÍA Y ORFEBRERÍA'),
	('0595', '518', 'MATERIALES Y TECNOLOGÍA: CERAMICA Y VIDRIO'),
	('0595', '519', 'MATERIALES Y TECNOLOGÍA: CONSERVACION Y RESTAURACION'),
	('0595', '520', 'MATERIALES Y TECNOLOGÍA: DISEÑO'),
	('0595', '521', 'MEDIOS AUDIOVISUALES'),
	('0595', '522', 'MEDIOS INFORMÁTICOS'),
	('0595', '523', 'ORGANIZACIÓN INDUSTRIAL Y LEGISLACIÓN'),
	('0595', '524', 'VIDRIO'),
	('0595', '525', 'VOLUMEN'),
	('0596', '601', 'ARTESANIA Y ORNAMENTACION DE ELEMENTOS VEGETALES'),
	('0596', '602', 'BORDADOS Y ENCAJES'),
	('0596', '603', 'COMPLEMENTOS Y ACCESORIOS'),
	('0596', '604', 'DORADO Y POLICROMIA'),
	('0596', '605', 'EBANISTERIA ARTISTICA'),
	('0596', '606', 'ENCUADERNACION ARTISTICA'),
	('0596', '607', 'ESMALTES'),
	('0596', '608', 'FOTOGRAFIA Y PROCESOS DE REPRODUCCION'),
	('0596', '609', 'MODELISMO Y MAQUETISMO'),
	('0596', '610', 'MOLDES Y REPRODUCCIONES'),
	('0596', '611', 'MUSIVARIA'),
	('0596', '612', 'TALLA EN PIEDRA Y MADERA'),
	('0596', '613', 'TECNICAS CERAMICAS'),
	('0596', '614', 'TECNICAS DE GRABADO Y ESTAMPACION'),
	('0596', '615', 'TECNICAS DE JOYERIA Y BISUTERIA'),
	('0596', '616', 'TECNICAS DE ORFEBRERIA Y PLATERIA'),
	('0596', '617', 'TECNICAS DE PATRONAJE Y CONFECCION'),
	('0596', '618', 'TECNICAS DEL METAL'),
	('0596', '619', 'TECNICAS MURALES'),
	('0596', '620', 'TECNICAS TEXTILES'),
	('0596', '621', 'TECNICAS VIDRIERAS'),
	('0590', '307', 'BIOLOGIA Y GEOLOGIA EN EUSKERA'),
	('0590', '308', 'DIBUJO EN EUSKERA'),
	('0590', '309', 'FRANCES EN EUSKERA'),
	('0590', '310', 'INGLES EN EUSKERA'),
	('0590', '311', 'EDUCACION FISICA EN EUSKERA'),
	('0590', '312', 'TECNOLOGIA ADMINISTRATIVA EN EUSKERA'),
	('0590', '313', 'TECNOLOGIA INFORMATICA EN EUSKERA'),
	('0590', '401', 'TAQUIGRAFIA'),
	('0590', '402', 'ENSEÑANZAS TECNICO-PROFESIONALES'),
	('0590', '403', 'ALEMAN'),
	('0590', '404', 'LEGISLACION, SEGURIDAD E HIGIENE'),
	('0590', '405', 'MATERIAS ESPECIFICAS DE ASISTENTES SOCIALES'),
	('0590', '406', 'MATERIAS ESPECIFICAS DE FORMACION ADMINISTRATIVA'),
	('0590', '407', 'CIENCIAS EMPRESARIALES'),
	('0590', '408', 'CIENCIAS DE LA EDUCACION'),
	('0590', '409', 'TECNOLOGIA MECANICA Y DEL METAL'),
	('0590', '803', 'CULTURA CLASICA'),
	('0591', '023', 'PRÁCTICAS DE FOTOGRAFÍA'),
	('0591', '018', 'PRACTICAS AGRARIAS'),
	('0591', '019', 'PRACTICAS DE SERVICIOS A LA COMUNIDAD'),
	('0591', '020', 'PRACTICAS DE HOSTELERIA Y TURISMO'),
	('0591', '022', 'PRACTICAS DE IMAGEN Y SONIDO'),
	('0591', '024', 'PRACTICAS DE INFORMATICA DE GESTION'),
	('0591', '026', 'PROFESOR TECNICO DE APOYO AL AREA PRACTICA'),
	('0591', '027', 'PRACTICAS DE SERVICIOS A LA COMUNIDAD'),
	('0591', '032', 'CERAMICA Y MODELADO'),
	('0591', '301', 'PRACTICAS DEL METAL EN EUSKERA'),
	('0591', '001', 'PRACTICAS DEL METAL'),
	('0591', '002', 'PRACTICAS DE ELECTRICIDAD'),
	('0591', '003', 'PRACTICAS DE ELECTRONICA'),
	('0591', '004', 'PRACTICAS DE AUTOMOCION'),
	('0591', '005', 'PRACTICAS DE DELINEACION'),
	('0591', '006', 'PRACTICAS ADMINISTRATIVAS Y COMERCIALES'),
	('0591', '007', 'PRACTICAS DE QUIMICA'),
	('0591', '008', 'PRACTICAS SANITARIAS'),
	('0591', '009', 'TALLER DE LA MADERA'),
	('0591', '010', 'TALLER TEXTIL'),
	('0591', '011', 'TALLER DE LA PIEL'),
	('0591', '012', 'TALLER DE MODA Y CONFECCION'),
	('0591', '013', 'TALLER DE PELUQUERIA Y ESTETICA'),
	('0591', '014', 'TALLER DE ARTES GRAFICAS'),
	('0591', '015', 'TALLER DE CONSTRUCCIONES Y OBRAS'),
	('0591', '017', 'PRACTICAS MARITIMO-PESQUERAS'),
	('0597', 'IB', 'CATALAN (BALEARES) 1ER CICLO ESO'),
	('0596', '067', 'VIDRIERAS Y MOSAICOS'),
	('0596', '073', 'HERRERIA'),
	('0596', '075', 'TECNICAS DEL YESO'),
	('0596', '076', 'TECNICA MECANICA DE LAS ARTES DEL LIBRO'),
	('0596', '077', 'HELIOGRABADO'),
	('0596', '078', 'ESTAMPACION CALCOGRAFICA'),
	('0596', '079', 'CERRAJERIA ARTISTICA'),
	('0596', '080', 'CUERO ARTISTICO'),
	('0596', '082', 'CERAMICA Y ESMALTES'),
	('0596', '083', 'CERAMICA Y VIDRIERIA'),
	('0596', '084', 'CINCELADO EN METALES'),
	('0596', '085', 'DECORACION ARABE'),
	('0596', '086', 'POLICROMIA'),
	('0596', '089', 'AZABACHE'),
	('0596', '090', 'CALADO ARTISTICO'),
	('0596', '096', 'RETABLOS'),
	('0596', '100', 'FOTOMECANICA'),
	('0596', '103', 'TALLA'),
	('0596', '105', 'ARTESANIA DE PALMA'),
	('0596', '106', 'PUBLICIDAD'),
	('0596', '111', 'DAMASQUINADO'),
	('0596', '112', 'DISEÑO GRAFICO'),
	('0596', '113', 'ESPARTERIA ARTISTICA'),
	('0596', '114', 'FORJA Y METALISTERIA'),
	('0596', '116', 'MAQUETAS'),
	('0596', '118', 'PINTURA'),
	('0596', '119', 'PROCEDIMIENTOS MURALES'),
	('0596', '120', 'RESTAURACION DEL LIBRO'),
	('0596', '121', 'FUNDICION ARTISTICA Y GALVANOPLASTIA'),
	('0595', '058', 'DISEÑO CERAMICO'),
	('0595', '059', 'LITOGRAFIA'),
	('0595', '060', 'PROCEDIMIENTOS PICTORICOS'),
	('0595', '061', 'RESTAURACION'),
	('0595', '062', 'DIBUJO PUBLICITARIO'),
	('0595', '063', 'ARTES DEL MUEBLE'),
	('0595', '064', 'CONOCIMIENTO DE MATERIALES'),
	('0595', '067', 'ARTES DEL LIBRO'),
	('0595', '073', 'FISICA Y QUIMICA APLICADAS A LA RESTAURACION'),
	('0595', '076', 'GRABADO'),
	('0595', '077', 'HELIOGRABADO'),
	('0595', '078', 'IMAGINERIA CASTELLANA'),
	('0595', '079', 'ORGANIZACION INDUSTRIAL'),
	('0595', '081', 'TECNICAS Y ARTE TIPOGRAFICO'),
	('0595', '082', 'TECNOLOGIA CERAMICA Y PROCESOS INDUSTRIALES'),
	('0596', '003', 'ARTE DECORATIVO'),
	('0596', '030', 'GRABADO EN METALES'),
	('0596', '034', 'LABORES Y ENCAJES'),
	('0596', '037', 'LITOGRAFIA Y FOTOGRABADO'),
	('0596', '042', 'METALISTERIA Y FORJA'),
	('0594', '067', 'CULTURA GENERAL LITERARIA'),
	('0594', '068', 'ANATOMIA AMPLIADA A LA DANZA'),
	('0594', '069', 'EDUCACION MUSICAL'),
	('0594', '070', 'ARTE DRAMATICO'),
	('0594', '071', 'BALLET CLASICO ESPAÑOL'),
	('0594', '072', 'BALLET'),
	('0594', '079', 'HISTORIA DE LA MUSICA'),
	('0594', '081', 'PSICOLOGIA'),
	('0594', '082', 'INICIACION A LA DANZA'),
	('0594', '084', 'TITERES Y MARIONETAS'),
	('0594', '086', 'GUITARRA FLAMENCA'),
	('0594', '087', 'TEATRO INFANTIL'),
	('0595', '007', 'DIBUJO, ADORNO Y FIGURA'),
	('0595', '012', 'FOTOGRAFIA ARTISTICA'),
	('0595', '041', 'GRAMATICA Y CALIGRAFIA'),
	('0595', '042', 'ENSEÑANZAS DE LA MUJER'),
	('0595', '043', 'BORDADOS Y ENCAJES'),
	('0595', '044', 'CORTE Y CONFECCION'),
	('0595', '045', 'POLICROMIA'),
	('0595', '046', 'ESTAMPACION CALCOGRAFICA'),
	('0595', '047', 'TECNOLOGIA LABORAL E INDUSTRIAL CERAMICA'),
	('0595', '050', 'DISEÑO DE FIGURINES'),
	('0595', '053', 'ESTILIZACION ARTISTICA Y COLORIDO'),
	('0595', '055', 'CERAMICA'),
	('0593', '004', 'ANATOMIA, FISIOLOGIA E HIGIENE DE LA VOZ'),
	('0593', '019', 'DICCION Y LECTURA EXPRESIVA'),
	('0593', '036', 'GUITARRA FLAMENCA'),
	('0593', '039', 'HISTORIA DE LA MUSICA'),
	('0593', '040', 'HISTORIA DEL ARTE'),
	('0593', '041', 'INICIACION MUSICAL'),
	('0593', '056', 'PEDAGOGIA DEL TEATRO'),
	('0593', '067', 'SOCIOLOGIA DEL TEATRO'),
	('0593', '071', 'TECNICAS MUSICALES CONTEMPORANEAS'),
	('0594', '032', 'IDIOMAS APLICADOS (FRANCES)'),
	('0594', '033', 'IDIOMAS APLICADOS (INGLES)'),
	('0594', '034', 'IDIOMAS APLICADOS (ITALIANO)'),
	('0594', '038', 'MUSICA DE CAMARA (FLAUTA)'),
	('0594', '040', 'MUSICA DE CAMARA (VIOLIN)'),
	('0594', '041', 'MUSICA DE CAMARA (VIOLONCELLO)'),
	('0590', '020', 'FORMACION HUMANISTICA'),
	('0590', '022', 'FORMACION EMPRESARIAL'),
	('0590', '023', 'DIBUJO Y TEORIA DEL DIBUJO'),
	('0590', '024', 'TECNOLOGIA DEL METAL'),
	('0590', '025', 'TECNOLOGIA ELECTRICA'),
	('0590', '026', 'TECNOLOGIA ELECTRONICA'),
	('0590', '027', 'TECNOLOGIA DE AUTOMOCION'),
	('0590', '028', 'TECNOLOGIA DE DELINEACION'),
	('0590', '029', 'TECNOLOGIA ADMINISTRATIVA Y COMERCIAL'),
	('0590', '030', 'TECNOLOGIA QUIMICA'),
	('0590', '031', 'TECNOLOGIA SANITARIA'),
	('0590', '032', 'TECNOLOGIA DE LA MADERA'),
	('0590', '033', 'TECNOLOGIA TEXTIL'),
	('0590', '034', 'TECNOLOGIA DE LA PIEL'),
	('0590', '035', 'TECNOLOGIA DE MODA Y CONFECCION'),
	('0590', '036', 'TECNOLOGIA DE PELUQUERIA Y ESTETICA'),
	('0590', '037', 'TECNOLOGIA DE ARTES GRAFICAS'),
	('0590', '038', 'TECNOLOGIA DE CONSTRUCCION Y OBRAS'),
	('0590', '040', 'TECNOLOGIA MARITIMO-PESQUERA'),
	('0590', '041', 'TECNOLOGIA AGRARIA'),
	('0590', '042', 'TECNOLOGIA DE SERVICIOS A LA COMUNIDAD'),
	('0590', '043', 'TECNOLOGIA DE HOSTELERIA Y TURISMO'),
	('0590', '044', 'TECNOLOGIA DE VIDRIO Y CERAMICA'),
	('0590', '045', 'TECNOLOGIA DE IMAGEN Y SONIDO'),
	('0590', '046', 'ESTADISTICA Y DEMOGRAFIA'),
	('0590', '047', 'MEDICINA'),
	('0590', '048', 'PSICOLOGIA'),
	('0590', '049', 'DERECHO'),
	('0590', '050', 'ECONOMIA'),
	('0590', '054', 'TECNOLOGIA DE INFORMATICA DE GESTION'),
	('0590', '058', 'PROFESORES DE APOYO DE LENGUA O CIENCIAS SOCIALES'),
	('0590', '059', 'PROFESORES DE APOYO DEL AREA DE CIENCIAS O TECNOLOGIA'),
	('0590', '301', 'FILOSOFIA EN EUSKERA'),
	('0590', '302', 'LATIN EN EUSKERA'),
	('0590', '303', 'LENGUA CASTELLANA Y LITERATURA EN EUSKERA'),
	('0590', '304', 'GEOGRAFIA E HISTORIA EN EUSKERA'),
	('0590', '305', 'MATEMATICAS EN EUSKERA'),
	('0590', '306', 'FISICA Y QUIMICA EN EUSKERA'),
	('0594', '464', 'REPERTORIO CON PIANO PARA DANZA'),
	('0594', '461', 'BAJO ELÉCTRICO'),
	('0594', '462', 'DULZAINA'),
	('0594', '463', 'GUITARRA ELÉCTRICA'),
	('0594', '465', 'CANTE FLAMENCO'),
	('0593', '081', 'BAJO ELECTRICO'),
	('0593', '082', 'BATERIA DE JAZZ'),
	('0593', '083', 'CANTE FLAMENCO'),
	('0593', '084', 'CANTO DE JAZZ'),
	('0593', '085', 'COMPOSICIÓN DE JAZZ'),
	('0593', '086', 'CONTRABAJO DE JAZZ'),
	('0593', '087', 'DULZAINA'),
	('0593', '088', 'FLABIOL  I TAMBORÍ'),
	('0593', '089', 'FLAMENCOLOGÍA'),
	('0593', '090', 'GAITA'),
	('0593', '091', 'GUITARRA ELÉCTRICA'),
	('0593', '092', 'INSTRUMENTOS DE CUERDA PULSADA DEL RENACIMIENTO Y BARROCO'),
	('0593', '093', 'INSTRUMENTOS DE PÚA'),
	('0593', '094', 'INSTRUMENTOS DE VIENTO DE JAZZ'),
	('0593', '095', 'INSTRUMENTOS HISTÓRICOS DE CUERDA FROTADA'),
	('0593', '096', 'INSTRUMENTOS HISTÓRICOS DE TECLA'),
	('0593', '097', 'INSTRUMENTOS HISTÓRICOS DE VIENTO'),
	('0593', '098', 'REPERTORIO CON PIANO PARA INSTRUMENTOS'),
	('0592', '021', 'IRLANDES'),
	('0593', '099', 'TECLADOS/PIANO JAZZ'),
	('0593', '100', 'TECNOLOGÍA MUSICAL'),
	('0593', '101', 'TENORA I TIBLE'),
	('0593', '102', 'VIOLA DA GAMBA'),
	('0593', '103', 'ANÁLISIS Y PRÁCTICA DEL REPERTORIO DEL BAILE FLAMENCO'),
	('0593', '104', 'ANÁLISIS Y PRÁCTICA DEL REPERTORIO DE LA DANZA CLÁSICA'),
	('0593', '105', 'ANÁLISIS Y PRÁCTICA DEL REPERTORIO DE LA DANZA CONTEMPORÁNEA'),
	('0593', '106', 'ANÁLISIS Y PRÁCTICA DEL REPERTORIO DE LA DANZA ESPAÑOLA'),
	('0593', '107', 'CIENCIAS DE LA SALUD APLICADAS A LA DANZA'),
	('0593', '108', 'COMPOSICIÓN COREOGRÁFICA'),
	('0593', '109', 'DANZA CONTEMPORÁNEA'),
	('0593', '110', 'DANZA EDUCATIVA'),
	('0593', '111', 'ESCENIFICACIÓN APLICADA A LA DANZA'),
	('0593', '112', 'HISTORIA DE LA DANZA'),
	('0593', '113', 'PSICOPEDAGOGÍA Y GESTIÓN EDUCATIVA'),
	('0593', '114', 'TECNOLOGÍAS APLICADAS A LA DANZA'),
	('0593', '115', 'PRODUCCIÓN Y GESTIÓN DE MÚSICA Y ARTES ESCÉNICAS'),
	('0597', 'FA', 'LENGUA EXTRANJERA: ALEMÁN'),
	('0597', 'FCF', 'FILOLOGÍA: LENGUA CASTELLANA Y FRANCÉS'),
	('0597', 'FCI', 'FILOLOGÍA:LENGUA CASTELLANA E INGLÉS'),
	('0597', 'EI1', 'EDUCACION INFANTIL: BILINGÜE FRANCÉS'),
	('0597', 'EI2', 'EDUCACION INFANTIL: BILINGÜE INGLÉS'),
	('0597', 'EI3', 'EDUCACION INFANTIL: BILINGÜE ALEMÁN'),
	('0597', 'PR1', 'EDUCACION PRIMARIA: BILINGÜE FRANCÉS'),
	('0597', 'PR2', 'EDUCACION PRIMARIA: BILINGÜE INGLÉS'),
	('0597', 'PR3', 'EDUCACION PRIMARIA: BILINGÜE ALEMÁN'),
	('0597', 'EF1', 'EDUCACION FISICA: BILINGÜE FRANCÉS'),
	('0597', 'EF2', 'EDUCACION FISICA: BILINGÜE INGLÉS'),
	('0597', 'EF3', 'EDUCACION FISICA: BILINGÜE ALEMÁN'),
	('0597', 'MU1', 'MUSICA: BILINGÜE FRANCÉS'),
	('0597', 'MU2', 'MUSICA: BILINGÜE INGLÉS'),
	('0597', 'MU3', 'MUSICA: BILINGÜE ALEMÁN');
/*!40000 ALTER TABLE `sigi_esp` ENABLE KEYS */;


-- Volcando estructura para tabla serviciosmicarpetasigi.sigi_esp_can_pre_ae
CREATE TABLE IF NOT EXISTS `sigi_esp_can_pre_ae` (
  `TIPO_ID` varchar(1) NOT NULL,
  `DNI` varchar(15) NOT NULL,
  `COD_OPC` varchar(7) NOT NULL,
  `COD_CUE` varchar(4) NOT NULL,
  `COD_ESP` varchar(3) NOT NULL,
  `COD_PRO_1_SUS` varchar(2) DEFAULT NULL,
  `COD_PRO_2_SUS` varchar(2) DEFAULT NULL,
  `L_LIS_SUS` varchar(1) DEFAULT NULL
) ENGINE=InnoDB DEFAULT CHARSET=utf8;

-- Volcando datos para la tabla serviciosmicarpetasigi.sigi_esp_can_pre_ae: ~10 rows (aproximadamente)
/*!40000 ALTER TABLE `sigi_esp_can_pre_ae` DISABLE KEYS */;
INSERT INTO `sigi_esp_can_pre_ae` (`TIPO_ID`, `DNI`, `COD_OPC`, `COD_CUE`, `COD_ESP`, `COD_PRO_1_SUS`, `COD_PRO_2_SUS`, `L_LIS_SUS`) VALUES
	('D', '00000001R', 'SIGIPAE', '0597', 'AL', NULL, NULL, NULL),
	('D', '00000001R', 'SIGISAE', '0590', '006', NULL, NULL, NULL),
	('D', '00000001R', 'SIGISAE', '0590', '001', NULL, NULL, NULL),
	('D', '00000001R', 'SIGIPAE', '0597', 'PRI', NULL, NULL, NULL),
	('D', '00000001R', 'SIGIPAE', '0597', 'PT', NULL, NULL, NULL),
	('D', '00000001R', 'SIGIPAE', '0597', 'MU', NULL, NULL, NULL),
	('D', '00000001R', 'SIGIPAE', '0597', 'MU1', NULL, NULL, NULL),
	('D', '00000006Y', 'SIGISAE', '0595', '068', NULL, NULL, NULL),
	('D', '00000006Y', 'SIGISAE', '0590', '001', NULL, NULL, NULL),
	('D', '00000006Y', 'SIGISAE', '0590', '012', NULL, NULL, NULL);
/*!40000 ALTER TABLE `sigi_esp_can_pre_ae` ENABLE KEYS */;


-- Volcando estructura para tabla serviciosmicarpetasigi.sigi_est_sol
CREATE TABLE IF NOT EXISTS `sigi_est_sol` (
  `COD_EST_SOL` varchar(1) NOT NULL,
  `DES_EST_SOL` varchar(200) NOT NULL,
  `L_ACT` varchar(1) NOT NULL,
  PRIMARY KEY (`COD_EST_SOL`)
) ENGINE=InnoDB DEFAULT CHARSET=utf8;

-- Volcando datos para la tabla serviciosmicarpetasigi.sigi_est_sol: ~4 rows (aproximadamente)
/*!40000 ALTER TABLE `sigi_est_sol` DISABLE KEYS */;
INSERT INTO `sigi_est_sol` (`COD_EST_SOL`, `DES_EST_SOL`, `L_ACT`) VALUES
	('0', 'SOLICITUD GRABADA CORRECTAMENTE', 'S'),
	('1', 'SOLICITUD PRESENTADA AL PROCEDIMIENTO', 'S'),
	('2', 'SOLICITUD ADMITIDA AL PROCEDIMIENTO', 'S'),
	('3', 'SOLICITUD EXCLUIDA DEL PROCEDIMIENTO', 'S');
/*!40000 ALTER TABLE `sigi_est_sol` ENABLE KEYS */;


-- Volcando estructura para tabla serviciosmicarpetasigi.sigi_lis
CREATE TABLE IF NOT EXISTS `sigi_lis` (
  `COD_OPC` varchar(7) NOT NULL,
  `TIPO_ID` varchar(1) NOT NULL,
  `DNI` varchar(15) NOT NULL,
  `COD_CUE` varchar(4) NOT NULL,
  `COD_ESP` varchar(3) NOT NULL,
  `TIP_LIS` varchar(1) NOT NULL,
  `FEC_ORI_BLO` varchar(8) NOT NULL,
  `COD_BLO` varchar(155) NOT NULL,
  `NUM_ORD` varchar(4) NOT NULL,
  `RES_TOT` varchar(6) NOT NULL,
  `COD_EST` varchar(10) NOT NULL,
  `DES_CAU_EST` varchar(150) DEFAULT NULL,
  `FEC_INI_EST` date DEFAULT NULL,
  `DES_PRO_1_SUS` varchar(8) DEFAULT NULL,
  `FEC_PRO_1_SUS` date DEFAULT NULL,
  `DES_PRO_2_SUS` varchar(8) DEFAULT NULL,
  `FEC_PRO_2_SUS` date DEFAULT NULL,
  `ORD_DIS_ZA` varchar(4) DEFAULT NULL,
  `ORD_DIS_HU` varchar(4) DEFAULT NULL,
  `ORD_DIS_TE` varchar(4) DEFAULT NULL,
  `ORD_CCAO` varchar(4) DEFAULT NULL,
  `DES_PRO_REF` varchar(8) DEFAULT NULL,
  `L_RES` varchar(2) DEFAULT NULL
) ENGINE=InnoDB DEFAULT CHARSET=utf8;

-- Volcando datos para la tabla serviciosmicarpetasigi.sigi_lis: ~8 rows (aproximadamente)
/*!40000 ALTER TABLE `sigi_lis` DISABLE KEYS */;
INSERT INTO `sigi_lis` (`COD_OPC`, `TIPO_ID`, `DNI`, `COD_CUE`, `COD_ESP`, `TIP_LIS`, `FEC_ORI_BLO`, `COD_BLO`, `NUM_ORD`, `RES_TOT`, `COD_EST`, `DES_CAU_EST`, `FEC_INI_EST`, `DES_PRO_1_SUS`, `FEC_PRO_1_SUS`, `DES_PRO_2_SUS`, `FEC_PRO_2_SUS`, `ORD_DIS_ZA`, `ORD_DIS_HU`, `ORD_DIS_TE`, `ORD_CCAO`, `DES_PRO_REF`, `L_RES`) VALUES
	('SIGISSP', 'D', '00000001R', '0590', '001', '1', '01/08/20', '20', '12', '78,5', 'S', NULL, NULL, NULL, NULL, NULL, NULL, NULL, NULL, NULL, NULL, NULL, NULL),
	('SIGIPSP', 'D', '00000001R', '0590', '001', '1', '01/08/20', '20', '12', '78,5', 'S', NULL, NULL, NULL, NULL, NULL, NULL, NULL, NULL, NULL, NULL, NULL, NULL),
	('SIGISSP', 'D', '00000005M', '0590', '001', '1', '01/08/20', '20', '12', '78,5', 'S', NULL, NULL, NULL, NULL, NULL, NULL, NULL, NULL, NULL, NULL, NULL, NULL),
	('SIGISSP', 'D', '00000005M', '0595', '068', '1', '01/08/20', '20', '12', '78,5', 'S', NULL, NULL, NULL, NULL, NULL, NULL, NULL, NULL, NULL, NULL, NULL, NULL),
	('SIGISSP', 'D', '00000005M', '0590', '012', '1', '01/08/20', '20', '12', '78,5', 'S', NULL, NULL, NULL, NULL, NULL, NULL, NULL, NULL, NULL, NULL, NULL, NULL),
	('SIGISSP', 'D', '00000006Y', '0590', '001', '1', '01/08/20', '20', '12', '78,5', 'S', NULL, NULL, NULL, NULL, NULL, NULL, NULL, NULL, NULL, NULL, NULL, NULL),
	('SIGISSP', 'D', '00000006Y', '0595', '068', '1', '01/08/20', '20', '12', '78,5', 'S', NULL, NULL, NULL, NULL, NULL, NULL, NULL, NULL, NULL, NULL, NULL, NULL),
	('SIGISSP', 'D', '00000006Y', '0590', '012', '1', '01/08/20', '20', '12', '78,5', 'S', NULL, NULL, NULL, NULL, NULL, NULL, NULL, NULL, NULL, NULL, NULL, NULL);
/*!40000 ALTER TABLE `sigi_lis` ENABLE KEYS */;


-- Volcando estructura para tabla serviciosmicarpetasigi.sigi_opc
CREATE TABLE IF NOT EXISTS `sigi_opc` (
  `COD_OPC` varchar(7) NOT NULL,
  `F_CON_AE` date DEFAULT NULL,
  `COD_TIP_AE` varchar(1) DEFAULT NULL,
  `TEX_OPC` varchar(200) NOT NULL,
  `TEX_OPC_CAB` varchar(200) NOT NULL,
  `TEX_OPC_PDF` varchar(200) DEFAULT NULL,
  `FEC_CUR_COM` varchar(10) DEFAULT NULL,
  `L_VIS` varchar(1) NOT NULL,
  `L_ACT` varchar(1) NOT NULL,
  `L_PET_MAS` varchar(1) DEFAULT NULL,
  `L_RES_VIS` varchar(1) DEFAULT NULL,
  `L_RES_ACT` varchar(1) DEFAULT NULL,
  `F_INI_OPC` date NOT NULL,
  `F_FIN_OPC` date NOT NULL,
  `C_USU_ULT_MOD` varchar(8) NOT NULL,
  `F_ULT_MOD` date NOT NULL
) ENGINE=InnoDB DEFAULT CHARSET=utf8;

-- Volcando datos para la tabla serviciosmicarpetasigi.sigi_opc: ~4 rows (aproximadamente)
/*!40000 ALTER TABLE `sigi_opc` DISABLE KEYS */;
INSERT INTO `sigi_opc` (`COD_OPC`, `F_CON_AE`, `COD_TIP_AE`, `TEX_OPC`, `TEX_OPC_CAB`, `TEX_OPC_PDF`, `FEC_CUR_COM`, `L_VIS`, `L_ACT`, `L_PET_MAS`, `L_RES_VIS`, `L_RES_ACT`, `F_INI_OPC`, `F_FIN_OPC`, `C_USU_ULT_MOD`, `F_ULT_MOD`) VALUES
	('SIGIPAE', '2015-07-28', 'I', 'PRIMARIA ACTO DE ELECCION DE INTERINOS DE INICIO DE CURSO DE FECHA 28/07/15', 'Fecha del Acto de Elección de Inicio de curso 28/07/15', 'CUERPO DE MAESTROS - INTERINOS', '31/10/14', 'S', 'S', 'S', 'S', 'S', '2015-07-28', '2015-10-28', 'SCPRINRE', '2015-07-28'),
	('SIGISSP', NULL, NULL, 'SECUNDARIA CONSULTA DE LA SITUACION DEL PARTICIPANTE', 'CONSULTA DE LA SITUACION DEL PARTICIPANTE DE SECUNDARIA', NULL, '31/10/14', 'S', 'S', 'N', 'N', 'N', '2015-07-28', '2015-10-28', 'SYSTEM', '2015-07-28'),
	('SIGIPSP', NULL, NULL, 'PRIMARIA CONSULTA DE LA SITUACION DEL PARTICIPANTE', 'CONSULTA DE LA SITUACiON DEL PARTICIPANTE DE PRIMARIA', NULL, '31/10/14', 'S', 'S', 'N', 'N', 'N', '2015-07-28', '2015-10-28', 'SYSTEM', '2015-07-28'),
	('SIGISAE', '2015-07-28', 'S', 'SECUNDARIA ACTO DE ELECCIÓN DE INTERINOS SEMANAL DE FECHA 11/06/15', 'Fecha del Acto de Elección Semanal 11/06/15', 'PERSONAL INTERINO DE ENSEÑANZA SECUNDARIA, F.P. Y RÉGIMEN ESPECIAL. MODELO DE SOLICITUD PARA ELECCIÓN DE DESTINO. CURSO 2014/2015', '31/10/14', 'S', 'S', 'N', 'N', 'N', '2015-07-28', '2015-10-28', 'SCEMINRE', '2015-07-28');
/*!40000 ALTER TABLE `sigi_opc` ENABLE KEYS */;


-- Volcando estructura para tabla serviciosmicarpetasigi.sigi_pet
CREATE TABLE IF NOT EXISTS `sigi_pet` (
  `TIPO_ID` varchar(1) NOT NULL,
  `DNI` varchar(15) NOT NULL,
  `COD_OPC` varchar(7) NOT NULL,
  `COD_SOL` varchar(4) NOT NULL,
  `NUM_VAC` varchar(5) NOT NULL,
  `ORD_PRE` varchar(4) NOT NULL
) ENGINE=InnoDB DEFAULT CHARSET=utf8;

-- Volcando datos para la tabla serviciosmicarpetasigi.sigi_pet: ~486 rows (aproximadamente)
/*!40000 ALTER TABLE `sigi_pet` DISABLE KEYS */;
INSERT INTO `sigi_pet` (`TIPO_ID`, `DNI`, `COD_OPC`, `COD_SOL`, `NUM_VAC`, `ORD_PRE`) VALUES
	('D', '00000001R', 'SIGIPAE', '7204', '79', '92'),
	('D', '00000001R', 'SIGIPAE', '7204', '448', '130'),
	('D', '00000001R', 'SIGIPAE', '7204', '515', '144'),
	('D', '00000001R', 'SIGIPAE', '7204', '687', '5'),
	('D', '00000001R', 'SIGIPAE', '7204', '444', '112'),
	('D', '00000001R', 'SIGIPAE', '7204', '886', '167'),
	('D', '00000001R', 'SIGIPAE', '7204', '213', '178'),
	('D', '00000001R', 'SIGIPAE', '7204', '226', '185'),
	('D', '00000001R', 'SIGIPAE', '7204', '1406', '121'),
	('D', '00000001R', 'SIGIPAE', '7204', '453', '136'),
	('D', '00000001R', 'SIGIPAE', '7204', '1418', '22'),
	('D', '00000001R', 'SIGIPAE', '7204', '364', '74'),
	('D', '00000001R', 'SIGIPAE', '7204', '579', '160'),
	('D', '00000001R', 'SIGIPAE', '7204', '689', '24'),
	('D', '00000001R', 'SIGIPAE', '7204', '1258', '64'),
	('D', '00000001R', 'SIGIPAE', '7204', '1404', '91'),
	('D', '00000001R', 'SIGIPAE', '7204', '215', '181'),
	('D', '00000001R', 'SIGIPAE', '7204', '732', '27'),
	('D', '00000001R', 'SIGIPAE', '7204', '458', '137'),
	('D', '00000001R', 'SIGIPAE', '7204', '204', '173'),
	('D', '00000001R', 'SIGIPAE', '7204', '1466', '131'),
	('D', '00000001R', 'SIGIPAE', '7204', '1461', '75'),
	('D', '00000001R', 'SIGIPAE', '7204', '554', '6'),
	('D', '00000001R', 'SIGIPAE', '7204', '563', '157'),
	('D', '00000001R', 'SIGIPAE', '7204', '1197', '15'),
	('D', '00000001R', 'SIGIPAE', '7204', '504', '140'),
	('D', '00000001R', 'SIGIPAE', '7204', '341', '61'),
	('D', '00000001R', 'SIGIPAE', '7204', '22', '32'),
	('D', '00000001R', 'SIGIPAE', '7204', '340', '60'),
	('D', '00000001R', 'SIGIPAE', '7204', '1290', '161'),
	('D', '00000001R', 'SIGIPAE', '7204', '450', '115'),
	('D', '00000001R', 'SIGIPAE', '7204', '491', '134'),
	('D', '00000001R', 'SIGIPAE', '7204', '397', '79'),
	('D', '00000001R', 'SIGIPAE', '7204', '58', '103'),
	('D', '00000001R', 'SIGIPAE', '7204', '1217', '149'),
	('D', '00000001R', 'SIGIPAE', '7204', '342', '62'),
	('D', '00000001R', 'SIGIPAE', '7204', '1390', '186'),
	('D', '00000001R', 'SIGIPAE', '7204', '503', '139'),
	('D', '00000001R', 'SIGIPAE', '7204', '838', '55'),
	('D', '00000001R', 'SIGIPAE', '7204', '888', '169'),
	('D', '00000001R', 'SIGIPAE', '7204', '918', '163'),
	('D', '00000001R', 'SIGIPAE', '7204', '1412', '117'),
	('D', '00000001R', 'SIGIPAE', '7204', '1294', '97'),
	('D', '00000001R', 'SIGIPAE', '7204', '253', '11'),
	('D', '00000001R', 'SIGIPAE', '7204', '1393', '56'),
	('D', '00000001R', 'SIGIPAE', '7204', '1', '12'),
	('D', '00000001R', 'SIGIPAE', '7204', '442', '107'),
	('D', '00000001R', 'SIGIPAE', '7204', '1203', '19'),
	('D', '00000001R', 'SIGIPAE', '7204', '1431', '21'),
	('D', '00000001R', 'SIGIPAE', '7204', '307', '41'),
	('D', '00000001R', 'SIGIPAE', '7204', '887', '168'),
	('D', '00000001R', 'SIGIPAE', '7204', '1202', '18'),
	('D', '00000001R', 'SIGIPAE', '7204', '1382', '30'),
	('D', '00000001R', 'SIGIPAE', '7204', '187', '170'),
	('D', '00000001R', 'SIGIPAE', '7204', '1341', '138'),
	('D', '00000001R', 'SIGIPAE', '7204', '251', '10'),
	('D', '00000001R', 'SIGIPAE', '7204', '497', '114'),
	('D', '00000001R', 'SIGIPAE', '7204', '1342', '123'),
	('D', '00000001R', 'SIGIPAE', '7204', '81', '94'),
	('D', '00000001R', 'SIGIPAE', '7204', '387', '77'),
	('D', '00000001R', 'SIGIPAE', '7204', '270', '1'),
	('D', '00000001R', 'SIGIPAE', '7204', '1462', '76'),
	('D', '00000001R', 'SIGIPAE', '7204', '1459', '109'),
	('D', '00000001R', 'SIGIPAE', '7204', '1465', '105'),
	('D', '00000001R', 'SIGIPAE', '7204', '1260', '73'),
	('D', '00000001R', 'SIGIPAE', '7204', '489', '132'),
	('D', '00000001R', 'SIGIPAE', '7204', '355', '66'),
	('D', '00000001R', 'SIGIPAE', '7204', '1206', '20'),
	('D', '00000001R', 'SIGIPAE', '7204', '1198', '16'),
	('D', '00000001R', 'SIGIPAE', '7204', '567', '7'),
	('D', '00000001R', 'SIGIPAE', '7204', '762', '3'),
	('D', '00000001R', 'SIGIPAE', '7204', '630', '35'),
	('D', '00000001R', 'SIGIPAE', '7204', '426', '90'),
	('D', '00000001R', 'SIGIPAE', '7204', '1307', '180'),
	('D', '00000001R', 'SIGIPAE', '7204', '17', '23'),
	('D', '00000001R', 'SIGIPAE', '7204', '1366', '37'),
	('D', '00000001R', 'SIGIPAE', '7204', '552', '147'),
	('D', '00000001R', 'SIGIPAE', '7204', '52', '50'),
	('D', '00000001R', 'SIGIPAE', '7204', '683', '155'),
	('D', '00000001R', 'SIGIPAE', '7204', '1422', '154'),
	('D', '00000001R', 'SIGIPAE', '7204', '1323', '113'),
	('D', '00000001R', 'SIGIPAE', '7204', '1026', '2'),
	('D', '00000001R', 'SIGIPAE', '7204', '46', '49'),
	('D', '00000001R', 'SIGIPAE', '7204', '508', '142'),
	('D', '00000001R', 'SIGIPAE', '7204', '4', '13'),
	('D', '00000001R', 'SIGIPAE', '7204', '509', '143'),
	('D', '00000001R', 'SIGIPAE', '7204', '1457', '85'),
	('D', '00000001R', 'SIGIPAE', '7204', '938', '57'),
	('D', '00000001R', 'SIGIPAE', '7204', '330', '59'),
	('D', '00000001R', 'SIGIPAE', '7204', '927', '164'),
	('D', '00000001R', 'SIGIPAE', '7204', '343', '63'),
	('D', '00000001R', 'SIGIPAE', '7204', '1436', '45'),
	('D', '00000001R', 'SIGIPAE', '7204', '619', '162'),
	('D', '00000001R', 'SIGIPAE', '7204', '62', '99'),
	('D', '00000001R', 'SIGIPAE', '7204', '570', '83'),
	('D', '00000001R', 'SIGIPAE', '7204', '1464', '87'),
	('D', '00000001R', 'SIGIPAE', '7204', '304', '39'),
	('D', '00000001R', 'SIGIPAE', '7204', '1082', '28'),
	('D', '00000001R', 'SIGIPAE', '7204', '1096', '145'),
	('D', '00000001R', 'SIGIPAE', '7204', '726', '26'),
	('D', '00000001R', 'SIGIPAE', '7204', '542', '31'),
	('D', '00000001R', 'SIGIPAE', '7204', '53', '29'),
	('D', '00000001R', 'SIGIPAE', '7204', '1391', '54'),
	('D', '00000001R', 'SIGIPAE', '7204', '264', '126'),
	('D', '00000001R', 'SIGIPAE', '7204', '56', '102'),
	('D', '00000001R', 'SIGIPAE', '7204', '362', '72'),
	('D', '00000001R', 'SIGIPAE', '7204', '1437', '108'),
	('D', '00000001R', 'SIGIPAE', '7204', '1265', '82'),
	('D', '00000001R', 'SIGIPAE', '7204', '394', '78'),
	('D', '00000001R', 'SIGIPAE', '7204', '225', '184'),
	('D', '00000001R', 'SIGIPAE', '7204', '290', '44'),
	('D', '00000001R', 'SIGIPAE', '7204', '87', '98'),
	('D', '00000001R', 'SIGIPAE', '7204', '211', '176'),
	('D', '00000001R', 'SIGIPAE', '7204', '1130', '4'),
	('D', '00000001R', 'SIGIPAE', '7204', '490', '133'),
	('D', '00000001R', 'SIGIPAE', '7204', '401', '88'),
	('D', '00000001R', 'SIGIPAE', '7204', '780', '52'),
	('D', '00000001R', 'SIGIPAE', '7204', '37', '46'),
	('D', '00000001R', 'SIGIPAE', '7204', '1410', '125'),
	('D', '00000001R', 'SIGIPAE', '7204', '403', '89'),
	('D', '00000001R', 'SIGIPAE', '7204', '492', '135'),
	('D', '00000001R', 'SIGIPAE', '7204', '568', '159'),
	('D', '00000001R', 'SIGIPAE', '7204', '27', '150'),
	('D', '00000001R', 'SIGIPAE', '7204', '1216', '148'),
	('D', '00000001R', 'SIGIPAE', '7204', '214', '179'),
	('D', '00000001R', 'SIGIPAE', '7204', '1421', '17'),
	('D', '00000001R', 'SIGIPAE', '7204', '65', '100'),
	('D', '00000001R', 'SIGIPAE', '7204', '1438', '65'),
	('D', '00000001R', 'SIGIPAE', '7204', '1190', '14'),
	('D', '00000001R', 'SIGIPAE', '7204', '224', '183'),
	('D', '00000001R', 'SIGIPAE', '7204', '1326', '116'),
	('D', '00000001R', 'SIGIPAE', '7204', '188', '171'),
	('D', '00000001R', 'SIGIPAE', '7204', '595', '9'),
	('D', '00000001R', 'SIGIPAE', '7204', '36', '36'),
	('D', '00000001R', 'SIGIPAE', '7204', '722', '120'),
	('D', '00000001R', 'SIGIPAE', '7204', '1460', '110'),
	('D', '00000001R', 'SIGIPAE', '7204', '437', '152'),
	('D', '00000001R', 'SIGIPAE', '7204', '305', '40'),
	('D', '00000001R', 'SIGIPAE', '7204', '289', '34'),
	('D', '00000001R', 'SIGIPAE', '7204', '691', '177'),
	('D', '00000001R', 'SIGIPAE', '7204', '577', '8'),
	('D', '00000001R', 'SIGIPAE', '7204', '939', '58'),
	('D', '00000001R', 'SIGIPAE', '7204', '565', '158'),
	('D', '00000001R', 'SIGIPAE', '7204', '38', '47'),
	('D', '00000001R', 'SIGIPAE', '7204', '778', '51'),
	('D', '00000001R', 'SIGIPAE', '7204', '356', '67'),
	('D', '00000001R', 'SIGIPAE', '7204', '205', '174'),
	('D', '00000001R', 'SIGIPAE', '7204', '84', '96'),
	('D', '00000001R', 'SIGIPAE', '7204', '1456', '84'),
	('D', '00000001R', 'SIGIPAE', '7204', '210', '175'),
	('D', '00000001R', 'SIGIPAE', '7204', '286', '33'),
	('D', '00000001R', 'SIGIPAE', '7204', '11', '146'),
	('D', '00000001R', 'SIGIPAE', '7204', '1264', '81'),
	('D', '00000001R', 'SIGIPAE', '7204', '368', '80'),
	('D', '00000001R', 'SIGIPAE', '7204', '189', '172'),
	('D', '00000001R', 'SIGIPAE', '7204', '441', '106'),
	('D', '00000001R', 'SIGIPAE', '7204', '482', '111'),
	('D', '00000001R', 'SIGIPAE', '7204', '357', '68'),
	('D', '00000001R', 'SIGIPAE', '7204', '80', '93'),
	('D', '00000001R', 'SIGIPAE', '7204', '361', '71'),
	('D', '00000001R', 'SIGIPAE', '7204', '124', '122'),
	('D', '00000001R', 'SIGIPAE', '7204', '1254', '43'),
	('D', '00000001R', 'SIGIPAE', '7204', '953', '165'),
	('D', '00000001R', 'SIGIPAE', '7204', '718', '119'),
	('D', '00000001R', 'SIGIPAE', '7204', '911', '156'),
	('D', '00000001R', 'SIGIPAE', '7204', '358', '69'),
	('D', '00000001R', 'SIGIPAE', '7204', '1415', '118'),
	('D', '00000001R', 'SIGIPAE', '7204', '359', '70'),
	('D', '00000001R', 'SIGIPAE', '7204', '829', '53'),
	('D', '00000001R', 'SIGIPAE', '7204', '1343', '124'),
	('D', '00000001R', 'SIGIPAE', '7204', '1253', '42'),
	('D', '00000001R', 'SIGIPAE', '7204', '883', '166'),
	('D', '00000001R', 'SIGIPAE', '7204', '71', '101'),
	('D', '00000001R', 'SIGIPAE', '7204', '1356', '25'),
	('D', '00000001R', 'SIGIPAE', '7204', '83', '95'),
	('D', '00000001R', 'SIGIPAE', '7204', '885', '127'),
	('D', '00000001R', 'SIGIPAE', '7204', '438', '153'),
	('D', '00000001R', 'SIGIPAE', '7204', '507', '141'),
	('D', '00000001R', 'SIGIPAE', '7204', '416', '104'),
	('D', '00000001R', 'SIGIPAE', '7204', '436', '151'),
	('D', '00000001R', 'SIGIPAE', '7204', '891', '128'),
	('D', '00000001R', 'SIGIPAE', '7204', '1367', '38'),
	('D', '00000001R', 'SIGIPAE', '7204', '39', '48'),
	('D', '00000001R', 'SIGIPAE', '7204', '219', '182'),
	('D', '00000001R', 'SIGIPAE', '7204', '1015', '129'),
	('D', '00000001R', 'SIGIPAE', '7204', '1454', '86'),
	('D', '00000001R', 'SIGISAE', '1434', '4020', '2'),
	('D', '00000001R', 'SIGISAE', '1434', '4005', '1'),
	('D', '00000001R', 'SIGIPAE', '9039', '1390', '186'),
	('D', '00000001R', 'SIGIPAE', '9039', '87', '98'),
	('D', '00000001R', 'SIGIPAE', '9039', '1323', '113'),
	('D', '00000001R', 'SIGIPAE', '9039', '397', '79'),
	('D', '00000001R', 'SIGIPAE', '9039', '441', '106'),
	('D', '00000001R', 'SIGIPAE', '9039', '343', '63'),
	('D', '00000001R', 'SIGIPAE', '9039', '1454', '86'),
	('D', '00000001R', 'SIGIPAE', '9039', '341', '61'),
	('D', '00000001R', 'SIGIPAE', '9039', '1367', '38'),
	('D', '00000001R', 'SIGIPAE', '9039', '62', '99'),
	('D', '00000001R', 'SIGIPAE', '9039', '251', '10'),
	('D', '00000001R', 'SIGIPAE', '9039', '426', '90'),
	('D', '00000001R', 'SIGIPAE', '9039', '927', '164'),
	('D', '00000001R', 'SIGIPAE', '9039', '226', '185'),
	('D', '00000001R', 'SIGIPAE', '9039', '224', '183'),
	('D', '00000001R', 'SIGIPAE', '9039', '1410', '125'),
	('D', '00000001R', 'SIGIPAE', '9039', '1418', '22'),
	('D', '00000001R', 'SIGIPAE', '9039', '1253', '42'),
	('D', '00000001R', 'SIGIPAE', '9039', '448', '130'),
	('D', '00000001R', 'SIGIPAE', '9039', '722', '120'),
	('D', '00000001R', 'SIGIPAE', '9039', '364', '74'),
	('D', '00000001R', 'SIGIPAE', '9039', '71', '101'),
	('D', '00000001R', 'SIGIPAE', '9039', '1466', '131'),
	('D', '00000001R', 'SIGIPAE', '9039', '732', '27'),
	('D', '00000001R', 'SIGIPAE', '9039', '1326', '116'),
	('D', '00000001R', 'SIGIPAE', '9039', '453', '136'),
	('D', '00000001R', 'SIGIPAE', '9039', '829', '53'),
	('D', '00000001R', 'SIGIPAE', '9039', '438', '153'),
	('D', '00000001R', 'SIGIPAE', '9039', '458', '137'),
	('D', '00000001R', 'SIGIPAE', '9039', '205', '174'),
	('D', '00000001R', 'SIGIPAE', '9039', '1462', '76'),
	('D', '00000001R', 'SIGIPAE', '9039', '1130', '4'),
	('D', '00000001R', 'SIGIPAE', '9039', '58', '103'),
	('D', '00000001R', 'SIGIPAE', '9039', '1464', '87'),
	('D', '00000001R', 'SIGIPAE', '9039', '1438', '65'),
	('D', '00000001R', 'SIGIPAE', '9039', '38', '47'),
	('D', '00000001R', 'SIGIPAE', '9039', '507', '141'),
	('D', '00000001R', 'SIGIPAE', '9039', '1202', '18'),
	('D', '00000001R', 'SIGIPAE', '9039', '204', '173'),
	('D', '00000001R', 'SIGIPAE', '9039', '53', '29'),
	('D', '00000001R', 'SIGIPAE', '9039', '387', '77'),
	('D', '00000001R', 'SIGIPAE', '9039', '52', '50'),
	('D', '00000001R', 'SIGIPAE', '9039', '416', '104'),
	('D', '00000001R', 'SIGIPAE', '9039', '210', '175'),
	('D', '00000001R', 'SIGIPAE', '9039', '687', '5'),
	('D', '00000001R', 'SIGIPAE', '9039', '362', '72'),
	('D', '00000001R', 'SIGIPAE', '9039', '1254', '43'),
	('D', '00000001R', 'SIGIPAE', '9039', '1406', '121'),
	('D', '00000001R', 'SIGIPAE', '9039', '1', '12'),
	('D', '00000001R', 'SIGIPAE', '9039', '619', '162'),
	('D', '00000001R', 'SIGIPAE', '9039', '1258', '64'),
	('D', '00000001R', 'SIGIPAE', '9039', '567', '7'),
	('D', '00000001R', 'SIGIPAE', '9039', '65', '100'),
	('D', '00000001R', 'SIGIPAE', '9039', '355', '66'),
	('D', '00000001R', 'SIGIPAE', '9039', '46', '49'),
	('D', '00000001R', 'SIGIPAE', '9039', '81', '94'),
	('D', '00000001R', 'SIGIPAE', '9039', '630', '35'),
	('D', '00000001R', 'SIGIPAE', '9039', '778', '51'),
	('D', '00000001R', 'SIGIPAE', '9039', '358', '69'),
	('D', '00000001R', 'SIGIPAE', '9039', '1366', '37'),
	('D', '00000001R', 'SIGIPAE', '9039', '1217', '149'),
	('D', '00000001R', 'SIGIPAE', '9039', '886', '167'),
	('D', '00000001R', 'SIGIPAE', '9039', '1457', '85'),
	('D', '00000001R', 'SIGIPAE', '9039', '1294', '97'),
	('D', '00000001R', 'SIGIPAE', '9039', '304', '39'),
	('D', '00000001R', 'SIGIPAE', '9039', '885', '127'),
	('D', '00000001R', 'SIGIPAE', '9039', '1391', '54'),
	('D', '00000001R', 'SIGIPAE', '9039', '552', '147'),
	('D', '00000001R', 'SIGIPAE', '9039', '39', '48'),
	('D', '00000001R', 'SIGIPAE', '9039', '838', '55'),
	('D', '00000001R', 'SIGIPAE', '9039', '215', '181'),
	('D', '00000001R', 'SIGIPAE', '9039', '489', '132'),
	('D', '00000001R', 'SIGIPAE', '9039', '1412', '117'),
	('D', '00000001R', 'SIGIPAE', '9039', '437', '152'),
	('D', '00000001R', 'SIGIPAE', '9039', '888', '169'),
	('D', '00000001R', 'SIGIPAE', '9039', '953', '165'),
	('D', '00000001R', 'SIGIPAE', '9039', '1341', '138'),
	('D', '00000001R', 'SIGIPAE', '9039', '1190', '14'),
	('D', '00000001R', 'SIGIPAE', '9039', '1404', '91'),
	('D', '00000001R', 'SIGIPAE', '9039', '213', '178'),
	('D', '00000001R', 'SIGIPAE', '9039', '450', '115'),
	('D', '00000001R', 'SIGIPAE', '9039', '187', '170'),
	('D', '00000001R', 'SIGIPAE', '9039', '515', '144'),
	('D', '00000001R', 'SIGIPAE', '9039', '330', '59'),
	('D', '00000001R', 'SIGIPAE', '9039', '509', '143'),
	('D', '00000001R', 'SIGIPAE', '9039', '225', '184'),
	('D', '00000001R', 'SIGIPAE', '9039', '691', '177'),
	('D', '00000001R', 'SIGIPAE', '9039', '83', '95'),
	('D', '00000001R', 'SIGIPAE', '9039', '253', '11'),
	('D', '00000001R', 'SIGIPAE', '9039', '359', '70'),
	('D', '00000001R', 'SIGIPAE', '9039', '689', '24'),
	('D', '00000001R', 'SIGIPAE', '9039', '1382', '30'),
	('D', '00000001R', 'SIGIPAE', '9039', '1265', '82'),
	('D', '00000001R', 'SIGIPAE', '9039', '1459', '109'),
	('D', '00000001R', 'SIGIPAE', '9039', '1082', '28'),
	('D', '00000001R', 'SIGIPAE', '9039', '394', '78'),
	('D', '00000001R', 'SIGIPAE', '9039', '361', '71'),
	('D', '00000001R', 'SIGIPAE', '9039', '568', '159'),
	('D', '00000001R', 'SIGIPAE', '9039', '1465', '105'),
	('D', '00000001R', 'SIGIPAE', '9039', '368', '80'),
	('D', '00000001R', 'SIGIPAE', '9039', '577', '8'),
	('D', '00000001R', 'SIGIPAE', '9039', '442', '107'),
	('D', '00000001R', 'SIGIPAE', '9039', '17', '23'),
	('D', '00000001R', 'SIGIPAE', '9039', '84', '96'),
	('D', '00000001R', 'SIGIPAE', '9039', '305', '40'),
	('D', '00000001R', 'SIGIPAE', '9039', '37', '46'),
	('D', '00000001R', 'SIGIPAE', '9039', '911', '156'),
	('D', '00000001R', 'SIGIPAE', '9039', '1260', '73'),
	('D', '00000001R', 'SIGIPAE', '9039', '1206', '20'),
	('D', '00000001R', 'SIGIPAE', '9039', '490', '133'),
	('D', '00000001R', 'SIGIPAE', '9039', '554', '6'),
	('D', '00000001R', 'SIGIPAE', '9039', '1415', '118'),
	('D', '00000001R', 'SIGIPAE', '9039', '508', '142'),
	('D', '00000001R', 'SIGIPAE', '9039', '503', '139'),
	('D', '00000001R', 'SIGIPAE', '9039', '1264', '81'),
	('D', '00000001R', 'SIGIPAE', '9039', '436', '151'),
	('D', '00000001R', 'SIGIPAE', '9039', '1437', '108'),
	('D', '00000001R', 'SIGIPAE', '9039', '211', '176'),
	('D', '00000001R', 'SIGIPAE', '9039', '342', '62'),
	('D', '00000001R', 'SIGIPAE', '9039', '189', '172'),
	('D', '00000001R', 'SIGIPAE', '9039', '1422', '154'),
	('D', '00000001R', 'SIGIPAE', '9039', '1203', '19'),
	('D', '00000001R', 'SIGIPAE', '9039', '219', '182'),
	('D', '00000001R', 'SIGIPAE', '9039', '1197', '15'),
	('D', '00000001R', 'SIGIPAE', '9039', '80', '93'),
	('D', '00000001R', 'SIGIPAE', '9039', '270', '1'),
	('D', '00000001R', 'SIGIPAE', '9039', '357', '68'),
	('D', '00000001R', 'SIGIPAE', '9039', '570', '83'),
	('D', '00000001R', 'SIGIPAE', '9039', '286', '33'),
	('D', '00000001R', 'SIGIPAE', '9039', '356', '67'),
	('D', '00000001R', 'SIGIPAE', '9039', '497', '114'),
	('D', '00000001R', 'SIGIPAE', '9039', '683', '155'),
	('D', '00000001R', 'SIGIPAE', '9039', '1342', '123'),
	('D', '00000001R', 'SIGIPAE', '9039', '1460', '110'),
	('D', '00000001R', 'SIGIPAE', '9039', '491', '134'),
	('D', '00000001R', 'SIGIPAE', '9039', '563', '157'),
	('D', '00000001R', 'SIGIPAE', '9039', '726', '26'),
	('D', '00000001R', 'SIGIPAE', '9039', '307', '41'),
	('D', '00000001R', 'SIGIPAE', '9039', '1307', '180'),
	('D', '00000001R', 'SIGIPAE', '9039', '1290', '161'),
	('D', '00000001R', 'SIGIPAE', '9039', '718', '119'),
	('D', '00000001R', 'SIGIPAE', '9039', '1026', '2'),
	('D', '00000001R', 'SIGIPAE', '9039', '939', '58'),
	('D', '00000001R', 'SIGIPAE', '9039', '444', '112'),
	('D', '00000001R', 'SIGIPAE', '9039', '1393', '56'),
	('D', '00000001R', 'SIGIPAE', '9039', '1015', '129'),
	('D', '00000001R', 'SIGIPAE', '9039', '780', '52'),
	('D', '00000001R', 'SIGIPAE', '9039', '504', '140'),
	('D', '00000001R', 'SIGIPAE', '9039', '1421', '17'),
	('D', '00000001R', 'SIGIPAE', '9039', '214', '179'),
	('D', '00000001R', 'SIGIPAE', '9039', '938', '57'),
	('D', '00000001R', 'SIGIPAE', '9039', '36', '36'),
	('D', '00000001R', 'SIGIPAE', '9039', '1343', '124'),
	('D', '00000001R', 'SIGIPAE', '9039', '4', '13'),
	('D', '00000001R', 'SIGIPAE', '9039', '1356', '25'),
	('D', '00000001R', 'SIGIPAE', '9039', '1436', '45'),
	('D', '00000001R', 'SIGIPAE', '9039', '22', '32'),
	('D', '00000001R', 'SIGIPAE', '9039', '492', '135'),
	('D', '00000001R', 'SIGIPAE', '9039', '1096', '145'),
	('D', '00000001R', 'SIGIPAE', '9039', '289', '34'),
	('D', '00000001R', 'SIGIPAE', '9039', '1456', '84'),
	('D', '00000001R', 'SIGIPAE', '9039', '542', '31'),
	('D', '00000001R', 'SIGIPAE', '9039', '887', '168'),
	('D', '00000001R', 'SIGIPAE', '9039', '340', '60'),
	('D', '00000001R', 'SIGIPAE', '9039', '579', '160'),
	('D', '00000001R', 'SIGIPAE', '9039', '1216', '148'),
	('D', '00000001R', 'SIGIPAE', '9039', '124', '122'),
	('D', '00000001R', 'SIGIPAE', '9039', '762', '3'),
	('D', '00000001R', 'SIGIPAE', '9039', '1461', '75'),
	('D', '00000001R', 'SIGIPAE', '9039', '27', '150'),
	('D', '00000001R', 'SIGIPAE', '9039', '401', '88'),
	('D', '00000001R', 'SIGIPAE', '9039', '290', '44'),
	('D', '00000001R', 'SIGIPAE', '9039', '883', '166'),
	('D', '00000001R', 'SIGIPAE', '9039', '264', '126'),
	('D', '00000001R', 'SIGIPAE', '9039', '56', '102'),
	('D', '00000001R', 'SIGIPAE', '9039', '595', '9'),
	('D', '00000001R', 'SIGIPAE', '9039', '565', '158'),
	('D', '00000001R', 'SIGIPAE', '9039', '1198', '16'),
	('D', '00000001R', 'SIGIPAE', '9039', '403', '89'),
	('D', '00000001R', 'SIGIPAE', '9039', '1431', '21'),
	('D', '00000001R', 'SIGIPAE', '9039', '891', '128'),
	('D', '00000001R', 'SIGIPAE', '9039', '918', '163'),
	('D', '00000001R', 'SIGIPAE', '9039', '482', '111'),
	('D', '00000001R', 'SIGIPAE', '9039', '79', '92'),
	('D', '00000001R', 'SIGIPAE', '9039', '11', '146'),
	('D', '00000001R', 'SIGIPAE', '9039', '188', '171'),
	('D', '00000006Y', 'SIGISAE', '9039', '4005', '1'),
	('D', '00000006Y', 'SIGISAE', '9039', '1155', '2'),
	('D', '00000006Y', 'SIGISAE', '9039', '1156', '3'),
	('D', '00000006Y', 'SIGISAE', '9039', '1037', '4'),
	('D', '00000006Y', 'SIGISAE', '9039', '1038', '5'),
	('D', '00000006Y', 'SIGISAE', '9039', '1039', '6'),
	('D', '00000006Y', 'SIGISAE', '9039', '1040', '7'),
	('D', '00000006Y', 'SIGISAE', '9039', '1126', '8'),
	('D', '00000006Y', 'SIGISAE', '9039', '573', '9'),
	('D', '00000006Y', 'SIGISAE', '9039', '3', '10'),
	('D', '00000006Y', 'SIGISAE', '9039', '727', '11'),
	('D', '00000006Y', 'SIGISAE', '9039', '1071', '12'),
	('D', '00000006Y', 'SIGISAE', '9039', '544', '13'),
	('D', '00000006Y', 'SIGISAE', '9039', '50', '14'),
	('D', '00000006Y', 'SIGISAE', '9039', '831', '15'),
	('D', '00000006Y', 'SIGISAE', '9039', '333', '16'),
	('D', '00000006Y', 'SIGISAE', '9039', '334', '17'),
	('D', '00000006Y', 'SIGISAE', '9039', '335', '18'),
	('D', '00000006Y', 'SIGISAE', '9039', '336', '19'),
	('D', '00000006Y', 'SIGISAE', '9039', '337', '20'),
	('D', '00000006Y', 'SIGISAE', '9039', '350', '21'),
	('D', '00000006Y', 'SIGISAE', '9039', '351', '22'),
	('D', '00000006Y', 'SIGISAE', '9039', '360', '23'),
	('D', '00000006Y', 'SIGISAE', '9039', '1259', '24'),
	('D', '00000006Y', 'SIGISAE', '9039', '395', '25'),
	('D', '00000006Y', 'SIGISAE', '9039', '396', '26'),
	('D', '00000006Y', 'SIGISAE', '9039', '75', '27'),
	('D', '00000006Y', 'SIGISAE', '9039', '1302', '28'),
	('D', '00000006Y', 'SIGISAE', '9039', '790', '29'),
	('D', '00000006Y', 'SIGISAE', '9039', '262', '30'),
	('D', '00000006Y', 'SIGISAE', '9039', '795', '31'),
	('D', '00000006Y', 'SIGISAE', '9039', '797', '32'),
	('D', '00000006Y', 'SIGISAE', '9039', '806', '33'),
	('D', '00000006Y', 'SIGISAE', '9039', '1011', '34'),
	('D', '00000006Y', 'SIGISAE', '9039', '1012', '35'),
	('D', '00000006Y', 'SIGISAE', '9039', '1013', '36'),
	('D', '00000006Y', 'SIGISAE', '9039', '447', '37'),
	('D', '00000006Y', 'SIGISAE', '9039', '454', '38'),
	('D', '00000006Y', 'SIGISAE', '9039', '455', '39'),
	('D', '00000006Y', 'SIGISAE', '9039', '502', '40'),
	('D', '00000006Y', 'SIGISAE', '9039', '439', '41'),
	('D', '00000006Y', 'SIGISAE', '9039', '657', '42'),
	('D', '00000006Y', 'SIGISAE', '9039', '678', '43'),
	('D', '00000006Y', 'SIGISAE', '9039', '875', '44'),
	('D', '00000006Y', 'SIGISAE', '9039', '193', '45'),
	('D', '00000006Y', 'SIGISAE', '9039', '196', '46'),
	('D', '00000006Y', 'SIGISAE', '7214', '4005', '1'),
	('D', '00000006Y', 'SIGISAE', '7214', '1155', '2'),
	('D', '00000006Y', 'SIGISAE', '7214', '1156', '3'),
	('D', '00000006Y', 'SIGISAE', '7214', '1037', '4'),
	('D', '00000006Y', 'SIGISAE', '7214', '1038', '5'),
	('D', '00000006Y', 'SIGISAE', '7214', '1039', '6'),
	('D', '00000006Y', 'SIGISAE', '7214', '1040', '7'),
	('D', '00000006Y', 'SIGISAE', '7214', '1126', '8'),
	('D', '00000006Y', 'SIGISAE', '7214', '573', '9'),
	('D', '00000006Y', 'SIGISAE', '7214', '3', '10'),
	('D', '00000006Y', 'SIGISAE', '7214', '727', '11'),
	('D', '00000006Y', 'SIGISAE', '7214', '1071', '12'),
	('D', '00000006Y', 'SIGISAE', '7214', '544', '13'),
	('D', '00000006Y', 'SIGISAE', '7214', '50', '14'),
	('D', '00000006Y', 'SIGISAE', '7214', '360', '15'),
	('D', '00000006Y', 'SIGISAE', '7214', '1259', '16'),
	('D', '00000006Y', 'SIGISAE', '7214', '395', '17'),
	('D', '00000006Y', 'SIGISAE', '7214', '396', '18'),
	('D', '00000006Y', 'SIGISAE', '7214', '75', '19'),
	('D', '00000006Y', 'SIGISAE', '7214', '1302', '20'),
	('D', '00000006Y', 'SIGISAE', '7214', '790', '21'),
	('D', '00000006Y', 'SIGISAE', '7214', '262', '22'),
	('D', '00000006Y', 'SIGISAE', '7214', '795', '23'),
	('D', '00000006Y', 'SIGISAE', '7214', '797', '24'),
	('D', '00000006Y', 'SIGISAE', '7214', '806', '25'),
	('D', '00000006Y', 'SIGISAE', '7214', '1011', '26'),
	('D', '00000006Y', 'SIGISAE', '7214', '1012', '27'),
	('D', '00000006Y', 'SIGISAE', '7214', '1013', '28'),
	('D', '00000006Y', 'SIGISAE', '7214', '502', '29'),
	('D', '00000006Y', 'SIGISAE', '7214', '439', '30'),
	('D', '00000006Y', 'SIGISAE', '7214', '657', '31'),
	('D', '00000006Y', 'SIGISAE', '7214', '678', '32'),
	('D', '00000006Y', 'SIGISAE', '7214', '875', '33'),
	('D', '00000006Y', 'SIGISAE', '1434', '4005', '1'),
	('D', '00000006Y', 'SIGISAE', '1434', '1155', '2'),
	('D', '00000006Y', 'SIGISAE', '1434', '1156', '3'),
	('D', '00000006Y', 'SIGISAE', '1434', '1037', '4'),
	('D', '00000006Y', 'SIGISAE', '1434', '1038', '5'),
	('D', '00000006Y', 'SIGISAE', '1434', '1039', '6'),
	('D', '00000006Y', 'SIGISAE', '1434', '1040', '7'),
	('D', '00000006Y', 'SIGISAE', '1434', '573', '8'),
	('D', '00000006Y', 'SIGISAE', '1434', '3', '9'),
	('D', '00000006Y', 'SIGISAE', '1434', '50', '10'),
	('D', '00000006Y', 'SIGISAE', '1434', '831', '11'),
	('D', '00000006Y', 'SIGISAE', '1434', '333', '12'),
	('D', '00000006Y', 'SIGISAE', '1434', '334', '13'),
	('D', '00000006Y', 'SIGISAE', '1434', '335', '14'),
	('D', '00000006Y', 'SIGISAE', '1434', '336', '15'),
	('D', '00000006Y', 'SIGISAE', '1434', '337', '16'),
	('D', '00000006Y', 'SIGISAE', '1434', '350', '17'),
	('D', '00000006Y', 'SIGISAE', '1434', '351', '18'),
	('D', '00000006Y', 'SIGISAE', '1434', '75', '19'),
	('D', '00000006Y', 'SIGISAE', '1434', '262', '20'),
	('D', '00000006Y', 'SIGISAE', '1434', '806', '21'),
	('D', '00000006Y', 'SIGISAE', '1434', '1011', '22'),
	('D', '00000006Y', 'SIGISAE', '1434', '1012', '23'),
	('D', '00000006Y', 'SIGISAE', '1434', '1013', '24'),
	('D', '00000006Y', 'SIGISAE', '1434', '447', '25'),
	('D', '00000006Y', 'SIGISAE', '1434', '454', '26'),
	('D', '00000006Y', 'SIGISAE', '1434', '455', '27'),
	('D', '00000006Y', 'SIGISAE', '1434', '502', '28'),
	('D', '00000006Y', 'SIGISAE', '1434', '439', '29'),
	('D', '00000006Y', 'SIGISAE', '1434', '657', '30'),
	('D', '00000006Y', 'SIGISAE', '1434', '678', '31'),
	('D', '00000006Y', 'SIGISAE', '1434', '193', '32'),
	('D', '00000006Y', 'SIGISAE', '1434', '196', '33');
/*!40000 ALTER TABLE `sigi_pet` ENABLE KEYS */;


-- Volcando estructura para tabla serviciosmicarpetasigi.sigi_sol
CREATE TABLE IF NOT EXISTS `sigi_sol` (
  `TIPO_ID` varchar(1) NOT NULL,
  `DNI` varchar(15) NOT NULL,
  `COD_OPC` varchar(7) NOT NULL,
  `COD_SOL` varchar(4) NOT NULL,
  `F_HOR_ENT` datetime NOT NULL,
  `COD_EST_SOL` varchar(1) NOT NULL,
  `COD_USU` varchar(8) NOT NULL,
  `F_HOR_PRE` date DEFAULT NULL,
  `L_PRE` varchar(1) DEFAULT NULL
) ENGINE=InnoDB DEFAULT CHARSET=utf8;

-- Volcando datos para la tabla serviciosmicarpetasigi.sigi_sol: ~6 rows (aproximadamente)
/*!40000 ALTER TABLE `sigi_sol` DISABLE KEYS */;
INSERT INTO `sigi_sol` (`TIPO_ID`, `DNI`, `COD_OPC`, `COD_SOL`, `F_HOR_ENT`, `COD_EST_SOL`, `COD_USU`, `F_HOR_PRE`, `L_PRE`) VALUES
	('D', '00000001R', 'SIGIPAE', '9039', '2015-07-28 01:01:25', '0', 'INTERNET', NULL, NULL),
	('D', '00000001R', 'SIGIPAE', '7204', '2015-07-28 05:02:28', '0', 'INTERNET', NULL, NULL),
	('D', '00000001R', 'SIGISAE', '1434', '2015-07-28 07:01:25', '0', 'INTERNET', NULL, NULL),
	('D', '00000006Y', 'SIGISAE', '9039', '2015-07-28 01:01:25', '0', 'INTERNET', NULL, NULL),
	('D', '00000006Y', 'SIGISAE', '7214', '2015-07-28 05:02:28', '0', 'INTERNET', NULL, NULL),
	('D', '00000006Y', 'SIGISAE', '1434', '2015-07-28 07:01:25', '0', 'INTERNET', NULL, NULL);
/*!40000 ALTER TABLE `sigi_sol` ENABLE KEYS */;


-- Volcando estructura para tabla serviciosmicarpetasigi.sigi_tip_dur_vac
CREATE TABLE IF NOT EXISTS `sigi_tip_dur_vac` (
  `COD_TIP_DUR_VAC` varchar(2) NOT NULL,
  `DES_TIP_DUR_VAC` varchar(200) NOT NULL,
  KEY `PK_SIGI_TIP_JOR_VAC` (`COD_TIP_DUR_VAC`)
) ENGINE=InnoDB DEFAULT CHARSET=utf8;

-- Volcando datos para la tabla serviciosmicarpetasigi.sigi_tip_dur_vac: ~2 rows (aproximadamente)
/*!40000 ALTER TABLE `sigi_tip_dur_vac` DISABLE KEYS */;
INSERT INTO `sigi_tip_dur_vac` (`COD_TIP_DUR_VAC`, `DES_TIP_DUR_VAC`) VALUES
	('C', 'Vacantes de Curso Completo'),
	('S', 'Vacante de Sustitución');
/*!40000 ALTER TABLE `sigi_tip_dur_vac` ENABLE KEYS */;


-- Volcando estructura para tabla serviciosmicarpetasigi.sigi_tip_jor_vac
CREATE TABLE IF NOT EXISTS `sigi_tip_jor_vac` (
  `COD_TIP_JOR_VAC` varchar(2) NOT NULL,
  `DES_TIP_JOR_VAC` varchar(20) NOT NULL,
  KEY `PK_SIGI_TIP_JOR_VAC` (`COD_TIP_JOR_VAC`)
) ENGINE=InnoDB DEFAULT CHARSET=utf8;

-- Volcando datos para la tabla serviciosmicarpetasigi.sigi_tip_jor_vac: ~2 rows (aproximadamente)
/*!40000 ALTER TABLE `sigi_tip_jor_vac` DISABLE KEYS */;
INSERT INTO `sigi_tip_jor_vac` (`COD_TIP_JOR_VAC`, `DES_TIP_JOR_VAC`) VALUES
	('C', 'Jornada Completa'),
	('P', 'Jornada Parcial');
/*!40000 ALTER TABLE `sigi_tip_jor_vac` ENABLE KEYS */;


-- Volcando estructura para tabla serviciosmicarpetasigi.sigi_tip_obl_vac
CREATE TABLE IF NOT EXISTS `sigi_tip_obl_vac` (
  `COD_TIP_OBL_VAC` varchar(2) NOT NULL,
  `DES_TIP_OBL_VAC` varchar(20) NOT NULL,
  KEY `PK_SIGI_TIP_OBL_VAC` (`COD_TIP_OBL_VAC`)
) ENGINE=InnoDB DEFAULT CHARSET=utf8;

-- Volcando datos para la tabla serviciosmicarpetasigi.sigi_tip_obl_vac: ~2 rows (aproximadamente)
/*!40000 ALTER TABLE `sigi_tip_obl_vac` DISABLE KEYS */;
INSERT INTO `sigi_tip_obl_vac` (`COD_TIP_OBL_VAC`, `DES_TIP_OBL_VAC`) VALUES
	('O', 'Vacante Obligatoria'),
	('V', 'Vacante Voluntaria');
/*!40000 ALTER TABLE `sigi_tip_obl_vac` ENABLE KEYS */;


-- Volcando estructura para tabla serviciosmicarpetasigi.sigi_vac
CREATE TABLE IF NOT EXISTS `sigi_vac` (
  `COD_OPC` varchar(7) NOT NULL,
  `NUM_VAC` int(4) NOT NULL,
  `COD_CUE` varchar(4) NOT NULL,
  `COD_ESP` varchar(3) NOT NULL,
  `COD_MUN_VAC` varchar(9) NOT NULL,
  `COD_TIP_DUR` varchar(1) NOT NULL,
  `COD_CEN` varchar(8) NOT NULL,
  `COD_TIP_OBL` varchar(1) NOT NULL,
  `COD_TIP_JOR` varchar(1) NOT NULL
) ENGINE=InnoDB DEFAULT CHARSET=utf8;

-- Volcando datos para la tabla serviciosmicarpetasigi.sigi_vac: ~545 rows (aproximadamente)
/*!40000 ALTER TABLE `sigi_vac` DISABLE KEYS */;
INSERT INTO `sigi_vac` (`COD_OPC`, `NUM_VAC`, `COD_CUE`, `COD_ESP`, `COD_MUN_VAC`, `COD_TIP_DUR`, `COD_CEN`, `COD_TIP_OBL`, `COD_TIP_JOR`) VALUES
	('SIGIPAE', 266, '0597', 'EF', '44014', 'C', '50008915', 'O', 'P'),
	('SIGIPAE', 1242, '0597', 'EF', '44014', 'S', '44010288', 'O', 'C'),
	('SIGIPAE', 269, '0597', 'EF', '44009', 'C', '50007248', 'O', 'C'),
	('SIGIPAE', 270, '0597', 'MU', '44009', 'C', '50018830', 'O', 'C'),
	('SIGIPAE', 1023, '0597', 'PR1', '50297', 'S', '50006207', 'V', 'C'),
	('SIGIPAE', 1024, '0597', 'FI', '50297', 'C', '22003835', 'O', 'P'),
	('SIGIPAE', 1026, '0597', 'AL', '50297', 'C', '50700185', 'V', 'C'),
	('SIGIPAE', 1155, '0597', 'FF', '50297', 'S', '50018908', 'O', 'P'),
	('SIGIPAE', 1156, '0597', 'FF', '50297', 'S', '22005674', 'O', 'P'),
	('SIGISAE', 3984, '0591', '225', '44059', 'C', '22010566', 'V', 'C'),
	('SIGISAE', 3994, '0590', '112', '50297', 'C', '44004720', 'O', 'C'),
	('SIGISAE', 4005, '0590', '001', '50297', 'S', '50011161', 'O', 'P'),
	('SIGISAE', 4015, '0590', '019', '50297', 'S', '22002511', 'O', 'C'),
	('SIGISAE', 4020, '0590', '006', '50298', 'S', '50007731', 'O', 'C'),
	('SIGISAE', 4021, '0590', '004', '50160', 'S', '50009415', 'O', 'C'),
	('SIGISAE', 4022, '0590', '017', '50297', 'C', '50018003', 'V', 'C'),
	('SIGISAE', 4023, '0590', '017', '50297', 'C', '50006670', 'O', 'P'),
	('SIGIPAE', 1441, '0597', 'EI', '50297', 'C', '22010219', 'O', 'C'),
	('SIGIPAE', 1034, '0597', 'EI', '50297', 'C', '50017308', 'O', 'P'),
	('SIGIPAE', 1035, '0597', 'FI', '50297', 'C', '50011343', 'O', 'P'),
	('SIGIPAE', 1036, '0597', 'FI', '50297', 'C', '22003835', 'O', 'C'),
	('SIGIPAE', 1037, '0597', 'FF', '50297', 'C', '22004104', 'V', 'C'),
	('SIGIPAE', 1038, '0597', 'FF', '50297', 'C', '50001088', 'O', 'C'),
	('SIGIPAE', 1039, '0597', 'FF', '50297', 'S', '50005914', 'O', 'P'),
	('SIGIPAE', 1040, '0597', 'FF', '50297', 'C', '50017692', 'O', 'P'),
	('SIGIPAE', 1042, '0597', 'EF', '50297', 'S', '50010961', 'V', 'C'),
	('SIGIPAE', 737, '0597', 'EI', '50089', 'C', '50005483', 'O', 'C'),
	('SIGIPAE', 740, '0597', 'EI', '50089', 'C', '50005495', 'O', 'P'),
	('SIGIPAE', 743, '0597', 'EI', '50089', 'C', '50009786', 'O', 'C'),
	('SIGIPAE', 744, '0597', 'EI', '50089', 'S', '50009211', 'O', 'P'),
	('SIGIPAE', 746, '0597', 'EI', '50089', 'C', '22005406', 'V', 'C'),
	('SIGIPAE', 748, '0597', 'EF2', '50089', 'C', '50018787', 'O', 'C'),
	('SIGIPAE', 754, '0597', 'FI', '50089', 'C', '50009531', 'O', 'C'),
	('SIGIPAE', 757, '0597', 'FI', '50089', 'C', '50011483', 'O', 'C'),
	('SIGIPAE', 762, '0597', 'PT', '50089', 'C', '50700215', 'O', 'C'),
	('SIGIPAE', 1360, '0597', 'FI', '50089', 'C', '22004189', 'O', 'P'),
	('SIGIPAE', 1124, '0597', 'EI', '50297', 'S', '50009889', 'O', 'C'),
	('SIGIPAE', 1125, '0597', 'EI', '50297', 'C', '22006022', 'O', 'C'),
	('SIGIPAE', 1126, '0597', 'PR2', '50297', 'C', '50005896', 'O', 'C'),
	('SIGIPAE', 1128, '0597', 'FI', '50297', 'C', '50018969', 'O', 'C'),
	('SIGIPAE', 1130, '0597', 'PT', '50297', 'C', '44010082', 'O', 'P'),
	('SIGIPAE', 682, '0597', 'EI', '50068', 'S', '50010879', 'O', 'C'),
	('SIGIPAE', 684, '0597', 'FI', '50068', 'C', '50600713', 'O', 'P'),
	('SIGIPAE', 687, '0597', 'PT', '50068', 'C', '44005207', 'V', 'P'),
	('SIGIPAE', 554, '0597', 'MU', '50017', 'C', '22010232', 'O', 'C'),
	('SIGIPAE', 567, '0597', 'PT', '50024', 'C', '44004665', 'O', 'C'),
	('SIGIPAE', 569, '0597', 'EI', '50025', 'S', '44010151', 'O', 'P'),
	('SIGIPAE', 572, '0597', 'EI', '50025', 'C', '50009208', 'O', 'P'),
	('SIGIPAE', 573, '0597', 'FF', '50025', 'C', '44002191', 'V', 'C'),
	('SIGIPAE', 575, '0597', 'EF', '50025', 'C', '50007534', 'O', 'C'),
	('SIGIPAE', 577, '0597', 'PT', '50025', 'C', '50017667', 'O', 'C'),
	('SIGIPAE', 595, '0597', 'AL', '50026', 'C', '44010631', 'V', 'P'),
	('SIGIPAE', 251, '0597', 'AL', '44039', 'C', '50010892', 'V', 'C'),
	('SIGIPAE', 252, '0597', 'EF', '44039', 'S', '22700121', 'O', 'C'),
	('SIGIPAE', 253, '0597', 'MU', '44039', 'C', '50017229', 'O', 'C'),
	('SIGIPAE', 759, '0597', 'EI', '50115', 'C', '44000271', 'V', 'C'),
	('SIGIPAE', 852, '0597', 'EI', '50115', 'C', '22000809', 'O', 'C'),
	('SIGIPAE', 1374, '0597', 'FI', '50115', 'C', '22005145', 'O', 'P'),
	('SIGIPAE', 1375, '0597', 'FI', '50115', 'C', '50010454', 'V', 'C'),
	('SIGIPAE', 1, '0597', 'MU1', '44008', 'C', '50010387', 'O', 'C'),
	('SIGIPAE', 2, '0597', 'EI', '44008', 'C', '44004045', 'O', 'C'),
	('SIGIPAE', 3, '0597', 'FF', '44008', 'S', '50008381', 'V', 'C'),
	('SIGIPAE', 4, '0597', 'MU', '44008', 'S', '44010240', 'O', 'C'),
	('SIGIPAE', 1190, '0597', 'AL', '22158', 'S', '50004053', 'V', 'P'),
	('SIGIPAE', 1191, '0597', 'EF', '22158', 'S', '50010727', 'O', 'P'),
	('SIGIPAE', 1192, '0597', 'EI', '22158', 'C', '44004550', 'O', 'C'),
	('SIGIPAE', 1193, '0597', 'FI', '22158', 'C', '50007856', 'O', 'P'),
	('SIGIPAE', 1194, '0597', 'EF', '22052', 'C', '50001775', 'O', 'C'),
	('SIGIPAE', 1195, '0597', 'FI', '22052', 'C', '44002191', 'O', 'C'),
	('SIGIPAE', 1196, '0597', 'FI', '22052', 'C', '22002156', 'O', 'C'),
	('SIGIPAE', 1197, '0597', 'MU', '22052', 'C', '22010839', 'O', 'C'),
	('SIGIPAE', 1198, '0597', 'MU', '22052', 'C', '44010495', 'O', 'P'),
	('SIGIPAE', 1417, '0597', 'EI', '22052', 'S', '50006751', 'O', 'P'),
	('SIGIPAE', 1421, '0597', 'PRI', '22052', 'C', '22010566', 'O', 'C'),
	('SIGIPAE', 1429, '0597', 'FI', '22052', 'C', '50018301', 'O', 'C'),
	('SIGIPAE', 1199, '0597', 'FI', '22226', 'C', '50018751', 'O', 'C'),
	('SIGIPAE', 1201, '0597', 'FI', '22226', 'C', '50005011', 'O', 'C'),
	('SIGIPAE', 1202, '0597', 'PT', '22226', 'C', '50004879', 'O', 'P'),
	('SIGIPAE', 1414, '0597', 'FI', '22226', 'C', '50018091', 'O', 'C'),
	('SIGIPAE', 1425, '0597', 'EF', '22226', 'S', '50008371', 'O', 'P'),
	('SIGIPAE', 1203, '0597', 'AL', '22197', 'C', '50005616', 'O', 'C'),
	('SIGIPAE', 1204, '0597', 'EF', '22197', 'C', '22010311', 'V', 'C'),
	('SIGIPAE', 1205, '0597', 'FI', '22197', 'S', '50002123', 'O', 'C'),
	('SIGIPAE', 1206, '0597', 'MU', '22197', 'S', '44003272', 'O', 'C'),
	('SIGIPAE', 1431, '0597', 'PT', '22197', 'C', '50005422', 'V', 'C'),
	('SIGIPAE', 1208, '0597', 'EI', '22136', 'C', '50019263', 'O', 'C'),
	('SIGIPAE', 1418, '0597', 'AL', '22136', 'S', '50011291', 'V', 'P'),
	('SIGIPAE', 5, '0597', 'EI', '44013', 'C', '50006013', 'O', 'P'),
	('SIGIPAE', 6, '0597', 'FI', '44013', 'S', '50018246', 'O', 'C'),
	('SIGIPAE', 7, '0597', 'FI', '44013', 'C', '50600142', 'O', 'P'),
	('SIGIPAE', 8, '0597', 'FI', '44013', 'C', '50009531', 'O', 'C'),
	('SIGIPAE', 12, '0597', 'EF', '44025', 'C', '22004840', 'O', 'C'),
	('SIGIPAE', 13, '0597', 'EF', '44025', 'S', '50701013', 'V', 'C'),
	('SIGIPAE', 14, '0597', 'EI', '44025', 'C', '50001738', 'O', 'C'),
	('SIGIPAE', 15, '0597', 'EI', '44025', 'C', '50006581', 'O', 'C'),
	('SIGIPAE', 16, '0597', 'FI', '44025', 'C', '22005224', 'O', 'P'),
	('SIGIPAE', 17, '0597', 'MU', '44025', 'C', '50006529', 'O', 'P'),
	('SIGIPAE', 689, '0597', 'PRI', '50073', 'S', '22005133', 'O', 'C'),
	('SIGIPAE', 693, '0597', 'EF', '50073', 'C', '50017278', 'O', 'P'),
	('SIGIPAE', 1356, '0597', 'MU', '50073', 'C', '44010057', 'O', 'C'),
	('SIGIPAE', 1357, '0597', 'FI', '50073', 'C', '50700239', 'O', 'P'),
	('SIGIPAE', 720, '0597', 'EI', '50074', 'C', '50001349', 'O', 'P'),
	('SIGIPAE', 723, '0597', 'EI', '50074', 'S', '22010426', 'O', 'C'),
	('SIGIPAE', 724, '0597', 'EI', '50074', 'S', '44010549', 'O', 'C'),
	('SIGIPAE', 726, '0597', 'PRI', '50074', 'C', '50018787', 'O', 'P'),
	('SIGIPAE', 727, '0597', 'PR2', '50074', 'S', '50000862', 'O', 'C'),
	('SIGIPAE', 730, '0597', 'FI', '50074', 'C', '22005157', 'O', 'C'),
	('SIGIPAE', 732, '0597', 'MU', '50074', 'S', '22700066', 'O', 'C'),
	('SIGIPAE', 1070, '0597', 'EI', '50297', 'C', '22010505', 'V', 'P'),
	('SIGIPAE', 1071, '0597', 'PR2', '50297', 'C', '50700197', 'V', 'P'),
	('SIGIPAE', 1073, '0597', 'FI', '50297', 'C', '22005583', 'O', 'P'),
	('SIGIPAE', 1074, '0597', 'FI', '50297', 'C', '44004951', 'V', 'P'),
	('SIGIPAE', 1075, '0597', 'FI', '50297', 'C', '50006219', 'V', 'C'),
	('SIGIPAE', 1076, '0597', 'FI', '50297', 'C', '50008666', 'O', 'C'),
	('SIGIPAE', 1077, '0597', 'EF', '50297', 'S', '50008782', 'O', 'C'),
	('SIGIPAE', 1078, '0597', 'EF2', '50297', 'C', '44700098', 'O', 'P'),
	('SIGIPAE', 1080, '0597', 'MU2', '50297', 'C', '50011343', 'O', 'P'),
	('SIGIPAE', 1082, '0597', 'AL', '50297', 'S', '22010281', 'V', 'C'),
	('SIGIPAE', 53, '0597', 'AL', '44158', 'C', '22010049', 'V', 'C'),
	('SIGIPAE', 1263, '0597', 'FI', '44158', 'C', '44010434', 'O', 'C'),
	('SIGIPAE', 1382, '0597', 'PRI', '44158', 'C', '50011771', 'O', 'P'),
	('SIGIPAE', 735, '0597', 'EI', '50092', 'C', '44010148', 'O', 'C'),
	('SIGIPAE', 542, '0597', 'PT', '50094', 'C', '50008149', 'O', 'C'),
	('SIGIPAE', 1361, '0597', 'FI', '50094', 'S', '22005480', 'O', 'C'),
	('SIGIPAE', 544, '0597', 'PR2', '50095', 'C', '50018222', 'O', 'P'),
	('SIGIPAE', 545, '0597', 'FI', '50095', 'S', '50001829', 'O', 'C'),
	('SIGIPAE', 546, '0597', 'FI', '50095', 'C', '50017709', 'O', 'C'),
	('SIGIPAE', 624, '0597', 'FI', '50095', 'S', '50011318', 'O', 'C'),
	('SIGIPAE', 19, '0597', 'EF', '44050', 'S', '44004781', 'O', 'C'),
	('SIGIPAE', 20, '0597', 'FI', '44050', 'C', '22010761', 'V', 'C'),
	('SIGIPAE', 22, '0597', 'PT', '44050', 'C', '50018003', 'O', 'P'),
	('SIGIPAE', 1347, '0597', 'FI', '44050', 'C', '44004665', 'O', 'C'),
	('SIGIPAE', 285, '0597', 'EF', '22017', 'C', '44700025', 'O', 'C'),
	('SIGIPAE', 286, '0597', 'MU', '22017', 'S', '50008125', 'V', 'C'),
	('SIGIPAE', 1434, '0597', 'FI', '22017', 'C', '50004430', 'O', 'P'),
	('SIGIPAE', 287, '0597', 'FI', '22021', 'C', '50018970', 'O', 'C'),
	('SIGIPAE', 289, '0597', 'PRI', '22021', 'S', '22001875', 'O', 'C'),
	('SIGIPAE', 622, '0597', 'EI', '50209', 'S', '50007807', 'O', 'P'),
	('SIGIPAE', 630, '0597', 'PT', '50209', 'C', '50018830', 'O', 'C'),
	('SIGIPAE', 636, '0597', 'EF', '50209', 'C', '50007613', 'O', 'C'),
	('SIGIPAE', 35, '0597', 'EI', '44122', 'C', '50007327', 'O', 'C'),
	('SIGIPAE', 36, '0597', 'MU', '44122', 'C', '50002329', 'O', 'C'),
	('SIGIPAE', 1366, '0597', 'PRI', '44122', 'C', '50009488', 'O', 'P'),
	('SIGIPAE', 1367, '0597', 'PT', '44122', 'C', '50008630', 'V', 'P'),
	('SIGIPAE', 304, '0597', 'AL', '22061', 'C', '44010586', 'O', 'C'),
	('SIGIPAE', 305, '0597', 'AL', '22061', 'C', '44010124', 'O', 'P'),
	('SIGIPAE', 307, '0597', 'MU', '22061', 'C', '44700098', 'O', 'C'),
	('SIGIPAE', 1253, '0597', 'PRI', '22061', 'C', '50007157', 'O', 'C'),
	('SIGIPAE', 1254, '0597', 'PRI', '22061', 'C', '50018477', 'O', 'P'),
	('SIGIPAE', 1255, '0597', 'EF', '22061', 'C', '44004732', 'O', 'P'),
	('SIGIPAE', 290, '0597', 'AL', '22039', 'S', '50005562', 'O', 'C'),
	('SIGIPAE', 93, '0597', 'EF', '44246', 'S', '50011367', 'O', 'P'),
	('SIGIPAE', 94, '0597', 'FI', '44246', 'C', '50018234', 'O', 'P'),
	('SIGIPAE', 95, '0597', 'FI', '44246', 'S', '22010748', 'V', 'P'),
	('SIGIPAE', 1436, '0597', 'MU', '44246', 'S', '50011665', 'O', 'C'),
	('SIGIPAE', 37, '0597', 'AL', '44145', 'C', '50005598', 'V', 'C'),
	('SIGIPAE', 38, '0597', 'PRI', '44145', 'C', '50011185', 'O', 'C'),
	('SIGIPAE', 39, '0597', 'AL', '44153', 'C', '50018568', 'O', 'C'),
	('SIGIPAE', 40, '0597', 'EF', '44153', 'C', '50006074', 'V', 'C'),
	('SIGIPAE', 41, '0597', 'EI', '44153', 'C', '50006669', 'O', 'C'),
	('SIGIPAE', 42, '0597', 'EI', '44153', 'C', '50011215', 'O', 'C'),
	('SIGIPAE', 43, '0597', 'FI', '44153', 'C', '44010367', 'O', 'C'),
	('SIGIPAE', 46, '0597', 'PRI', '44153', 'C', '50007613', 'O', 'C'),
	('SIGIPAE', 47, '0597', 'EF', '44155', 'C', '50008149', 'O', 'C'),
	('SIGIPAE', 48, '0597', 'EF', '44155', 'C', '50017771', 'O', 'C'),
	('SIGIPAE', 49, '0597', 'EI', '44155', 'C', '22003860', 'V', 'C'),
	('SIGIPAE', 50, '0597', 'FF', '44155', 'C', '50018507', 'O', 'P'),
	('SIGIPAE', 52, '0597', 'PT', '44155', 'C', '50017382', 'O', 'C'),
	('SIGIPAE', 778, '0597', 'MU', '50264', 'C', '22002703', 'V', 'C'),
	('SIGIPAE', 23, '0597', 'EF', '44051', 'C', '22002703', 'V', 'C'),
	('SIGIPAE', 24, '0597', 'EI', '44051', 'C', '44005207', 'O', 'C'),
	('SIGIPAE', 25, '0597', 'FI', '44051', 'C', '50007789', 'V', 'C'),
	('SIGIPAE', 780, '0597', 'MU', '50268', 'C', '50010272', 'V', 'C'),
	('SIGIPAE', 826, '0597', 'EI', '50152', 'C', '44010422', 'V', 'C'),
	('SIGIPAE', 827, '0597', 'EI', '50152', 'C', '44004744', 'O', 'C'),
	('SIGIPAE', 828, '0597', 'EI', '50152', 'S', '50000874', 'O', 'C'),
	('SIGIPAE', 829, '0597', 'PRI', '50152', 'S', '22700081', 'O', 'P'),
	('SIGIPAE', 830, '0597', 'EF', '50152', 'S', '50700173', 'O', 'C'),
	('SIGIPAE', 831, '0597', 'FC', '50152', 'S', '50000734', 'V', 'C'),
	('SIGIPAE', 1391, '0597', 'PT', '50152', 'C', '50007133', 'V', 'C'),
	('SIGIPAE', 837, '0597', 'EI', '50160', 'C', '50010481', 'O', 'C'),
	('SIGIPAE', 838, '0597', 'PRI', '50160', 'C', '22002521', 'O', 'C'),
	('SIGIPAE', 839, '0597', 'EF', '50160', 'C', '50007789', 'V', 'C'),
	('SIGIPAE', 1393, '0597', 'PRI', '50160', 'S', '22001875', 'O', 'C'),
	('SIGIPAE', 617, '0597', 'EF', '50204', 'S', '50017126', 'V', 'C'),
	('SIGIPAE', 1398, '0597', 'EI', '50204', 'S', '50005926', 'O', 'C'),
	('SIGIPAE', 938, '0597', 'PRI', '50297', 'C', '44003259', 'V', 'C'),
	('SIGIPAE', 939, '0597', 'MU', '50297', 'S', '50011598', 'V', 'C'),
	('SIGIPAE', 940, '0597', 'FI', '50297', 'C', '22010219', 'O', 'C'),
	('SIGIPAE', 941, '0597', 'FI', '50297', 'S', '50009531', 'O', 'C'),
	('SIGIPAE', 330, '0597', 'AL', '22112', 'C', '50018775', 'V', 'P'),
	('SIGIPAE', 331, '0597', 'EF', '22112', 'C', '50007042', 'V', 'C'),
	('SIGIPAE', 332, '0597', 'EI', '22112', 'S', '44700153', 'O', 'P'),
	('SIGIPAE', 333, '0597', 'FC', '22112', 'C', '50008976', 'O', 'C'),
	('SIGIPAE', 334, '0597', 'FC', '22112', 'C', '44003715', 'O', 'C'),
	('SIGIPAE', 335, '0597', 'FC', '22112', 'C', '50017813', 'O', 'C'),
	('SIGIPAE', 336, '0597', 'FC', '22112', 'C', '50018271', 'O', 'P'),
	('SIGIPAE', 337, '0597', 'FC', '22112', 'C', '50008666', 'V', 'P'),
	('SIGIPAE', 338, '0597', 'FI', '22112', 'C', '50017758', 'O', 'C'),
	('SIGIPAE', 339, '0597', 'FI', '22112', 'C', '50005872', 'O', 'P'),
	('SIGIPAE', 340, '0597', 'MU', '22112', 'C', '50019184', 'O', 'C'),
	('SIGIPAE', 341, '0597', 'PRI', '22112', 'C', '44004781', 'O', 'P'),
	('SIGIPAE', 342, '0597', 'PT', '22112', 'C', '50011872', 'O', 'C'),
	('SIGIPAE', 343, '0597', 'PT', '22112', 'C', '50005781', 'O', 'C'),
	('SIGIPAE', 1258, '0597', 'PRI', '22112', 'S', '50011227', 'V', 'C'),
	('SIGIPAE', 1438, '0597', 'PRI', '22112', 'C', '44004124', 'O', 'C'),
	('SIGIPAE', 344, '0597', 'EF', '22112', 'C', '22010074', 'O', 'C'),
	('SIGIPAE', 345, '0597', 'EF', '22112', 'C', '50004570', 'V', 'P'),
	('SIGIPAE', 346, '0597', 'EI', '22112', 'C', '50006414', 'O', 'C'),
	('SIGIPAE', 347, '0597', 'EI', '22112', 'C', '50011690', 'O', 'C'),
	('SIGIPAE', 348, '0597', 'EI', '22112', 'C', '44010203', 'O', 'P'),
	('SIGIPAE', 349, '0597', 'EI', '22112', 'C', '50004594', 'O', 'C'),
	('SIGIPAE', 350, '0597', 'FC', '22112', 'C', '50018234', 'V', 'C'),
	('SIGIPAE', 351, '0597', 'FC', '22112', 'S', '50018118', 'O', 'C'),
	('SIGIPAE', 352, '0597', 'FI', '22112', 'C', '50011847', 'O', 'C'),
	('SIGIPAE', 353, '0597', 'FI', '22112', 'C', '50017783', 'O', 'C'),
	('SIGIPAE', 354, '0597', 'FI', '22112', 'C', '50009403', 'O', 'P'),
	('SIGIPAE', 355, '0597', 'MU', '22112', 'S', '50009762', 'V', 'C'),
	('SIGIPAE', 356, '0597', 'MU', '22112', 'C', '22005881', 'O', 'P'),
	('SIGIPAE', 357, '0597', 'PRI', '22112', 'C', '22010074', 'O', 'C'),
	('SIGIPAE', 358, '0597', 'PRI', '22112', 'S', '22005820', 'V', 'C'),
	('SIGIPAE', 359, '0597', 'PRI', '22112', 'C', '50004594', 'O', 'C'),
	('SIGIPAE', 360, '0597', 'PR2', '22112', 'C', '44004045', 'O', 'P'),
	('SIGIPAE', 361, '0597', 'PT', '22112', 'C', '50008125', 'O', 'C'),
	('SIGIPAE', 362, '0597', 'PT', '22112', 'S', '50008371', 'O', 'C'),
	('SIGIPAE', 1259, '0597', 'PR2', '22112', 'S', '50010727', 'O', 'P'),
	('SIGIPAE', 1260, '0597', 'PRI', '22112', 'S', '50009178', 'O', 'C'),
	('SIGIPAE', 363, '0597', 'FI', '22112', 'C', '50008587', 'O', 'P'),
	('SIGIPAE', 185, '0597', 'FI', '44071', 'C', '22005960', 'O', 'C'),
	('SIGIPAE', 364, '0597', 'PT', '22112', 'S', '50006669', 'V', 'C'),
	('SIGIPAE', 1461, '0597', 'PT', '22112', 'C', '50011501', 'V', 'P'),
	('SIGIPAE', 1462, '0597', 'PT', '22112', 'C', '50018623', 'O', 'P'),
	('SIGIPAE', 385, '0597', 'EI', '22125', 'C', '50002123', 'O', 'C'),
	('SIGIPAE', 387, '0597', 'PT', '22125', 'C', '50009889', 'O', 'P'),
	('SIGIPAE', 389, '0597', 'EI', '22125', 'S', '50006311', 'O', 'C'),
	('SIGIPAE', 393, '0597', 'FI', '22125', 'C', '50018878', 'O', 'C'),
	('SIGIPAE', 394, '0597', 'MU', '22125', 'S', '22010876', 'O', 'P'),
	('SIGIPAE', 395, '0597', 'PR2', '22125', 'C', '44010331', 'O', 'C'),
	('SIGIPAE', 396, '0597', 'PR2', '22125', 'C', '50019135', 'O', 'C'),
	('SIGIPAE', 397, '0597', 'PT', '22125', 'S', '50019019', 'V', 'P'),
	('SIGIPAE', 368, '0597', 'AL', '22113', 'C', '22002430', 'V', 'P'),
	('SIGIPAE', 369, '0597', 'EI', '22113', 'C', '44010321', 'V', 'C'),
	('SIGIPAE', 370, '0597', 'FI', '22113', 'C', '22006083', 'O', 'C'),
	('SIGIPAE', 1264, '0597', 'PT', '50025', 'C', '50018040', 'O', 'C'),
	('SIGIPAE', 1265, '0597', 'PRI', '50025', 'C', '50018544', 'O', 'C'),
	('SIGIPAE', 570, '0597', 'MU', '50175', 'S', '50017904', 'O', 'C'),
	('SIGIPAE', 571, '0597', 'FI', '50175', 'S', '50019020', 'V', 'C'),
	('SIGIPAE', 415, '0597', 'FI', '22905', 'C', '50006797', 'O', 'C'),
	('SIGIPAE', 1456, '0597', 'PT', '22125', 'S', '50018568', 'O', 'C'),
	('SIGIPAE', 1457, '0597', 'PT', '22125', 'S', '50001702', 'V', 'C'),
	('SIGIPAE', 1454, '0597', 'PT', '22125', 'C', '22002727', 'V', 'C'),
	('SIGIPAE', 1464, '0597', 'AL', '22125', 'C', '50004031', 'O', 'C'),
	('SIGIPAE', 401, '0597', 'PRI', '22125', 'C', '50018520', 'O', 'C'),
	('SIGIPAE', 403, '0597', 'PRI', '22125', 'S', '50009361', 'O', 'C'),
	('SIGIPAE', 425, '0597', 'EI', '22165', 'C', '22700030', 'O', 'P'),
	('SIGIPAE', 426, '0597', 'PT', '22165', 'S', '44010458', 'V', 'C'),
	('SIGIPAE', 1404, '0597', 'PT', '44216', 'C', '44004124', 'V', 'P'),
	('SIGIPAE', 79, '0597', 'AL', '44216', 'C', '50018040', 'O', 'C'),
	('SIGIPAE', 80, '0597', 'AL', '44216', 'C', '50017230', 'O', 'C'),
	('SIGIPAE', 81, '0597', 'MU', '44216', 'C', '44010148', 'V', 'P'),
	('SIGIPAE', 83, '0597', 'PT', '44216', 'C', '50018121', 'O', 'P'),
	('SIGIPAE', 84, '0597', 'PT', '44216', 'C', '50018143', 'O', 'C'),
	('SIGIPAE', 1294, '0597', 'AL', '44216', 'C', '50018489', 'O', 'C'),
	('SIGIPAE', 87, '0597', 'MU', '44216', 'C', '50011707', 'O', 'P'),
	('SIGIPAE', 62, '0597', 'AL', '44216', 'C', '50011653', 'O', 'P'),
	('SIGIPAE', 65, '0597', 'MU', '44216', 'C', '44004616', 'V', 'C'),
	('SIGIPAE', 66, '0597', 'PR1', '44216', 'S', '44004483', 'O', 'C'),
	('SIGIPAE', 67, '0597', 'EF', '44216', 'S', '50018349', 'V', 'C'),
	('SIGIPAE', 69, '0597', 'EI', '44216', 'S', '50003863', 'O', 'C'),
	('SIGIPAE', 71, '0597', 'MU', '44216', 'C', '50011033', 'O', 'C'),
	('SIGIPAE', 75, '0597', 'FF', '44216', 'S', '22005844', 'O', 'C'),
	('SIGIPAE', 54, '0597', 'FI', '44182', 'C', '50006797', 'O', 'C'),
	('SIGIPAE', 55, '0597', 'FI', '44182', 'C', '22005388', 'O', 'C'),
	('SIGIPAE', 56, '0597', 'MU', '44182', 'C', '50017394', 'O', 'C'),
	('SIGIPAE', 58, '0597', 'PT', '44182', 'S', '50019263', 'V', 'P'),
	('SIGIPAE', 1389, '0597', 'EF', '44182', 'C', '22003239', 'V', 'P'),
	('SIGIPAE', 814, '0597', 'FI', '50288', 'C', '50019020', 'O', 'C'),
	('SIGIPAE', 818, '0597', 'EF', '50292', 'C', '50017333', 'V', 'C'),
	('SIGIPAE', 1322, '0597', 'FI', '50292', 'C', '44700086', 'O', 'P'),
	('SIGIPAE', 416, '0597', 'AL', '22158', 'S', '50006220', 'O', 'C'),
	('SIGIPAE', 417, '0597', 'EI2', '22158', 'C', '44004306', 'O', 'C'),
	('SIGIPAE', 1302, '0597', 'PR2', '22158', 'C', '50002457', 'O', 'P'),
	('SIGIPAE', 1465, '0597', 'PT', '22158', 'C', '50018714', 'O', 'C'),
	('SIGIPAE', 441, '0597', 'PRI', '22213', 'S', '50700124', 'O', 'C'),
	('SIGIPAE', 442, '0597', 'PRI', '22213', 'S', '50017205', 'O', 'P'),
	('SIGIPAE', 1437, '0597', 'AL', '22213', 'C', '50011021', 'V', 'C'),
	('SIGIPAE', 1459, '0597', 'AL', '22112', 'S', '50018805', 'V', 'C'),
	('SIGIPAE', 1460, '0597', 'PT', '22112', 'C', '50007534', 'O', 'C'),
	('SIGIPAE', 478, '0597', 'EF', '22048', 'S', '50700136', 'O', 'P'),
	('SIGIPAE', 479, '0597', 'EI', '22048', 'C', '50001180', 'O', 'C'),
	('SIGIPAE', 481, '0597', 'FI', '22048', 'C', '44003636', 'O', 'C'),
	('SIGIPAE', 482, '0597', 'MU', '22048', 'S', '50005975', 'V', 'C'),
	('SIGIPAE', 444, '0597', 'MU', '22217', 'C', '50004326', 'O', 'C'),
	('SIGIPAE', 1323, '0597', 'AL', '22217', 'C', '44700050', 'O', 'C'),
	('SIGIPAE', 495, '0597', 'EI', '22125', 'C', '50017916', 'V', 'C'),
	('SIGIPAE', 497, '0597', 'PRI', '22125', 'C', '50002810', 'V', 'C'),
	('SIGIPAE', 450, '0597', 'AL', '22250', 'C', '50005537', 'O', 'P'),
	('SIGIPAE', 1326, '0597', 'MU', '22250', 'C', '50008459', 'O', 'C'),
	('SIGIPAE', 451, '0597', 'FI', '22251', 'C', '50018131', 'O', 'C'),
	('SIGIPAE', 789, '0597', 'EI', '50272', 'C', '22000779', 'O', 'P'),
	('SIGIPAE', 790, '0597', 'PR2', '50272', 'C', '50011653', 'O', 'P'),
	('SIGIPAE', 792, '0597', 'FI', '50272', 'C', '50018623', 'O', 'C'),
	('SIGIPAE', 1412, '0597', 'MU', '50272', 'C', '50018040', 'O', 'C'),
	('SIGIPAE', 1415, '0597', 'PT', '50272', 'C', '50006037', 'O', 'P'),
	('SIGIPAE', 713, '0597', 'EI', '50240', 'C', '50011264', 'O', 'C'),
	('SIGIPAE', 718, '0597', 'PRI', '50240', 'C', '22010190', 'O', 'C'),
	('SIGIPAE', 722, '0597', 'PT', '50240', 'S', '50019071', 'O', 'C'),
	('SIGIPAE', 1405, '0597', 'EI', '50240', 'C', '50017965', 'O', 'P'),
	('SIGIPAE', 1406, '0597', 'MU', '50240', 'C', '50017503', 'V', 'C'),
	('SIGIPAE', 124, '0597', 'PRI', '44238', 'C', '50003838', 'O', 'C'),
	('SIGIPAE', 125, '0597', 'EF', '44025', 'C', '50008356', 'O', 'C'),
	('SIGIPAE', 1342, '0597', 'MU', '44025', 'S', '50008277', 'O', 'P'),
	('SIGIPAE', 1343, '0597', 'AL', '44025', 'C', '44004653', 'O', 'P'),
	('SIGIPAE', 258, '0597', 'FI', '44025', 'C', '50007376', 'O', 'C'),
	('SIGIPAE', 259, '0597', 'FI', '44025', 'C', '50005641', 'O', 'C'),
	('SIGIPAE', 1408, '0597', 'EI', '50252', 'C', '50009762', 'O', 'P'),
	('SIGIPAE', 1409, '0597', 'FI', '50252', 'C', '22002302', 'O', 'C'),
	('SIGIPAE', 1410, '0597', 'MU', '50252', 'S', '22010839', 'V', 'C'),
	('SIGIPAE', 697, '0597', 'FI', '50297', 'C', '44010677', 'V', 'C'),
	('SIGIPAE', 699, '0597', 'FI', '50297', 'C', '50001076', 'O', 'C'),
	('SIGIPAE', 702, '0597', 'FI', '50297', 'C', '50006724', 'O', 'C'),
	('SIGIPAE', 262, '0597', 'FF', '44013', 'S', '50006013', 'O', 'P'),
	('SIGIPAE', 263, '0597', 'FI', '44013', 'C', '22010621', 'O', 'C'),
	('SIGIPAE', 264, '0597', 'PRI', '44013', 'S', '22005868', 'O', 'C'),
	('SIGIPAE', 795, '0597', 'PR2', '50272', 'C', '50010399', 'O', 'C'),
	('SIGIPAE', 797, '0597', 'PR2', '50272', 'C', '22010670', 'O', 'P'),
	('SIGIPAE', 799, '0597', 'FI', '50272', 'C', '22010645', 'O', 'C'),
	('SIGIPAE', 800, '0597', 'FI', '50272', 'C', '50011501', 'O', 'C'),
	('SIGIPAE', 802, '0597', 'FI', '50272', 'C', '50010181', 'O', 'C'),
	('SIGIPAE', 804, '0597', 'FI', '50272', 'S', '50008782', 'O', 'C'),
	('SIGIPAE', 805, '0597', 'FI', '50272', 'C', '50004481', 'O', 'C'),
	('SIGIPAE', 806, '0597', 'FF', '50272', 'C', '50003981', 'O', 'C'),
	('SIGIPAE', 885, '0597', 'PT', '50297', 'C', '50019275', 'O', 'P'),
	('SIGIPAE', 891, '0597', 'AL', '50297', 'S', '50003735', 'O', 'C'),
	('SIGIPAE', 1011, '0597', 'FF', '50297', 'C', '50010818', 'V', 'C'),
	('SIGIPAE', 1012, '0597', 'FF', '50297', 'S', '50017278', 'O', 'C'),
	('SIGIPAE', 1013, '0597', 'FF', '50297', 'C', '50600166', 'O', 'C'),
	('SIGIPAE', 1014, '0597', 'FI', '50297', 'C', '50018453', 'O', 'C'),
	('SIGIPAE', 1015, '0597', 'AL', '50297', 'S', '22001085', 'O', 'P'),
	('SIGIPAE', 446, '0597', 'EI', '22225', 'S', '50011239', 'O', 'C'),
	('SIGIPAE', 447, '0597', 'FC', '22225', 'C', '50006013', 'O', 'C'),
	('SIGIPAE', 448, '0597', 'MU', '22225', 'S', '44000261', 'O', 'P'),
	('SIGIPAE', 1423, '0597', 'FI', '22225', 'C', '22002727', 'V', 'C'),
	('SIGIPAE', 1466, '0597', 'PT', '22213', 'C', '22000809', 'O', 'P'),
	('SIGIPAE', 489, '0597', 'PT', '22158', 'S', '50018556', 'O', 'C'),
	('SIGIPAE', 490, '0597', 'PT', '22158', 'C', '50011653', 'V', 'P'),
	('SIGIPAE', 491, '0597', 'PT', '22158', 'C', '44010173', 'V', 'P'),
	('SIGIPAE', 492, '0597', 'PT', '22158', 'C', '50017281', 'O', 'C'),
	('SIGIPAE', 1424, '0597', 'EF', '22158', 'S', '22010451', 'V', 'C'),
	('SIGIPAE', 453, '0597', 'AL', '22254', 'C', '50005823', 'O', 'P'),
	('SIGIPAE', 454, '0597', 'FC', '22254', 'C', '50018544', 'V', 'C'),
	('SIGIPAE', 455, '0597', 'FC', '22254', 'C', '50004077', 'O', 'C'),
	('SIGIPAE', 456, '0597', 'FI', '22254', 'C', '50017412', 'O', 'C'),
	('SIGIPAE', 457, '0597', 'FI', '22254', 'S', '44002942', 'O', 'C'),
	('SIGIPAE', 458, '0597', 'MU', '22254', 'C', '50004430', 'O', 'C'),
	('SIGIPAE', 461, '0597', 'EI', '22125', 'C', '50011148', 'V', 'C'),
	('SIGIPAE', 501, '0597', 'FI', '22066', 'S', '44004045', 'O', 'C'),
	('SIGIPAE', 502, '0597', 'FF', '22199', 'C', '44010094', 'O', 'C'),
	('SIGIPAE', 1341, '0597', 'PRI', '22213', 'C', '50700100', 'O', 'P'),
	('SIGIPAE', 503, '0597', 'MU', '22009', 'C', '44005219', 'O', 'C'),
	('SIGIPAE', 504, '0597', 'PRI', '22009', 'C', '50011847', 'O', 'C'),
	('SIGIPAE', 505, '0597', 'EI', '22172', 'C', '22005911', 'O', 'C'),
	('SIGIPAE', 506, '0597', 'FI', '22172', 'C', '22003215', 'O', 'C'),
	('SIGIPAE', 507, '0597', 'MU', '22172', 'C', '50001763', 'V', 'C'),
	('SIGIPAE', 508, '0597', 'PT', '22172', 'C', '50018601', 'O', 'C'),
	('SIGIPAE', 509, '0597', 'AL', '22174', 'C', '50006207', 'O', 'P'),
	('SIGIPAE', 512, '0597', 'FI', '22080', 'C', '50018829', 'V', 'P'),
	('SIGIPAE', 513, '0597', 'FI', '22080', 'C', '50700215', 'V', 'P'),
	('SIGIPAE', 514, '0597', 'FI', '22080', 'C', '44003259', 'O', 'C'),
	('SIGIPAE', 515, '0597', 'MU', '22080', 'C', '50019123', 'O', 'P'),
	('SIGIPAE', 1083, '0597', 'EI', '50297', 'S', '44010100', 'V', 'C'),
	('SIGIPAE', 1084, '0597', 'EI', '50297', 'C', '50018180', 'O', 'P'),
	('SIGIPAE', 1085, '0597', 'EI', '50297', 'C', '50019330', 'O', 'C'),
	('SIGIPAE', 1086, '0597', 'EI', '50297', 'C', '50005902', 'O', 'C'),
	('SIGIPAE', 1089, '0597', 'FI', '50297', 'C', '22002417', 'O', 'P'),
	('SIGIPAE', 1090, '0597', 'FI', '50297', 'S', '50006761', 'V', 'C'),
	('SIGIPAE', 1091, '0597', 'EF2', '50297', 'C', '50011197', 'O', 'C'),
	('SIGIPAE', 1092, '0597', 'MU2', '50297', 'C', '50010740', 'V', 'C'),
	('SIGIPAE', 1093, '0597', 'FI', '50297', 'S', '50017576', 'O', 'C'),
	('SIGIPAE', 1094, '0597', 'FI', '50297', 'C', '50018295', 'V', 'C'),
	('SIGIPAE', 1095, '0597', 'FI', '50297', 'C', '50011756', 'O', 'C'),
	('SIGIPAE', 1096, '0597', 'AL', '50297', 'C', '22004888', 'O', 'C'),
	('SIGIPAE', 10, '0597', 'FI', '44014', 'C', '50019330', 'O', 'C'),
	('SIGIPAE', 11, '0597', 'MU', '44014', 'S', '50017424', 'V', 'C'),
	('SIGIPAE', 261, '0597', 'FI', '44013', 'S', '44010057', 'V', 'C'),
	('SIGIPAE', 1309, '0597', 'FI', '44013', 'C', '50007492', 'O', 'C'),
	('SIGIPAE', 541, '0597', 'EI', '50008', 'S', '44002152', 'O', 'C'),
	('SIGIPAE', 548, '0597', 'FI', '50008', 'C', '44010321', 'O', 'C'),
	('SIGIPAE', 552, '0597', 'PT', '50008', 'C', '50011379', 'O', 'C'),
	('SIGIPAE', 553, '0597', 'FI', '50008', 'C', '50001350', 'O', 'C'),
	('SIGIPAE', 1348, '0597', 'EI', '50008', 'C', '44010100', 'O', 'P'),
	('SIGIPAE', 1210, '0597', 'EF', '22054', 'S', '50017072', 'O', 'C'),
	('SIGIPAE', 1211, '0597', 'EI', '22054', 'C', '44004847', 'O', 'P'),
	('SIGIPAE', 1212, '0597', 'EI', '22054', 'C', '50017795', 'O', 'C'),
	('SIGIPAE', 1213, '0597', 'EI', '22054', 'S', '22010271', 'O', 'P'),
	('SIGIPAE', 1214, '0597', 'FI', '22054', 'C', '50005331', 'O', 'P'),
	('SIGIPAE', 1215, '0597', 'FI', '22054', 'C', '44004938', 'O', 'C'),
	('SIGIPAE', 1216, '0597', 'MU', '22054', 'C', '44005190', 'O', 'C'),
	('SIGIPAE', 1217, '0597', 'PT', '22054', 'C', '50008034', 'V', 'C'),
	('SIGIPAE', 1251, '0597', 'EI', '22054', 'C', '50018702', 'O', 'P'),
	('SIGIPAE', 27, '0597', 'AL', '44076', 'C', '50008356', 'V', 'C'),
	('SIGIPAE', 28, '0597', 'EF', '44076', 'C', '44004677', 'O', 'C'),
	('SIGIPAE', 435, '0597', 'FI', '22199', 'C', '50700151', 'O', 'C'),
	('SIGIPAE', 436, '0597', 'PRI', '22199', 'C', '50018994', 'O', 'C'),
	('SIGIPAE', 437, '0597', 'PT', '22199', 'C', '44010562', 'V', 'P'),
	('SIGIPAE', 438, '0597', 'PT', '22199', 'C', '50018799', 'O', 'C'),
	('SIGIPAE', 439, '0597', 'FF', '22199', 'S', '50005999', 'O', 'C'),
	('SIGIPAE', 1422, '0597', 'PRI', '22199', 'C', '50007248', 'O', 'P'),
	('SIGIPAE', 758, '0597', 'FI', '50251', 'C', '50009580', 'V', 'C'),
	('SIGIPAE', 760, '0597', 'EF', '50251', 'C', '50019342', 'O', 'C'),
	('SIGIPAE', 641, '0597', 'FI', '50219', 'C', '44005177', 'O', 'C'),
	('SIGIPAE', 647, '0597', 'FI', '50219', 'C', '50017096', 'O', 'C'),
	('SIGIPAE', 657, '0597', 'FF', '50219', 'C', '44700062', 'O', 'C'),
	('SIGIPAE', 662, '0597', 'EF', '50219', 'C', '22010207', 'O', 'P'),
	('SIGIPAE', 674, '0597', 'FI', '50222', 'C', '50005781', 'O', 'C'),
	('SIGIPAE', 678, '0597', 'FF', '50222', 'C', '44000325', 'O', 'C'),
	('SIGIPAE', 683, '0597', 'AL', '50222', 'S', '50007017', 'O', 'P'),
	('SIGIPAE', 764, '0597', 'EI', '50262', 'C', '44004483', 'V', 'C'),
	('SIGIPAE', 772, '0597', 'EI', '50262', 'C', '50017011', 'V', 'P'),
	('SIGIPAE', 777, '0597', 'FI', '50262', 'S', '22002521', 'O', 'C'),
	('SIGIPAE', 903, '0597', 'EF', '50297', 'C', '50007807', 'O', 'P'),
	('SIGIPAE', 911, '0597', 'AL', '50297', 'S', '50011197', 'O', 'P'),
	('SIGIPAE', 1002, '0597', 'EI2', '50297', 'C', '50008459', 'V', 'C'),
	('SIGIPAE', 1003, '0597', 'FI', '50297', 'S', '44004720', 'V', 'P'),
	('SIGIPAE', 563, '0597', 'PRI', '50297', 'C', '50010946', 'O', 'C'),
	('SIGIPAE', 565, '0597', 'PT', '50297', 'C', '22002727', 'O', 'C'),
	('SIGIPAE', 566, '0597', 'FI', '50297', 'S', '50011628', 'O', 'C'),
	('SIGIPAE', 568, '0597', 'PT', '50297', 'C', '44010136', 'O', 'C'),
	('SIGIPAE', 579, '0597', 'PRI', '50297', 'C', '50000163', 'V', 'P'),
	('SIGIPAE', 581, '0597', 'FI', '50297', 'S', '50010399', 'O', 'P'),
	('SIGIPAE', 576, '0597', 'EI', '50297', 'C', '50011689', 'V', 'P'),
	('SIGIPAE', 1290, '0597', 'PRI', '50297', 'C', '44010094', 'O', 'C'),
	('SIGIPAE', 619, '0597', 'MU', '50297', 'C', '22001191', 'O', 'C'),
	('SIGIPAE', 694, '0597', 'FI', '50297', 'S', '50008149', 'O', 'P'),
	('SIGIPAE', 915, '0597', 'EI', '50297', 'C', '50003851', 'O', 'C'),
	('SIGIPAE', 916, '0597', 'EF', '50297', 'S', '50008514', 'V', 'C'),
	('SIGIPAE', 918, '0597', 'PT', '50297', 'C', '50011021', 'O', 'P'),
	('SIGIPAE', 1067, '0597', 'EI', '50297', 'S', '22005960', 'O', 'C'),
	('SIGIPAE', 927, '0597', 'AL', '50297', 'C', '50011434', 'V', 'C'),
	('SIGIPAE', 953, '0597', 'PT', '50297', 'C', '44010203', 'O', 'C'),
	('SIGIPAE', 875, '0597', 'PR2', '50297', 'C', '50007492', 'O', 'C'),
	('SIGIPAE', 878, '0597', 'FI', '50297', 'C', '50006700', 'O', 'C'),
	('SIGIPAE', 883, '0597', 'MU', '50297', 'C', '50008691', 'O', 'C'),
	('SIGIPAE', 886, '0597', 'AL', '50297', 'C', '50018623', 'O', 'C'),
	('SIGIPAE', 887, '0597', 'PT', '50297', 'C', '50007133', 'O', 'C'),
	('SIGIPAE', 888, '0597', 'PT', '50297', 'S', '22010621', 'V', 'C'),
	('SIGIPAE', 1435, '0597', 'FI', '50297', 'C', '44004732', 'O', 'P'),
	('SIGIPAE', 186, '0597', 'FI', '44071', 'C', '50700173', 'V', 'C'),
	('SIGIPAE', 187, '0597', 'MU', '44071', 'S', '50000369', 'O', 'C'),
	('SIGIPAE', 188, '0597', 'PRI', '44071', 'C', '50006013', 'O', 'C'),
	('SIGIPAE', 1244, '0597', 'EI', '44071', 'S', '50018660', 'O', 'P'),
	('SIGIPAE', 189, '0597', 'AL', '44108', 'C', '50011434', 'O', 'C'),
	('SIGIPAE', 190, '0597', 'EI', '44108', 'S', '22010499', 'O', 'C'),
	('SIGIPAE', 191, '0597', 'EI', '44108', 'S', '22010530', 'O', 'C'),
	('SIGIPAE', 192, '0597', 'EI', '44108', 'C', '22004888', 'O', 'C'),
	('SIGIPAE', 193, '0597', 'FC', '44108', 'C', '50018027', 'O', 'P'),
	('SIGIPAE', 194, '0597', 'FI', '44108', 'S', '50017710', 'V', 'P'),
	('SIGIPAE', 195, '0597', 'EI', '44179', 'S', '44004951', 'V', 'C'),
	('SIGIPAE', 196, '0597', 'FC', '44179', 'C', '50011148', 'O', 'C'),
	('SIGIPAE', 197, '0597', 'FI', '44179', 'C', '22005431', 'V', 'C'),
	('SIGIPAE', 198, '0597', 'FI', '44179', 'C', '44010343', 'O', 'P'),
	('SIGIPAE', 199, '0597', 'FI', '44179', 'C', '50700082', 'O', 'C'),
	('SIGIPAE', 1444, '0597', 'EF', '44179', 'C', '50008371', 'V', 'C'),
	('SIGIPAE', 200, '0597', 'EF', '44144', 'C', '50009567', 'V', 'P'),
	('SIGIPAE', 201, '0597', 'EF', '44144', 'C', '50010739', 'O', 'C'),
	('SIGIPAE', 202, '0597', 'FI', '44144', 'C', '50017837', 'O', 'P'),
	('SIGIPAE', 203, '0597', 'FI', '44144', 'C', '50000291', 'O', 'C'),
	('SIGIPAE', 204, '0597', 'PRI', '44144', 'S', '50010879', 'O', 'C'),
	('SIGIPAE', 205, '0597', 'PT', '44144', 'C', '50006840', 'V', 'P'),
	('SIGIPAE', 206, '0597', 'EF', '44161', 'C', '44010525', 'O', 'C'),
	('SIGIPAE', 207, '0597', 'EF', '44161', 'C', '50006815', 'O', 'C'),
	('SIGIPAE', 208, '0597', 'EI', '44161', 'C', '50017187', 'O', 'C'),
	('SIGIPAE', 209, '0597', 'FI', '44161', 'C', '22010827', 'O', 'C'),
	('SIGIPAE', 210, '0597', 'MU', '44161', 'C', '50018684', 'O', 'C'),
	('SIGIPAE', 211, '0597', 'PRI', '44161', 'C', '50019299', 'O', 'C'),
	('SIGIPAE', 691, '0597', 'PRI', '50102', 'C', '50019044', 'O', 'C'),
	('SIGIPAE', 692, '0597', 'FI', '50102', 'C', '22005406', 'O', 'C'),
	('SIGIPAE', 695, '0597', 'FI', '50102', 'S', '50600130', 'O', 'C'),
	('SIGIPAE', 698, '0597', 'EF', '50102', 'C', '50001121', 'O', 'C'),
	('SIGIPAE', 213, '0597', 'PRI', '44161', 'C', '44010525', 'O', 'P'),
	('SIGIPAE', 214, '0597', 'PT', '44161', 'C', '44004941', 'O', 'C'),
	('SIGIPAE', 1307, '0597', 'PRI', '44161', 'C', '44004884', 'O', 'C'),
	('SIGIPAE', 215, '0597', 'AL', '44201', 'C', '50019071', 'V', 'C'),
	('SIGIPAE', 217, '0597', 'EF', '44201', 'C', '50019159', 'O', 'C'),
	('SIGIPAE', 218, '0597', 'EF', '44201', 'C', '44003107', 'O', 'C'),
	('SIGIPAE', 1392, '0597', 'EI', '44201', 'C', '50010821', 'V', 'C'),
	('SIGIPAE', 219, '0597', 'AL', '44009', 'C', '50011252', 'O', 'P'),
	('SIGIPAE', 220, '0597', 'EF', '44009', 'S', '50018672', 'O', 'P'),
	('SIGIPAE', 221, '0597', 'EI', '44009', 'C', '50001672', 'V', 'P'),
	('SIGIPAE', 224, '0597', 'MU', '44009', 'C', '50018003', 'V', 'C'),
	('SIGIPAE', 225, '0597', 'PT', '44009', 'C', '50007534', 'O', 'C'),
	('SIGIPAE', 1237, '0597', 'FI', '44009', 'C', '50008654', 'O', 'P'),
	('SIGIPAE', 1238, '0597', 'FI', '44009', 'C', '50700151', 'V', 'P'),
	('SIGIPAE', 226, '0597', 'AL', '44191', 'C', '44003120', 'O', 'C'),
	('SIGIPAE', 227, '0597', 'EF', '44191', 'C', '44010525', 'O', 'C'),
	('SIGIPAE', 228, '0597', 'EI', '44191', 'C', '50019111', 'O', 'C'),
	('SIGIPAE', 229, '0597', 'EI', '44191', 'C', '50007996', 'O', 'C'),
	('SIGIPAE', 230, '0597', 'EI', '44191', 'C', '50000126', 'O', 'C'),
	('SIGIPAE', 231, '0597', 'EI', '44191', 'C', '50019378', 'O', 'C'),
	('SIGIPAE', 1390, '0597', 'PRI', '44191', 'C', '50011781', 'O', 'C'),
	('SIGISAE', 1155, '0590', '001', '50297', 'S', '50018908', 'O', 'P'),
	('SIGISAE', 1156, '0590', '001', '50297', 'S', '22005674', 'O', 'P'),
	('SIGISAE', 1037, '0590', '001', '50297', 'C', '22004104', 'V', 'C'),
	('SIGISAE', 1038, '0590', '001', '50297', 'C', '50001088', 'O', 'C'),
	('SIGISAE', 1039, '0590', '001', '50297', 'S', '50005914', 'O', 'P'),
	('SIGISAE', 1040, '0590', '001', '50297', 'C', '50017692', 'O', 'P'),
	('SIGISAE', 1126, '0595', '068', '50297', 'C', '50005896', 'O', 'C'),
	('SIGISAE', 573, '0590', '001', '50025', 'C', '44002191', 'V', 'C'),
	('SIGISAE', 3, '0590', '001', '44008', 'S', '50008381', 'V', 'C'),
	('SIGISAE', 727, '0595', '068', '50074', 'S', '50000862', 'O', 'C'),
	('SIGISAE', 1071, '0595', '068', '50297', 'C', '50700197', 'V', 'P'),
	('SIGISAE', 544, '0595', '068', '50095', 'C', '50018222', 'O', 'P'),
	('SIGISAE', 50, '0590', '001', '44155', 'C', '50018507', 'O', 'P'),
	('SIGISAE', 831, '0590', '012', '50152', 'S', '50000734', 'V', 'C'),
	('SIGISAE', 333, '0590', '012', '22112', 'C', '50008976', 'O', 'C'),
	('SIGISAE', 334, '0590', '012', '22112', 'C', '44003715', 'O', 'C'),
	('SIGISAE', 335, '0590', '012', '22112', 'C', '50017813', 'O', 'C'),
	('SIGISAE', 336, '0590', '012', '22112', 'C', '50018271', 'O', 'P'),
	('SIGISAE', 337, '0590', '012', '22112', 'C', '50008666', 'V', 'P'),
	('SIGISAE', 350, '0590', '012', '22112', 'C', '50018234', 'V', 'C'),
	('SIGISAE', 351, '0590', '012', '22112', 'S', '50018118', 'O', 'C'),
	('SIGISAE', 360, '0595', '068', '22112', 'C', '44004045', 'O', 'P'),
	('SIGISAE', 1259, '0595', '068', '22112', 'S', '50010727', 'O', 'P'),
	('SIGISAE', 395, '0595', '068', '22125', 'C', '44010331', 'O', 'C'),
	('SIGISAE', 396, '0595', '068', '22125', 'C', '50019135', 'O', 'C'),
	('SIGISAE', 75, '0590', '001', '44216', 'S', '22005844', 'O', 'C'),
	('SIGISAE', 1302, '0595', '068', '22158', 'C', '50002457', 'O', 'P'),
	('SIGISAE', 790, '0595', '068', '50272', 'C', '50011653', 'O', 'P'),
	('SIGISAE', 262, '0590', '001', '44013', 'S', '50006013', 'O', 'P'),
	('SIGISAE', 795, '0595', '068', '50272', 'C', '50010399', 'O', 'C'),
	('SIGISAE', 797, '0595', '068', '50272', 'C', '22010670', 'O', 'P'),
	('SIGISAE', 806, '0590', '001', '50272', 'C', '50003981', 'O', 'C'),
	('SIGISAE', 1011, '0590', '001', '50297', 'C', '50010818', 'V', 'C'),
	('SIGISAE', 1012, '0590', '001', '50297', 'S', '50017278', 'O', 'C'),
	('SIGISAE', 1013, '0590', '001', '50297', 'C', '50600166', 'O', 'C'),
	('SIGISAE', 447, '0590', '012', '22225', 'C', '50006013', 'O', 'C'),
	('SIGISAE', 454, '0590', '012', '22254', 'C', '50018544', 'V', 'C'),
	('SIGISAE', 455, '0590', '012', '22254', 'C', '50004077', 'O', 'C'),
	('SIGISAE', 502, '0590', '001', '22199', 'C', '44010094', 'O', 'C'),
	('SIGISAE', 439, '0590', '001', '22199', 'S', '50005999', 'O', 'C'),
	('SIGISAE', 657, '0590', '001', '50219', 'C', '44700062', 'O', 'C'),
	('SIGISAE', 678, '0590', '001', '50222', 'C', '44000325', 'O', 'C'),
	('SIGISAE', 875, '0595', '068', '50297', 'C', '50007492', 'O', 'C'),
	('SIGISAE', 193, '0590', '012', '44108', 'C', '50018027', 'O', 'P'),
	('SIGISAE', 196, '0590', '012', '44179', 'C', '50011148', 'O', 'C');
/*!40000 ALTER TABLE `sigi_vac` ENABLE KEYS */;



-- Volcando estructura para vista serviciosmicarpetasigi.vactosactivos
-- Eliminando tabla temporal y crear estructura final de VIEW
CREATE VIEW `vactosactivos` AS SELECT cod_opc, tex_opc, if((`cod_tip_ae` = 'I'),'Inicio de Curso','Semanal') cod_tip_ae, 
DATE_FORMAT(o.f_con_ae,'%d/%c/%Y') f_con_ae,
DATE_FORMAT(o.f_ini_opc,'%d/%c/%Y') f_ini_opc,
DATE_FORMAT(o.f_fin_opc,'%d/%c/%Y') f_fin_opc,
 'https://servicios3.aragon.es/sigi/' AS `url`  from sigi_opc o where cod_opc in ('SIGISAE','SIGIPAE') ;


-- Volcando estructura para vista serviciosmicarpetasigi.vactosconvocado
-- Eliminando tabla temporal y crear estructura final de VIEW

CREATE VIEW `vactosconvocado` AS SELECT c.dni, o.cod_opc, tex_opc, o.cod_tip_ae, o.f_con_ae, o.f_ini_opc, o.f_fin_opc, 'https://servicios3.aragon.es/sigi/' AS `url`
FROM sigi_opc o, sigi_can_pre_ae c
WHERE
o.cod_opc = c.cod_opc ;


-- Volcando estructura para vista serviciosmicarpetasigi.vactossolicitud
-- Eliminando tabla temporal y crear estructura final de VIEW

CREATE VIEW `vactossolicitud` AS select o.cod_opc,o.f_con_ae, o.cod_tip_ae, o.tex_opc, 
s.dni, s.cod_sol, s.f_hor_ent, s.cod_est_sol, e.des_est_sol
, 'https://servicios3.aragon.es/sigi/' AS `url`, o.f_ini_opc, o.f_fin_opc
FROM sigi_opc o, sigi_sol s,
sigi_est_sol e
WHERE s.cod_opc = o.cod_opc AND s.cod_est_sol = e.cod_est_sol ;


-- Volcando estructura para vista serviciosmicarpetasigi.vconsultasituacionlistas
-- Eliminando tabla temporal y crear estructura final de VIEW
CREATE VIEW `vconsultasituacionlistas` AS select distinct `l`.`DNI` AS `dni`,`o`.`COD_OPC` AS `cod_opc`,`o`.`TEX_OPC` AS `tex_opc`,'https://servicios3.aragon.es/sigi' AS `url` from (`sigi_opc` `o` join `sigi_lis` `l`) where ((`o`.`COD_OPC` in ('SIGISSP','SIGIPSP')) and (`o`.`COD_OPC` = `l`.`COD_OPC`) and (`o`.`L_ACT` = 'S') and (`o`.`F_INI_OPC` < sysdate()) and (`o`.`F_FIN_OPC` > sysdate())) ;


-- Volcando estructura para vista serviciosmicarpetasigi.vsolicitudesacto
-- Eliminando tabla temporal y crear estructura final de VIEW

CREATE VIEW `vsolicitudesacto` AS select o.cod_opc, o.tex_opc, s.cod_sol,s.dni, s.cod_est_sol, 
 DATE_FORMAT(f_hor_ent,'%d/%c/%Y %H:%i:%s') f_hor_ent, des_est_sol 
from sigi_opc o, sigi_sol s, sigi_est_sol e
 where o.cod_opc = s.cod_opc 
 and e.cod_est_sol = s.cod_est_sol ;


-- Volcando estructura para vista serviciosmicarpetasigi.vvacantesacto
-- Eliminando tabla temporal y crear estructura final de VIEW
CREATE VIEW `vvacantesacto` AS select cod_opc, num_vac,v.cod_cue, v.cod_esp, c.cod_cen, 
concat(c.cod_cen,' ',IFNULL(tip_cen,' '),' ',des_cen,' ',v.cod_cue,' ',v.cod_esp) des_cen, 
concat('Vacante: ',v.NUM_VAC,' ',v.COD_CUE,' ',v.cod_esp,' <br> ', e.des_esp,' <br> ',IFNULL(c.localidad,'-'),' <br> ',o.DES_TIP_OBL_VAC,'<br>',j.DES_TIP_JOR_VAC,'<br> ',d.DES_TIP_DUR_VAC) des_vac,
lat,lon 
from sigi_vac v, sigi_cen c, sigi_cue u , sigi_esp e,
sigi_tip_obl_vac o, sigi_tip_jor_vac j,
sigi_tip_dur_vac d where 
v.COD_CEN = c.cod_cen and 
u.COD_CUE = v.cod_cue and 
o.cod_tip_obl_vac = v.COD_TIP_OBL and
j.COD_TIP_JOR_VAC = v.COD_TIP_JOR and 
d.COD_TIP_DUR_VAC = v.COD_TIP_DUR and 
v.COD_CUE = e.COD_CUE and 
v.cod_esp = e.cod_esp ;


-- Volcando estructura para vista serviciosmicarpetasigi.vvacantespedidas
-- Eliminando tabla temporal y crear estructura final de VIEW
CREATE VIEW `vvacantespedidas` AS SELECT p.dni, p.cod_opc,p.cod_sol, v.num_vac, v.cod_cue, v.cod_esp, c.cod_cen, 
concat(c.cod_cen,' ',IFNULL(tip_cen,' '),' ',des_cen,' ',v.cod_cue,' ',v.cod_esp) des_cen, 
concat('Vacante: ',v.NUM_VAC, ' pedida en orden:  ',p.ORD_PRE,' <br>',v.COD_CUE,' ',v.cod_esp,' ', e.des_esp,' <br> ',IFNULL(c.localidad,'-'),' <br> ',o.DES_TIP_OBL_VAC,' <br> ',j.DES_TIP_JOR_VAC,'<br> ',d.DES_TIP_DUR_VAC) des_vac,
lat,lon
from sigi_vac v, sigi_pet p, sigi_cen c, sigi_esp e,
sigi_tip_obl_vac o, sigi_tip_jor_vac j,
sigi_tip_dur_vac d
where v.NUM_VAC = p.num_vac
and v.COD_OPC = p.cod_opc
and c.COD_CEN = v.cod_cen 
and e.COD_CUE = v.cod_cue
and e.cod_esp = v.cod_esp and
o.cod_tip_obl_vac = v.COD_TIP_OBL and
j.COD_TIP_JOR_VAC = v.COD_TIP_JOR and 
d.COD_TIP_DUR_VAC = v.COD_TIP_DUR ;


-- Volcando estructura para vista serviciosmicarpetasigi.vvacantesseleccionables
-- Eliminando tabla temporal y crear estructura final de VIEW
CREATE VIEW `vvacantesseleccionables` AS SELECT p.dni,e.cod_opc, num_vac, e.cod_cue, e.cod_esp, c.cod_cen, 
concat(c.cod_cen,' ','CEIP',' ',des_cen,' ',v.cod_cue,' ',v.cod_esp) des_cen, 
concat('Vacante: ',v.NUM_VAC,' <br>',v.COD_CUE,' ',v.cod_esp,' <br> ',a.DES_ESP,' <br> ',IFNULL(c.localidad,'-'),' <br> ', o.DES_TIP_OBL_VAC,' <br> ',j.DES_TIP_JOR_VAC,'<br> ',d.DES_TIP_DUR_VAC) des_vac,
lat,lon
FROM sigi_vac v, sigi_cen c , sigi_can_pre_ae p, sigi_esp_can_pre_ae e,
sigi_esp a,
sigi_tip_obl_vac o, sigi_tip_jor_vac j,
sigi_tip_dur_vac d
WHERE 
v.COD_CEN = c.cod_cen and 
p.dni = e.DNI and 
p.cod_opc = e.COD_OPC and 
e.COD_CUE = v.COD_CUE and 
e.cod_esp = v.cod_esp and
e.COD_OPC = v.cod_opc and 
a.cod_cue = v.cod_cue and 
a.cod_esp = v.cod_esp and
o.cod_tip_obl_vac = v.COD_TIP_OBL and
j.COD_TIP_JOR_VAC = v.COD_TIP_JOR and 
d.COD_TIP_DUR_VAC = v.COD_TIP_DUR ;
/*!40101 SET SQL_MODE=IFNULL(@OLD_SQL_MODE, '') */;
/*!40014 SET FOREIGN_KEY_CHECKS=IF(@OLD_FOREIGN_KEY_CHECKS IS NULL, 1, @OLD_FOREIGN_KEY_CHECKS) */;
/*!40101 SET CHARACTER_SET_CLIENT=@OLD_CHARACTER_SET_CLIENT */;
