-- --------------------------------------------------------
-- Host:                         127.0.0.1
-- Versión del servidor:         5.6.23 - MySQL Community Server (GPL)
-- SO del servidor:              Win32
-- HeidiSQL Versión:             9.1.0.4867
-- --------------------------------------------------------

/*!40101 SET @OLD_CHARACTER_SET_CLIENT=@@CHARACTER_SET_CLIENT */;
/*!40101 SET NAMES utf8mb4 */;
/*!40014 SET @OLD_FOREIGN_KEY_CHECKS=@@FOREIGN_KEY_CHECKS, FOREIGN_KEY_CHECKS=0 */;
/*!40101 SET @OLD_SQL_MODE=@@SQL_MODE, SQL_MODE='NO_AUTO_VALUE_ON_ZERO' */;

-- Volcando estructura de base de datos para serviciosmicarpetasigi
CREATE DATABASE IF NOT EXISTS `serviciosmicarpetasigi` /*!40100 DEFAULT CHARACTER SET utf8 */;
USE `serviciosmicarpetasigi`;


-- Volcando estructura para vista serviciosmicarpetasigi.sigiv_vac_int
-- Creando tabla temporal para superar errores de dependencia de VIEW
CREATE TABLE `sigiv_vac_int` (
	`tipo_id` VARCHAR(1) NOT NULL COLLATE 'utf8_general_ci',
	`dni` VARCHAR(15) NOT NULL COLLATE 'utf8_general_ci',
	`cod_opc` VARCHAR(7) NOT NULL COLLATE 'utf8_general_ci',
	`cod_col` VARCHAR(1) NOT NULL COLLATE 'utf8_general_ci',
	`l_med` VARCHAR(1) NULL COLLATE 'utf8_general_ci',
	`cod_mun` VARCHAR(9) NULL COLLATE 'utf8_general_ci',
	`cod_cue` VARCHAR(4) NOT NULL COLLATE 'utf8_general_ci',
	`cod_esp` VARCHAR(3) NOT NULL COLLATE 'utf8_general_ci',
	`num_vac` INT(4) NOT NULL,
	`cod_mun_vac` VARCHAR(9) NOT NULL COLLATE 'utf8_general_ci',
	`cod_tip_dur` VARCHAR(1) NOT NULL COLLATE 'utf8_general_ci'
) ENGINE=MyISAM;


-- Volcando estructura para tabla serviciosmicarpetasigi.sigi_can_pre_ae
CREATE TABLE IF NOT EXISTS `sigi_can_pre_ae` (
  `tipo_id` varchar(1) NOT NULL,
  `dni` varchar(15) NOT NULL,
  `cod_opc` varchar(7) NOT NULL,
  `cod_col` varchar(1) NOT NULL,
  `l_med` varchar(1) DEFAULT NULL,
  `cod_mun` varchar(9) DEFAULT NULL,
  PRIMARY KEY (`tipo_id`,`dni`,`cod_opc`)
) ENGINE=InnoDB DEFAULT CHARSET=utf8;

-- Volcando datos para la tabla serviciosmicarpetasigi.sigi_can_pre_ae: ~2 rows (aproximadamente)
/*!40000 ALTER TABLE `sigi_can_pre_ae` DISABLE KEYS */;
INSERT INTO `sigi_can_pre_ae` (`tipo_id`, `dni`, `cod_opc`, `cod_col`, `l_med`, `cod_mun`) VALUES
	('D', '00000001R', 'SIGIPAE', '0', 'N', NULL),
	('D', '00000001R', 'SIGISAE', '0', 'N', NULL);
/*!40000 ALTER TABLE `sigi_can_pre_ae` ENABLE KEYS */;


-- Volcando estructura para tabla serviciosmicarpetasigi.sigi_cen
CREATE TABLE IF NOT EXISTS `sigi_cen` (
  `COD_CEN` varchar(8) NOT NULL,
  `DES_CEN` varchar(200) DEFAULT NULL,
  `LAT` varchar(20) DEFAULT NULL,
  `LON` varchar(20) DEFAULT NULL,
  PRIMARY KEY (`COD_CEN`)
) ENGINE=InnoDB DEFAULT CHARSET=utf8 COMMENT='los centros de las vacantes ofertadas';

-- Volcando datos para la tabla serviciosmicarpetasigi.sigi_cen: ~1.040 rows (aproximadamente)
/*!40000 ALTER TABLE `sigi_cen` DISABLE KEYS */;
INSERT INTO `sigi_cen` (`COD_CEN`, `DES_CEN`, `LAT`, `LON`) VALUES
	('22000056', 'VERO-ALCANADRE', '42.14263', '-0.012977'),
	('22000071', 'ASUNCIÓN PAÑART MONTANER', '42.410648', '0.137857'),
	('22000251', 'JOSÉ MANUEL BLECUA', '41.721375', '0.110047'),
	('22000299', 'SANTOS SAMPER SARASA', '42.041148', '-0.583917'),
	('22000585', 'RAMÓN Y CAJAL', '42.276135', '-0.688251'),
	('22000706', 'FRANCISCO GALIAY SARAÑANA', '41.619207', '0.192458'),
	('22000721', 'ALTO ARAGÓN', '42.032941', '0.131694'),
	('22000731', 'LA MERCED', '42.032985', '0.121554'),
	('22000767', 'SAN VICENTE DE PAÚL', '42.033204', '0.119075'),
	('22000779', 'SAN JOSÉ DE CALASANZ', '42.036629', '0.123766'),
	('22000809', 'HERMANOS ARGENSOLA', '42.032941', '0.131694'),
	('22001073', 'VÍCTOR MENDOZA MENDOZA', '41.842911', '0.298658'),
	('22001085', 'VIRGEN DEL ROMERAL', '41.850232', '0.296405'),
	('22001191', 'VIRGEN DE LA SOLEDAD', '42.303222', '-0.578261'),
	('22001218', 'DE BOLTAÑA', '42.44128', '0.076188'),
	('22001243', 'ALTO ARA', '42.603453', '-0.121629'),
	('22001358', 'CERBÍN', '42.409732', '0.397483'),
	('22001437', 'LOS ARAÑONES', '42.748834', '-0.515198'),
	('22001656', 'RAMÓN J. SENDER', '41.663786', '0.162956'),
	('22001875', 'MIGUEL SERVET', '41.519164', '0.350948'),
	('22001887', 'SAN JOSÉ DE CALASANZ', '41.523043', '0.341532'),
	('22001899', 'SANTA ANA', '41.526943', '0.33591'),
	('22001905', 'LITERA', '41.522964', '0.361697'),
	('22001917', 'RAMÓN J. SENDER', '41.523237', '0.343389'),
	('22002016', 'LA FUEVA', '42.36999', '0.27071'),
	('22002119', 'SANTIAGO APÓSTOL', '41.941906', '-0.365873'),
	('22002156', 'JOAQUÍN COSTA', '42.190799', '0.338521'),
	('22002168', 'BALTASAR GRACIÁN', '42.192182', '0.347666'),
	('22002302', 'JUAN XXIII', '42.140841', '-0.419219'),
	('22002338', 'PÍO XII', '42.142132', '-0.39668'),
	('22002341', 'SANCHO RAMÍREZ', '42.135555', '-0.404584'),
	('22002351', 'SAN VICENTE', '42.141459', '-0.407364'),
	('22002405', 'SAN JOSÉ', '42.143426', '-0.40999'),
	('22002417', 'SANTA ANA', '42.139553', '-0.410684'),
	('22002429', 'NTRA.SRA.DEL PILAR', '42.144496', '-0.416315'),
	('22002430', 'SAN BERNARDO', '42.142304', '-0.411805'),
	('22002466', 'SANTA ROSA - ALTOARAGÓN', '42.142951', '-0.414784'),
	('22002478', 'SAN VIATOR', '42.140015', '-0.414192'),
	('22002491', 'MONTEARAGÓN', '42.127066', '-0.399799'),
	('22002508', 'RAMÓN Y CAJAL', '42.138971', '-0.416259'),
	('22002511', 'PIRÁMIDE', '42.117397', '-0.446244'),
	('22002521', 'SIERRA DE GUARA', '42.135781', '-0.40272'),
	('22002569', 'ALCORAZ', '42.13049', '-0.417908'),
	('22002673', 'SAN JUAN DE LA PEÑA', '42.56766', '-0.554639'),
	('22002703', 'ESCUELAS PÍAS', '42.565103', '-0.552342'),
	('22002727', 'DOMINGO MIRAL', '42.568272', '-0.552753'),
	('22002739', 'DE JACA', '42.577827', '-0.541154'),
	('22002740', 'INSTITUTO DE FORMACIÓN AGROAMBIENTAL', '42.559706', '-0.787759'),
	('22002843', 'MONEGROS NORTE', '41.769316', '-0.328963'),
	('22003100', 'SAN GINÉS', '42.200471', '-0.596492'),
	('22003215', 'JOAQUÍN COSTA', '41.912177', '0.192884'),
	('22003239', 'SANTO DOMINGO SAVIO', '41.917009', '0.182704'),
	('22003252', 'SANTA ANA', '41.909377', '0.187996'),
	('22003276', 'MINTE', '41.914533', '0.193516'),
	('22003288', 'JOSÉ MOR DE FUENTES', '41.90486', '0.185109'),
	('22003343', 'SAN GREGORIO', '41.675359', '0.088022'),
	('22003586', 'CINCA-CINQUETA', '42.581921', '0.295112'),
	('22003835', 'MONTECORONA', '42.522266', '-0.366506'),
	('22003847', 'PUENTE SARDAS', '42.502352', '-0.361484'),
	('22003860', 'SANTA ANA', '42.519875', '-0.364329'),
	('22003902', 'SAN ALBERTO MAGNO', '42.520845', '-0.363853'),
	('22003926', 'MIGUEL SERVET', '42.554289', '-0.347181'),
	('22004104', 'LA LAGUNA', '41.795022', '-0.158002'),
	('22004189', 'ALBERTO GALINDO', '41.713852', '-0.046642'),
	('22004271', 'SAN MIGUEL', '41.861787', '0.428686'),
	('22004566', 'COLLARADA', '42.680517', '-0.532894'),
	('22004578', 'MIGUEL SERVET', '41.713657', '-0.005426'),
	('22004608', 'SAN JUAN BAUTISTA', '41.605108', '0.266822'),
	('22004611', 'MARTÍNEZ VARGAS', '42.039791', '0.123253'),
	('22004633', 'EL PARQUE', '42.138563', '-0.411667'),
	('22004657', 'ALTOARAGÓN', '42.142951', '-0.414784'),
	('22004773', 'LUCAS MALLADA', '42.136129', '-0.404153'),
	('22004803', 'ALFRED', '42.138704', '-0.409686'),
	('22004839', 'MONTE OROEL', '42.576042', '-0.544056'),
	('22004840', 'ARAGÓN', '41.914316', '0.192474'),
	('22004888', 'BAJO CINCA', '41.525533', '0.339581'),
	('22004891', 'BIELLO ARAGÓN', '42.502564', '-0.362015'),
	('22004906', 'PEDRO I', '42.034424', '0.129671'),
	('22004943', 'NTRA. SRA. DE GUAYENTE', '42.576054', '0.464818'),
	('22004955', 'MIGUEL HERNÁNDEZ', '42.132775', '-0.403564'),
	('22005030', 'MONEGROS-GASPAR LAX', '41.789209', '-0.15307'),
	('22005054', 'VIRGEN DE LOS RÍOS', '42.426219', '-0.664356'),
	('22005121', 'SAN LORENZO', '42.140154', '-0.420924'),
	('22005133', 'DE HUESCA', '42.136878', '-0.418086'),
	('22005145', 'ESCUELA DE ARTE DE HUESCA', '42.140561', '-0.402039'),
	('22005157', 'LA ALEGRÍA', '41.911168', '0.182848'),
	('22005200', 'PEDRO J. RUBIO', '42.129691', '-0.408232'),
	('22005212', 'DE HUESCA', '42.143603', '-0.405108'),
	('22005224', 'PILAR BAYONA', '42.581783', '-0.536741'),
	('22005340', 'VALLE DEL GUARGA', '42.392071', '-0.192736'),
	('22005364', 'ESCUELA DE MÚSICA', '41.851349', '0.292931'),
	('22005376', 'MIGUEL FLETA', '41.916744', '0.193802'),
	('22005388', 'SIERRA DE SAN QUÍLEZ', '41.85479', '0.2947'),
	('22005391', 'LA LLITERA', '41.861787', '0.428686'),
	('22005406', 'SOBRARBE', '42.411343', '0.139225'),
	('22005431', 'DE PAÚLES DE SARSA', '42.304945', '0.040263'),
	('22005443', 'DE SABIÑÁNIGO', '42.519747', '-0.370719'),
	('22005479', 'LITERA', '41.8679', '0.420746'),
	('22005480', 'CINCA MEDIO', '41.909263', '0.195987'),
	('22005492', 'JACETANIA', '42.576988', '-0.541305'),
	('22005509', 'RIBAGORZA', '42.189214', '0.33678'),
	('22005558', 'SOBRARBE', '42.4442', '0.069969'),
	('22005561', 'ALTO GÁLLEGO', '42.519325', '-0.365802'),
	('22005583', 'MONEGROS', '41.789115', '-0.158442'),
	('22005595', 'IGNACIO LUZÁN', '41.916479', '0.190037'),
	('22005662', 'DE SABIÑÁNIGO', '42.520654', '-0.369633'),
	('22005674', 'LA LLITERA', '41.865107', '0.461558'),
	('22005686', 'MONTESNEGROS', '41.493487', '-0.151525'),
	('22005698', 'A REDOLADA', '41.930347', '-0.067424'),
	('22005704', 'BAJA RIBAGORZA', '42.196281', '0.39437'),
	('22005716', 'ESTADILLA-FONZ', '42.010622', '0.261332'),
	('22005728', 'MONTEARAGÓN', '42.145548', '-0.456668'),
	('22005731', 'ALTO GÁLLEGO', '42.628162', '-0.321667'),
	('22005741', 'EL TRÉBOL', '41.82446', '0.199015'),
	('22005765', 'PIRINEOS', '42.578286', '-0.540315'),
	('22005789', 'RÍO ARAGÓN', '42.559283', '-0.788084'),
	('22005790', 'RIBAGORZA ORIENTAL', '42.108909', '0.480399'),
	('22005807', 'RIBERA DEL CINCA', '41.473417', '0.333552'),
	('22005819', 'DE ALTORRICÓN', '41.800286', '0.412068'),
	('22005820', 'ARCO IRIS', '41.9106', '0.181981'),
	('22005832', 'ALBEOS', '41.695274', '0.176314'),
	('22005844', 'VIOLADA MONEGROS', '41.977455', '-0.53716'),
	('22005856', 'LA SABINA', '41.872824', '-0.458505'),
	('22005868', 'MONEGROS-HOYA', '41.843752', '-0.260031'),
	('22005881', 'ALTA RIBAGORZA', '42.605626', '0.524567'),
	('22005911', 'INSTITUTO MUSICAL COMARCAL', '41.520983', '0.350131'),
	('22005960', 'SOMONTANO', '42.031494', '0.132069'),
	('22006022', 'DE ALMUDÉVAR', '42.041148', '-0.583917'),
	('22006034', 'BAJO CINCA', '41.523237', '0.343389'),
	('22006061', 'PATI', '41.514769', '0.325695'),
	('22006083', 'PIRÁMIDE', '42.037349', '-0.580437'),
	('22006095', 'DE CASTEJÓN DE SOS', '42.512465', '0.485545'),
	('22006101', 'MONTES NEGROS', '41.941906', '-0.365873'),
	('22006113', 'CINCA-ALCANADRE', '41.721375', '0.110047'),
	('22006125', 'BIELLO ARAGÓN', '42.628565', '-0.321736'),
	('22006137', 'VALLE DE BENASQUE', '42.605626', '0.524567'),
	('22010001', 'SAN JORGE', '41.971302', '-0.364133'),
	('22010013', 'DE SALLENT DE GÁLLEGO', '42.77212', '-0.332808'),
	('22010025', 'DE MONZÓN', '41.523237', '0.343389'),
	('22010037', 'RÍO VERO', '42.039281', '0.123553'),
	('22010049', 'DE SABIÑÁNIGO', '42.567908', '-0.553032'),
	('22010050', 'LAS OCAS', '42.137677', '-0.410863'),
	('22010062', 'LO NIU', '41.865393', '0.461948'),
	('22010074', 'CLUB MINNIE', '42.137596', '-0.401327'),
	('22010086', 'DE ARAGÓN', '42.14039', '-0.411607'),
	('22010098', 'ESCUELA ESPAÑOLA DE ESQUÍ', '42.76724', '-0.512321'),
	('22010104', 'LA COMETA', '41.79749', '0.273165'),
	('22010116', 'EL PÍ', '41.801261', '0.412811'),
	('22010128', 'CARDELINA', '42.52038', '-0.367778'),
	('22010131', 'ESCUELA DE MÚSICA', '42.037155', '0.125757'),
	('22010153', 'ARTE-MISS HUESCA', '42.134879', '-0.412604'),
	('22010165', 'ESCUELA DE MONTAÑA DE BENASQUE', '42.603497', '0.518408'),
	('22010177', 'LA MAINADA', '42.512465', '0.485545'),
	('22010189', 'PARCHÍS', '42.13425', '-0.402624'),
	('22010190', 'EL TAMARINDO', '41.867537', '0.421164'),
	('22010207', 'DE JACA', '42.574444', '-0.551299'),
	('22010219', 'PASITO A PASO', '42.143857', '-0.415203'),
	('22010220', 'ZIMBEL', '42.131481', '-0.406964'),
	('22010232', 'CONCEPCIÓN BAÑERES', '41.848571', '0.297542'),
	('22010244', 'LA CANTERA', '42.132572', '-0.353382'),
	('22010256', 'ENCANTARIA', '42.036283', '0.132931'),
	('22010268', 'DE BIESCAS', '42.627577', '-0.324681'),
	('22010271', 'LUPITA', '41.704369', '0.323559'),
	('22010281', 'NININS', '42.190022', '0.335918'),
	('22010293', 'LA FONTANETA', '42.276135', '-0.688251'),
	('22010301', 'ABABOL', '41.82468', '0.19976'),
	('22010311', 'LA MAINADA', '42.605626', '0.524567'),
	('22010323', 'PIRINEOS-PYRÉNÉES', '42.130514', '-0.401585'),
	('22010335', 'TRIAMOLETA', '42.724313', '-0.285859'),
	('22010347', 'DE ALTORRICÓN', '41.800396', '0.412633'),
	('22010359', 'LA CANALLA', '42.109234', '0.480172'),
	('22010360', '@S`CRI@S', '42.039091', '-0.581267'),
	('22010372', 'DE GURREA DE GÁLLEGO', '42.017305', '-0.759644'),
	('22010384', 'ESCUELA DE MONTAÑA DE ALQUÉZAR', '42.173035', '0.02508'),
	('22010396', 'KID\'S GARDEN HUESCA', '42.12828', '-0.403651'),
	('22010402', 'XIQUETS', '41.521214', '0.340812'),
	('22010414', 'SANTA MARGARITA', '41.526204', '0.346307'),
	('22010426', 'DE BELVER DE CINCA', '41.691944', '0.180838'),
	('22010438', 'DE GURREA DE GÁLLEGO', '42.015572', '-0.763655'),
	('22010441', 'ALBADA', '42.143284', '-0.420681'),
	('22010451', 'JOSE MARÍA CAMPO', '42.410607', '0.138472'),
	('22010463', 'LAS PAJARITAS', '42.136878', '-0.418086'),
	('22010475', 'DE NUENO', '42.262679', '-0.451041'),
	('22010487', 'DE BARBASTRO', '42.0303992', '0.13624548'),
	('22010499', 'DE PERALTA DE ALCOFEA', '41.9308523', '-0.0677736'),
	('22010505', 'DE PUENTE LA REINA DE JACA', '42.5592831', '-0.7880849'),
	('22010517', 'DE ALCAMPELL', '41.9061846', '0.4337013'),
	('22010529', 'VALLE DE BIELSA', '42.6336589', '0.2173016'),
	('22010530', 'DE SANTA CILIA', '42.5587999', '-0.7150496'),
	('22010542', 'ANDARINES', '42.0946197', '-0.3563396'),
	('22010554', 'DE FONZ', '42.0105238', '0.2613925'),
	('22010566', 'DE BALLOBAR', '41.619207', '0.1924578'),
	('22010578', 'NINONES', '42.4421126', '0.0753301'),
	('22010581', 'LA CASITA BLANCA', '42.7467853', '-0.5160455'),
	('22010591', 'DE CANAL DE BERDÚN', '42.6038148', '-0.8576187'),
	('22010608', 'DE VILLANÚA', '42.6794252', '-0.5306918'),
	('22010611', 'DE ROBRES', '41.8687568', '-0.4618471'),
	('22010621', 'DE FRULA', '41.9093356', '-0.4476302'),
	('22010633', 'DE LALUEZA', '41.8416595', '-0.2575528'),
	('22010645', 'ARBOLEDA', '41.9774555', '-0.5371604'),
	('22010657', 'DE LANAJA', '41.769835', '-0.3282039'),
	('22010669', 'DE GRAÑÉN', '41.94226', '-0.36707'),
	('22010670', 'DE SARIÑENA', '41.7921083', '-0.1518738'),
	('22010682', 'DE ALCUBIERRE', '41.8068025', '-0.4514643'),
	('22010694', 'CLARA CAMPOAMOR', '41.9035071', '0.187759'),
	('22010700', 'DE TORRENTE DE CINCA', '41.4736751', '0.3335424'),
	('22010712', 'PIRÁMIDE', '42.121305', '-0.4571708'),
	('22010724', 'DE LA COMARCA DE SOBRARBE', '42.4166527', '0.1434279'),
	('22010736', 'CHAVALINES', '42.4944052', '-0.1191759'),
	('22010748', 'SANTA CATALINA', '41.7144781', '0.121306'),
	('22010751', 'ATALIA', '41.9347182', '0.2421881'),
	('22010761', 'DE PEÑALBA', '41.5000094', '-0.0384445'),
	('22010773', 'VILLA DE TARDIENTA', '41.9776977', '-0.5381061'),
	('22010785', 'TREVIÑER', '42.1426301', '-0.0129778'),
	('22010797', 'DE SENA', '41.7145662', '-0.0453281'),
	('22010803', 'MARÍA SÁNCHEZ ARBÓS ', '42.1333293', '-0.4025109'),
	('22010815', 'VIRGEN DEL ROSARIO', '42.1695765', '-0.4521101'),
	('22010827', 'DE BROTO', '42.6037071', '-0.1207432'),
	('22010839', 'MONZÓN III', '41.906682', '0.186445'),
	('22010840', 'CENTRO DE FORMACIÓN EDUCATIVA FUNDACIÓN ALCORAZ', '42.1319', '-0.424768'),
	('22010852', 'DE MONZÓN', '41.8548', '0.2947'),
	('22010864', 'COTONET', '41.5245348', '0.3335055'),
	('22010876', 'FRAGA III', '41.525235', '0.3339465'),
	('22600060', 'LA PAZ', '42.0330883', '0.1354265'),
	('22600072', 'NUESTRA SEÑORA DE SAN LORENZO', '42.1333281', '-0.4025112'),
	('22600084', 'NUESTRA SEÑORA DE LA ALEGRÍA', '41.9061052', '0.1860973'),
	('22700029', 'ANA ABARCA DE BOLEA', '42.1369943', '-0.4048881'),
	('22700030', 'DE MONZÓN', '41.9101809', '0.1945'),
	('22700054', 'DE FRAGA', '41.5221365', '0.348056'),
	('22700066', 'DE GRAUS', '42.1900865', '0.3382929'),
	('22700078', 'DE HUESCA', '42.1369943', '-0.4048881'),
	('22700081', 'SUBSEDE E.O.E.I.P  DE SABIÑÁNIGO en Jaca', '42.5759082', '-0.5449929'),
	('22700091', 'DE MONZÓN', '41.9101809', '0.1945'),
	('22700108', 'DE SABIÑÁNIGO', '42.5190497', '-0.367857'),
	('22700111', 'SUBSEDE E.O.E.I.P. DE GRAUS en BoltañaBE-RIBAGORZA', '42.4419435', '0.0740866'),
	('22700121', 'ATENCION TEMPRANA', '42.1369943', '-0.4048881'),
	('44000121', 'ROMÁN GARCÍA', '41.123898', '-0.510068'),
	('44000246', 'EMILIO DÍAZ', '41.049273', '-0.125415'),
	('44000261', 'SAN VALERO', '41.049989', '-0.132154'),
	('44000271', 'LA INMACULADA', '41.051436', '-0.130893'),
	('44000325', 'EL JUSTICIA DE ARAGÓN', '40.893245', '-0.383342'),
	('44000465', 'JUAN RAMÓN ALEGRE', '40.974559', '-0.448783'),
	('44000799', 'RICARDO MALLÉN', '40.912661', '-1.300958'),
	('44000829', 'VIRGEN DEL PILAR', '40.940573', '-0.229016'),
	('44001159', 'MIGUEL BLASCO VILATELA', '40.456638', '-1.28701'),
	('44001378', 'ANTONIO GARGALLO MOYA', '40.79649', '-0.809304'),
	('44001706', 'LUIS TURÓN', '41.22085', '-0.380832'),
	('44002061', 'VALERO SERRANO', '40.831504', '-0.24323'),
	('44002152', 'NTRA. SRA. DEL PILAR', '40.783512', '-1.357862'),
	('44002191', 'COMARCA CUENCAS MINERAS', '40.835565', '-0.798666'),
	('44002221', 'SAN MIGUEL', '40.248434', '-0.751512'),
	('44002541', 'TERUEL UNO', '40.634514', '-1.003321'),
	('44002942', 'DE SARRIÓN', '40.140262', '-0.810112'),
	('44003028', 'DE SAN BLAS', '40.358886', '-1.19003'),
	('44003041', 'LA SALLE-SAN JOSÉ', '40.33257', '-1.099986'),
	('44003077', 'LAS VIÑAS', '40.351995', '-1.119398'),
	('44003090', 'PIERRES VEDEL', '40.34359', '-1.109271'),
	('44003107', 'MIGUEL VALLÉS', '40.341507', '-1.103128'),
	('44003120', 'LAS ANEJAS', '40.352816', '-1.109244'),
	('44003156', 'VICTORIA DÍEZ', '40.333383', '-1.108403'),
	('44003171', 'LA PURÍSIMA Y SANTOS MÁRTIRES', '40.340096', '-1.105797'),
	('44003211', 'SANTA EMERENCIANA', '40.332221', '-1.106597'),
	('44003223', 'SEGUNDO DE CHOMÓN', '40.353143', '-1.111218'),
	('44003235', 'VEGA DEL TURIA', '40.34103', '-1.108503'),
	('44003247', 'FRANCÉS DE ARANDA', '40.351859', '-1.113153'),
	('44003259', 'ARBOLEDA', '40.351859', '-1.113153'),
	('44003260', 'DE TERUEL', '40.35326', '-1.11544'),
	('44003272', 'ENSANCHE', '40.336604', '-1.107012'),
	('44003284', 'ESCUELA DE ARTE DE TERUEL', '40.343232', '-1.107781'),
	('44003636', 'VILLA DE UTRILLAS', '40.81295', '-0.844634'),
	('44003715', 'VICENTE FERRER RAMOS', '40.873121', '0.154267'),
	('44004045', 'VALLE DEL JILOCA', '40.921712', '-1.295447'),
	('44004124', 'ISABEL DE SEGURA', '40.350252', '-1.109703'),
	('44004148', 'GLORIA FUERTES', '40.974559', '-0.448783'),
	('44004173', 'DE TERUEL', '40.343967', '-1.108603'),
	('44004239', 'PEDRO LAÍN ENTRALGO', '41.171787', '-0.452149'),
	('44004306', 'LA FUENFRESCA', '40.329047', '-1.095607'),
	('44004318', 'DE TERUEL', '40.332221', '-1.106597'),
	('44004446', 'DE ALCAÑIZ', '41.052302', '-0.129082'),
	('44004471', 'REGALLO', '41.107434', '-0.251552'),
	('44004483', 'JAVALAMBRE', '40.05906', '-0.828855'),
	('44004495', 'SIERRA DE ALBARRACÍN', '40.430351', '-1.57267'),
	('44004550', 'FERNANDO LÁZARO CARRETER', '40.815112', '-0.852655'),
	('44004562', 'MANUEL FRANCO ROYO', '40.977588', '-0.459257'),
	('44004574', 'RÍO GUADALOPE', '41.052487', '-0.125706'),
	('44004598', 'MATARRAÑA', '40.871009', '0.156556'),
	('44004604', 'ESCUELA DE MÚSICA Y DANZA DE ANDORRA', '40.975734', '-0.4451'),
	('44004616', 'MAESTRAZGO GÚDAR', '40.361296', '-0.44719'),
	('44004628', 'TURIA', '40.358129', '-1.176726'),
	('44004653', 'PABLO SERRANO', '40.976874', '-0.450569'),
	('44004665', 'SALVADOR VICTORIA', '40.788338', '-1.357026'),
	('44004677', 'PABLO ANTONIO CRESPO', '40.673668', '-0.702996'),
	('44004689', 'GOYA', '40.838342', '-1.325451'),
	('44004690', 'ALTO MAESTRAZGO', '40.523975', '-0.40467'),
	('44004707', 'SOMONTANO-BAJO ARAGÓN', '40.866419', '-0.520106'),
	('44004719', 'PALMIRA PLÁ', '40.436269', '-0.850964'),
	('44004720', 'ARIÑO-ALLOZA', '41.030989', '-0.594975'),
	('44004732', 'OLEA', '40.799219', '-0.316822'),
	('44004744', 'DE LA FRESNEDA', '40.925245', '0.076059'),
	('44004756', 'TASTAVÍNS', '40.755383', '0.03932'),
	('44004768', 'DE MARTÍN DEL RÍO', '40.845527', '-0.892438'),
	('44004771', 'DE MUNIESA', '41.030251', '-0.808659'),
	('44004781', 'PÓRTICO DE ARAGÓN', '40.190207', '-0.652173'),
	('44004793', 'DE ALBARRACÍN', '40.409546', '-1.431951'),
	('44004801', 'BAJO MARTÍN', '41.219061', '-0.442915'),
	('44004811', 'DEL MEZQUÍN', '40.981417', '-0.147925'),
	('44004847', 'DE ALCORISA', '40.895335', '-0.380174'),
	('44004884', 'DE VALDERROBRES', '40.87247', '0.153809'),
	('44004926', 'DE RUBIELOS DE MORA', '40.133036', '-0.625207'),
	('44004938', 'DE CALAMOCHA', '40.912661', '-1.300958'),
	('44004941', 'DE CAMINREAL', '40.838683', '-1.324923'),
	('44004951', 'DE CELLA', '40.452971', '-1.286436'),
	('44004963', 'DE MONREAL DEL CAMPO', '40.790926', '-1.352701'),
	('44005001', 'CUENCA MINERA', '40.831263', '-0.802152'),
	('44005050', 'VIRGEN DE LOS PUEYOS', '41.047878', '-0.129346'),
	('44005062', 'MATARRANYA', '41.014217', '0.186699'),
	('44005074', 'Cuna del Jiloca', '40.566245', '-1.317175'),
	('44005098', 'DAMIÁN FORMENT', '40.892978', '-0.38274'),
	('44005104', 'VALLE DEL GUADALOPE', '40.946547', '-0.236674'),
	('44005116', 'GÚDAR-JAVALAMBRE', '40.246101', '-0.748734'),
	('44005128', 'SIERRA PALOMERA', '40.455011', '-1.280422'),
	('44005131', 'ALGARS', '40.929191', '0.21184'),
	('44005141', 'ESCUELA DE MÚSICA', '40.938916', '-0.229338'),
	('44005153', 'CAMPO BELLO', '40.92228', '-1.499418'),
	('44005165', 'EL POYO DEL CID', '40.884378', '-1.334034'),
	('44005177', 'BAJO ARAGÓN', '41.052302', '-0.129082'),
	('44005190', 'SEGUNDO DE CHOMÓN', '40.522981', '-0.404409'),
	('44005207', 'LOBETANO', '40.409546', '-1.431951'),
	('44005219', 'ESCUELA DE MÚSICA Y DANZA', '40.790507', '-1.352585'),
	('44005220', 'DE ANDORRA', '40.975684', '-0.444882'),
	('44010008', 'ESCUELA DE MÚSICA', '40.895335', '-0.380174'),
	('44010011', 'ESCUELA DE HOSTELERÍA DE TERUEL', '40.343316', '-1.107624'),
	('44010021', 'DE TERUEL', '40.790507', '-1.352585'),
	('44010033', 'DE ALCAÑIZ', '40.815302', '-0.850389'),
	('44010045', 'DE TERUEL', '40.921712', '-1.295447'),
	('44010057', 'EL ENSANCHE', '40.336751', '-1.107003'),
	('44010069', 'LA MALENA', '40.974609', '-0.442139'),
	('44010070', 'DE TERUEL', '40.343232', '-1.107781'),
	('44010082', 'VEO-VEO', '41.043906', '-0.1281'),
	('44010094', 'DUMBO', '40.34714', '-1.109873'),
	('44010100', 'JUAN SOBRARIAS', '41.050056', '-0.139186'),
	('44010112', 'DE ALCORISA', '40.894158', '-0.380681'),
	('44010124', 'LOS MONCHONES', '40.98732', '-0.033683'),
	('44010136', 'DE CALANDA', '40.938814', '-0.229525'),
	('44010148', 'SANTA BÁRBARA', '40.981148', '-0.144448'),
	('44010151', 'DE VALDERROBRES', '40.871359', '0.15507'),
	('44010161', 'SOLETES', '41.051886', '-0.130967'),
	('44010173', 'DE OJOS NEGROS', '40.736507', '-1.499411'),
	('44010185', 'DE MAZALEÓN', '41.048194', '0.101197'),
	('44010197', 'EL PARQUE', '40.43685', '-0.849895'),
	('44010203', 'JUAN LORENZO PALMIRENO', '41.048594', '-0.130195'),
	('44010215', 'CIUDAD DE TERUEL', '40.354503', '-1.108398'),
	('44010227', 'VIRGEN DE LAS NIEVES', '40.926702', '0.075239'),
	('44010240', 'LA CODOÑERA', '40.935147', '-0.086827'),
	('44010252', 'DE MONTALBÁN', '40.835565', '-0.798666'),
	('44010264', 'DE TORRECILLA DE ALCAÑIZ', '41.052043', '-0.134319'),
	('44010276', 'LA SELVETA', '41.052282', '-0.129326'),
	('44010288', 'SALVADOR SALVADOR NAVARRO', '40.79573', '-0.811156'),
	('44010291', 'DE UTRILLAS', '40.812395', '-0.84963'),
	('44010306', 'RICARDA GONZALO DE LIRIA', '40.787883', '-1.357583'),
	('44010318', 'MAFALDA-LAS VIÑAS', '40.351995', '-1.119398'),
	('44010321', 'EL CASTILLO', '41.174826', '-0.450546'),
	('44010331', 'DE ALBALATE DEL ARZOBISPO', '41.032018', '-0.592774'),
	('44010343', 'DE ALBARRACÍN', '40.411599', '-1.428383'),
	('44010367', 'LA REPLACETA', '40.9233009', '-0.2673826'),
	('44010379', 'SANTA ENGRACIA', '41.9424232', '-1.3256747'),
	('44010380', 'DE TERUEL (SAN BLAS)', '40.3581298', '-1.1767263'),
	('44010392', 'DE CANTAVIEJA', '40.5226647', '-0.4049918'),
	('44010409', 'DE SARRIÓN', '40.1421231', '-0.8139914'),
	('44010410', 'DE VILLARQUEMADO', '40.450919', '-1.2892192'),
	('44010422', 'DE LA PUEBLA DE HÍJAR', '41.2214123', '-0.4414419'),
	('44010434', 'PRIMEROS PASOS', '40.913055', '-1.3027794'),
	('44010446', 'DE MOSCARDÓN', '40.3323688', '-1.5364577'),
	('44010458', 'DE CALACEITE', '41.013712', '0.1845093'),
	('44010461', 'DE FORTANETE', '40.5055359', '-0.5230651'),
	('44010471', 'DE RUBIELOS DE MORA', '40.1895214', '-0.6536006'),
	('44010483', 'DE TERUEL (BARRIO ARRABAL)', '40.333935', '-1.0997336'),
	('44010495', 'DE VALDERROBRES', '40.8734761', '0.1499462'),
	('44010501', 'L\'AIRASSA', '40.9520925', '0.0269682'),
	('44010513', 'DE SANTA EULALIA', '40.5663946', '-1.3126363'),
	('44010525', 'DE TERUEL (VILLAESPESA)', '40.2980235', '-1.121025'),
	('44010537', 'BAJO ARAGÓN', '41.0523027', '-0.1290812'),
	('44010549', 'SEÑORA PABLA', '41.161358', '-0.4693275'),
	('44010550', 'DE LA MATA DE LOS OLMOS', '40.8651879', '-0.5208924'),
	('44010562', 'DE AGUAVIVA', '40.7801137', '-0.25362'),
	('44010574', 'DE BRONCHALES', '40.5083399', '-1.5869681'),
	('44010586', 'DE TERRIENTE', '40.2981362', '-1.5020701'),
	('44010598', 'DE MONROYO', '40.7869457', '-0.0325728'),
	('44010604', 'DE CALACEITE', '41.013712', '0.1845093'),
	('44010616', 'DE CRETAS', '40.9292004', '0.2130679'),
	('44010628', 'DE MAS DE LAS MATAS', '40.8329714', '-0.2437739'),
	('44010631', 'DE VILLASTAR', '40.280919', '-1.1512046'),
	('44010641', 'SARGANTESA', '40.4593321', '-1.2876494'),
	('44010653', 'SNOOPY', '40.3328442', '-1.0992139'),
	('44010665', 'MENUDETS', '40.832132', '0.1839895'),
	('44010677', 'DE SANTA EMERENCIANA', '40.334082', '-1.105266'),
	('44010689', 'GAG CU CU-TRAS TRAS', '40.3280265', '-1.1001655'),
	('44600021', 'SANTO ÁNGEL CUSTODIO', '41.0470718', '-0.1295291'),
	('44700013', 'DE ALCAÑIZ', '41.0523027', '-0.1290812'),
	('44700025', 'ANGEL SANZ BRIZ', '40.352044', '-1.1106171'),
	('44700049', 'DE ALCAÑIZ', '41.054514', '-0.133142'),
	('44700050', 'DE CANTAVIEJA ', '40.5232955', '-0.4049537'),
	('44700062', 'DE TERUEL', '40.338642', '-1.104829'),
	('44700074', 'DE UTRILLAS', '40.814152', '-0.847331'),
	('44700086', 'DE ANDORRA', '40.976416', '-0.447422'),
	('44700098', 'DE CALAMOCHA', '40.920309', '-1.295112'),
	('44700104', 'DE UTRILLAS', '40.814152', '-0.847331'),
	('44700131', 'ALCORISA', '40.8915162', '-0.3809659'),
	('44700141', 'ALBARRACIN', '40.4106159', '-1.4306606'),
	('44700153', 'CALAMOCHA', '40.9163034', '-1.3013142'),
	('44700165', 'CENTRO ARAGONÉS DE TECNOLOGÍAS PARA LA EDUCACIÓN (CATEDU)', '40.9093612', '-0.3797149'),
	('50000126', 'ARAGÓN', '41.769761', '-1.1271'),
	('50000151', 'NTRA. SRA DEL CASTILLO', '41.77228', '-1.124615'),
	('50000163', 'CONDE ARANDA', '41.772914', '-1.124972'),
	('50000291', 'BRIANDA DE LUNA', '41.616394', '-0.705885'),
	('50000369', 'ARZOBISPO DOMÉNECH', '41.398264', '-1.321795'),
	('50000370', 'NERTÓBRIGA', '41.474618', '-1.372181'),
	('50000412', 'SALESIANOS LAVIAGA-CASTILLO', '41.479123', '-1.377418'),
	('50000436', 'RAMÓN Y CAJAL', '41.424102', '-1.37936'),
	('50000618', 'VIRGEN DE LA PEANA', '41.329898', '-1.794291'),
	('50000722', 'BELIA', '41.309337', '-0.749895'),
	('50000734', 'SAN RAFAEL', '41.307127', '-0.751498'),
	('50000850', 'CAMPO DE BORJA', '41.832123', '-1.533911'),
	('50000862', 'SANTA ANA', '41.833309', '-1.534824'),
	('50000874', 'JUAN DE LANUZA', '41.833725', '-1.529385'),
	('50000904', 'DIPUTACIÓN PROVINCIAL', '41.523596', '-1.59863'),
	('50001064', 'BALTASAR GRACIÁN', '41.331339', '-1.645686'),
	('50001076', 'FRANCISCO DE GOYA', '41.348936', '-1.637906'),
	('50001088', 'SALVADOR MINGUIJÓN', '41.902414', '-1.720612'),
	('50001121', 'SANTA ANA', '41.350551', '-1.639177'),
	('50001167', 'LEONARDO DE CHABACIER', '41.354949', '-1.639085'),
	('50001179', 'EMILIO JIMENO', '41.357433', '-1.636289'),
	('50001180', 'ACADEMIA DE LOGÍSTICA DEL EJÉRCITO DE TIERRA', '41.3525744', '-1.6288962'),
	('50001222', 'DOMINGO JIMÉNEZ BELTRÁN', '41.528077', '-1.342005'),
	('50001301', 'SANTO CRISTO DE SANTIAGO', '41.339006', '-1.22734'),
	('50001349', 'JOAQUÍN COSTA', '41.338321', '-1.225399'),
	('50001350', 'COMPROMISO DE CASPE', '41.235478', '-0.037394'),
	('50001362', 'SANTA ANA', '41.238088', '-0.042015'),
	('50001672', 'LUCIO FABIO SEVERO', '41.263879', '-0.126503'),
	('50001702', 'PEDRO SÁNCHEZ CIRUELO', '41.110735', '-1.420173'),
	('50001738', 'PUERTA DE ZARAGOZA', '41.114404', '-1.41022'),
	('50001763', 'CERVANTES', '42.125369', '-1.137168'),
	('50001775', 'FERRER Y RACAJ', '42.131292', '-1.311907'),
	('50001799', 'NTRA. SRA. DE LAS MERCEDES', '42.123474', '-1.140814'),
	('50001829', 'E.F.A. BOALARES', '42.116274', '-1.143383'),
	('50001830', 'REYES CATÓLICOS', '42.128533', '-1.12635'),
	('50001936', 'MI CASITA EN EL JARDIN', '41.597654', '-0.683981'),
	('50002007', 'GASPAR REMIRO', '41.596978', '-1.27666'),
	('50002032', 'SAN JAVIER', '41.28989', '-0.32323'),
	('50002123', 'NTRA. SRA. DEL PILAR', '41.237454', '0.334359'),
	('50002275', 'LUIS GARCÍA SÁINZ', '41.511017', '-0.626955'),
	('50002329', 'MARÍA DOMÍNGUEZ', '41.866063', '-1.316638'),
	('50002433', 'SAN JORGE', '41.209849', '-1.084838'),
	('50002457', 'BENEDICTO XIII', '41.539851', '-1.626163'),
	('50002512', 'RAMÓN Y CAJAL', '41.770573', '-1.120964'),
	('50002810', 'VIRGEN DEL PORTAL', '41.123761', '0.137666'),
	('50002937', 'MANLIA', '41.901347', '-1.418043'),
	('50003048', 'MARÍA QUINTANA', '41.375533', '0.304468'),
	('50003206', 'LUCAS ARRIBAS', '41.474997', '-1.472481'),
	('50003504', 'SAN NICASIO', '41.933455', '-1.396038'),
	('50003711', 'LA PORTALADA', '41.61922', '-0.78352'),
	('50003735', 'CERVANTES', '41.786823', '-1.217138'),
	('50003838', 'SANTA MARÍA DE LA ESPERANZA', '41.490718', '-0.527099'),
	('50003851', 'MIGUEL ARTIGAS', '41.736343', '-1.099782'),
	('50003863', 'E.F.A. LA NORIA', '41.73926', '-1.097989'),
	('50003981', 'JOAQUÍN COSTA', '41.847341', '-1.249995'),
	('50004004', 'LOS ALBARES', '41.632722', '-0.749485'),
	('50004031', 'FERNANDO EL CATÓLICO', '41.424451', '-0.497246'),
	('50004053', 'ALFREDO MUIÑOS', '41.841507', '-1.178173'),
	('50004077', 'MAESTRO MONREAL', '41.508042', '-1.402135'),
	('50004326', 'DANIEL FEDERIO', '41.323139', '-0.346019'),
	('50004430', 'SUBPRADEL', '41.739284', '-1.036323'),
	('50004478', 'ISIDORO GIL DE JAZ', '42.496481', '-1.215451'),
	('50004481', 'MANUELA PÉREZ DE BIEL', '42.496481', '-1.215451'),
	('50004545', 'JOAQUÍN COSTA', '41.906537', '-1.725464'),
	('50004570', 'SAGRADA FAMILIA', '41.905878', '-1.728544'),
	('50004594', 'NTRA. SRA. DEL PILAR', '41.901509', '-1.723487'),
	('50004612', 'MONCAYO', '41.906081', '-1.721421'),
	('50004703', 'ALFONSO I EL BATALLADOR', '41.917714', '-1.25409'),
	('50004843', 'MONTES DEL CASTELLAR', '41.758673', '-1.067406'),
	('50004879', 'TOSOS', '41.316937', '-1.07075'),
	('50004946', 'DE UNDUÉS DE LERDA', '42.566399', '-1.169325'),
	('50005011', 'MIGUEL ARTAZOS TAMÉ', '41.710241', '-0.999391'),
	('50005276', 'PINTOR PRADILLA', '41.770747', '-0.825696'),
	('50005291', 'SAN BLAS', '41.354455', '-1.036758'),
	('50005331', 'FERNANDO EL CATÓLICO', '41.192028', '-1.287782'),
	('50005422', 'ÁNGEL ESCORIAZA', '41.60764', '-0.824234'),
	('50005483', 'VIRGEN DE GUADALUPE', '41.632074', '-0.914992'),
	('50005495', 'SANSUEÑA', '41.627867', '-0.9101'),
	('50005513', 'SAGRADA FAMILIA', '41.622658', '-0.906354'),
	('50005537', 'MADRE MARÍA ROSA MOLAS', '41.627839', '-0.906287'),
	('50005549', 'BRITÁNICO DE ARAGÓN', '41.589128', '-0.952206'),
	('50005550', 'RICARDO MUR', '41.718776', '-1.024599'),
	('50005562', 'SAN MIGUEL', '41.717663', '-1.026907'),
	('50005574', 'GUSTAVO ADOLFO BÉCQUER', '41.683263', '-1.024039'),
	('50005598', 'JULIÁN NIETO TAPIA', '41.65941', '-0.943783'),
	('50005616', 'SAN ANTONIO', '41.645069', '-0.954141'),
	('50005628', 'SAN ALBERTO MAGNO', '41.663553', '-0.927526'),
	('50005631', 'HERMANOS ARGENSOLA', '41.683147', '-0.825782'),
	('50005641', 'FERNÁNDEZ VIZARRA', '41.700386', '-0.971411'),
	('50005653', 'MAESTRO DON PEDRO ORÓS', '41.649988', '-0.821923'),
	('50005677', 'JUAN PABLO BONET', '41.668399', '-0.839133'),
	('50005690', 'DE MOVERA', '41.63785', '-0.799551'),
	('50005707', 'FLORENCIO JARDIEL', '41.758977', '-0.797703'),
	('50005744', 'ANDRÉS OLIVÁN', '41.716265', '-0.842306'),
	('50005768', 'GUILLERMO FATÁS', '41.670000', '-0.830791'),
	('50005781', 'LA CONCEPCIÓN', '41.668991', '-0.829976'),
	('50005793', 'ÍTACA', '41.672797', '-0.829818'),
	('50005823', 'CONDES DE ARAGÓN', '41.678429', '-0.965013'),
	('50005872', 'MARIANO CASTILLO', '41.685939', '-0.768217'),
	('50005896', 'ANA MAYAYO', '41.654605', '-0.911007'),
	('50005902', 'ANDRÉS MANJÓN', '41.647949', '-0.904047'),
	('50005914', 'RECARTE Y ORNAT', '41.644029', '-0.901522'),
	('50005926', 'CÁNDIDO DOMINGO', '41.659058', '-0.873593'),
	('50005951', 'DOMINGO MIRAL', '41.627021', '-0.890401'),
	('50005963', 'FERNANDO EL CATÓLICO', '41.651042', '-0.927683'),
	('50005975', 'GASCÓN Y MARÍN', '41.649461', '-0.877964'),
	('50005999', 'JERÓNIMO BLANCAS Y TOMÁS', '41.641667', '-0.929499'),
	('50006001', 'JERÓNIMO ZURITA Y CASTRO', '41.664004', '-0.899412'),
	('50006013', 'JOAQUÍN COSTA', '41.651654', '-0.891969'),
	('50006025', 'JOSÉ MARÍA MIR', '41.647398', '-0.906161'),
	('50006037', 'LA JOTA', '41.660183', '-0.858322'),
	('50006049', 'JULIÁN SANZ IBÁÑEZ', '41.647264', '-0.865093'),
	('50006050', 'LUIS VIVES', '41.632126', '-0.88737'),
	('50006074', 'MARCOS FRECHÍN', '41.643667', '-0.865242'),
	('50006128', 'SAN BRAULIO', '41.668557', '-0.873632'),
	('50006141', 'SANTO DOMINGO', '41.65776', '-0.884998'),
	('50006153', 'SAN JOSÉ DE CALASANZ', '41.639189', '-0.878376'),
	('50006165', 'TÍO JORGE', '41.662586', '-0.875318'),
	('50006207', 'CALIXTO ARIÑO-HILARIO VAL', '41.635883', '-0.870849'),
	('50006219', 'EMILIO MORENO CALVETE', '41.653328', '-0.90401'),
	('50006220', 'HILARIÓN GIMENO', '41.659258', '-0.867356'),
	('50006232', 'JUAN XXIII', '41.65547', '-0.89942'),
	('50006281', 'TOMÁS ALVIRA', '41.639458', '-0.866757'),
	('50006311', 'BASILIO PARAÍSO', '41.638406', '-0.893881'),
	('50006414', 'VIRGEN DEL PILAR', '41.625722', '-0.905893'),
	('50006426', 'ADVENTISTA RIGEL', '41.631383', '-0.886841'),
	('50006438', 'LA ALMOZARA', '41.662678', '-0.902709'),
	('50006463', 'LA ANUNCIATA', '41.656756', '-0.891298'),
	('50006529', 'EL BUEN PASTOR', '41.629999', '-0.881727'),
	('50006542', 'CALASANCIO', '41.639175', '-0.888499'),
	('50006554', 'CALASANZ', '41.652952', '-0.883361'),
	('50006566', 'CARDENAL XAVIERRE', '41.642049', '-0.895452'),
	('50006578', 'CANTÍN Y GAMBOA', '41.648005', '-0.878017'),
	('50006581', 'COLEGIO MONTESSORI', '41.644913', '-0.889077'),
	('50006633', 'COMPAÑÍA DE MARÍA', '41.649646', '-0.886266'),
	('50006669', 'CRISTO REY', '41.686745', '-0.868839'),
	('50006670', 'CHILDREN', '41.677383', '-0.871884'),
	('50006682', 'DIVINA PASTORA', '41.635194', '-0.888417'),
	('50006700', 'DON BOSCO', '41.657441', '-0.855479'),
	('50006724', 'LICEO EUROPA', '41.617831', '-0.907522'),
	('50006736', 'LYCÉE FRANÇAIS MOLIÈRE', '41.662124', '-0.882522'),
	('50006751', 'ESCUELAS PÍAS', '41.654774', '-0.885996'),
	('50006761', 'ESCUELAS PÍAS DE SANTA ENGRACIA', '41.633515', '-0.871056'),
	('50006797', 'PADRE ENRIQUE DE OSSÓ', '41.646852', '-0.915482'),
	('50006803', 'MARÍA INMACULADA', '41.651055', '-0.919927'),
	('50006815', 'LA SALLE FRANCISCANAS', '41.639713', '-0.894478'),
	('50006840', 'HIJAS DE SAN JOSÉ', '41.649043', '-0.901198'),
	('50006888', 'INMACULADA CONCEPCIÓN', '41.646592', '-0.874974'),
	('50006931', 'JESÚS REPARADOR', '41.64976', '-0.878557'),
	('50007005', 'MADRE DE DIOS DE BEGOÑA', '41.651634', '-0.90774'),
	('50007017', 'MARÍA AUXILIADORA', '41.636003', '-0.880405'),
	('50007042', 'LA MILAGROSA', '41.635058', '-0.88616'),
	('50007066', 'MONTEARAGÓN', '41.626898', '-0.904922'),
	('50007078', 'AGUSTÍN GERICÓ', '41.639364', '-0.87296'),
	('50007133', 'NTRA. SRA. DEL CARMEN', '41.645649', '-0.881106'),
	('50007157', 'NTRA. SRA. DEL CARMEN Y SAN JOSÉ', '41.656094', '-0.891331'),
	('50007194', 'NTRA. SRA. DE LA MERCED', '41.638013', '-0.886406'),
	('50007236', 'SALESIANO NTRA. SRA.DEL PILAR', '41.644635', '-0.903298'),
	('50007248', 'TERESIANO DEL PILAR', '41.674403', '-0.960046'),
	('50007327', 'EL PILAR-MARISTAS', '41.668708', '-0.882163'),
	('50007352', 'POMPILIANO', '41.636004', '-0.890966'),
	('50007376', 'LA PURÍSIMA PARA NIÑOS SORDOS', '41.644673', '-0.898937'),
	('50007388', 'LA PURÍSIMA Y SAN ANTONIO', '41.657869', '-0.867757'),
	('50007421', 'SAGRADO CORAZÓN', '41.646867', '-0.878134'),
	('50007431', 'SAGRADO CORAZÓN DE JESÚS', '41.671563', '-0.882797'),
	('50007467', 'LA SALLE FRANCISCANAS GRAN VÍA', '41.640048', '-0.893195'),
	('50007479', 'LA SALLE MONTEMOLÍN', '41.637115', '-0.870835'),
	('50007492', 'LA SALLE-SANTO ANGEL', '41.632376', '-0.927796'),
	('50007509', 'SAN AGUSTÍN', '41.641267', '-0.881761'),
	('50007534', 'SAN ANTONIO DE PADUA', '41.634271', '-0.886748'),
	('50007613', 'BOSQUE TERNURA', '41.654011', '-0.920907'),
	('50007674', 'ATADES, CENTRO DE EDUCACIÓN ESPECIAL SAN MARTÍN DE PORRES', '41.632791', '-0.891036'),
	('50007716', 'SAN VALERO', '41.66999', '-0.878909'),
	('50007728', 'SAN VICENTE DE PAÚL', '41.653776', '-0.875114'),
	('50007731', 'SANTA ANA', '41.628708', '-0.871074'),
	('50007777', 'SANTA MAGDALENA SOFÍA', '41.636263', '-0.925604'),
	('50007789', 'SANTA MARÍA DEL PILAR', '41.626279', '-0.900544'),
	('50007790', 'SANTA MARÍA REINA', '41.644198', '-0.905012'),
	('50007807', 'SANTA ROSA', '41.651483', '-0.883786'),
	('50007856', 'OBRA DIOCESANA SANTO DOMINGO DE SILOS', '41.646462', '-0.860012'),
	('50007996', 'VILLA CRUZ', '41.632909', '-0.886549'),
	('50008034', 'BAJO ARAGÓN', '41.638845', '-0.863349'),
	('50008125', 'CORONA DE ARAGÓN', '41.643394', '-0.897516'),
	('50008149', 'EUGENIO LÓPEZ Y LÓPEZ', '41.664858', '-0.873879'),
	('50008174', 'MIGUEL SERVET', '41.635131', '-0.889307'),
	('50008186', 'RAMÓN PIGNATELLI', '41.644644', '-0.923391'),
	('50008198', 'GOYA', '41.642748', '-0.891126'),
	('50008277', 'JERÓNIMO ZURITA', '41.644705', '-0.909093'),
	('50008289', 'PEDRO DE LUNA', '41.652495', '-0.873021'),
	('50008332', 'ROMAREDA', '41.633738', '-0.905856'),
	('50008344', 'ESCOLANÍA INFANTES DEL PILAR', '41.65703', '-0.879593'),
	('50008356', 'CESÁREO ALIERTA', '41.637709', '-0.905329'),
	('50008368', 'DOCTOR AZÚA', '41.637709', '-0.905329'),
	('50008371', 'CÉSAR AUGUSTO', '41.636817', '-0.906248'),
	('50008381', 'ELISEO GODOY BELTRÁN', '41.635884', '-0.905461'),
	('50008459', 'EL PORTILLO', '41.65538', '-0.900508'),
	('50008460', 'LUIS BUÑUEL', '41.663178', '-0.8957'),
	('50008514', 'ESCUELA DE ARTE DE ZARAGOZA', '41.648844', '-0.878101'),
	('50008587', 'ODÓN DE BUEN', '41.867073', '-0.788441'),
	('50008605', 'NTRA. SRA. DEL PILAR', '41.871654', '-0.792327'),
	('50008617', 'SAN GABRIEL', '41.872479', '-0.755411'),
	('50008629', 'E.F.A. EL SALTO', '41.933717', '-0.761356'),
	('50008630', 'CEDES', '41.766474', '-0.782896'),
	('50008642', 'MARÍA MOLINER', '41.650262', '-0.927717'),
	('50008654', 'CEFOR IZQUIERDO', '41.639138', '-0.880003'),
	('50008666', 'AUGUSTA BÍLBILIS', '41.351285', '-1.649232'),
	('50008678', 'RECTOR MAMÉS ESPERABÉ', '42.128487', '-1.130205'),
	('50008691', 'RAMIRO SOLÁNS', '41.652459', '-0.924027'),
	('50008770', 'RÍO ARBA', '41.915144', '-1.255668'),
	('50008782', 'SANTA ENGRACIA', '41.940016', '-1.325585'),
	('50008915', 'SAN GERMÁN', '41.699326', '-0.867436'),
	('50008952', 'RAMÓN Y CAJAL', '41.590391', '-0.928961'),
	('50008964', 'MONTESSORI', '41.63786', '-0.904462'),
	('50008976', 'ANTONIO MACHADO', '41.678919', '-0.963227'),
	('50009026', 'LICEO EUROPA', '41.617831', '-0.907522'),
	('50009051', 'PLUS ULTRA', '41.645794', '-0.887426'),
	('50009129', 'CINCO VILLAS', '42.122928', '-1.137662'),
	('50009142', 'HEIDI', '41.639783', '-0.86953'),
	('50009166', 'JOSÉ MANUEL BLECUA', '41.625069', '-0.879251'),
	('50009178', 'PABLO GARGALLO', '41.634367', '-0.872765'),
	('50009208', 'TORRE RAMONA', '41.644037', '-0.86163'),
	('50009211', 'FÉLIX DE AZARA', '41.653905', '-0.91687'),
	('50009221', 'SANTA AGATOCLIA', '41.375533', '0.304468'),
	('50009324', 'O.S.C.U.S.', '41.6566', '-0.891811'),
	('50009348', 'AVEMPACE', '41.677064', '-0.877718'),
	('50009361', 'JUAN DE LANUZA', '41.662207', '-0.967656'),
	('50009373', 'JOSÉ CAMÓN AZNAR', '41.657499', '-0.916725'),
	('50009385', 'ZALFONADA', '41.677064', '-0.877718'),
	('50009397', 'TENERÍAS', '41.653626', '-0.870856'),
	('50009403', 'LAS FUENTES', '41.648712', '-0.864709'),
	('50009415', 'GLORIA ARENILLAS', '41.668796', '-0.843652'),
	('50009452', 'MARÍA MOLINER', '41.633074', '-0.873851'),
	('50009488', 'LOS PUEYOS', '41.685669', '-0.772219'),
	('50009531', 'RAMÓN SÁINZ DE VARANDA', '41.625506', '-0.881817'),
	('50009543', 'BENJAMÍN JARNÉS', '41.508583', '-0.630957'),
	('50009567', 'RÍO GÁLLEGO', '41.668796', '-0.843652'),
	('50009580', 'MIRAFLORES', '41.641593', '-0.877277'),
	('50009592', 'GALLICUM', '41.860148', '-0.790861'),
	('50009646', 'EL CARIÑO', '41.713229', '-1.039659'),
	('50009725', 'CODEF', '41.650933', '-0.907737'),
	('50009749', 'LA ESTRELLA', '41.663407', '-0.858024'),
	('50009762', 'Nº 1', '41.642264', '-0.904909'),
	('50009786', 'ANTONIO MARTÍNEZ GARAY', '41.724808', '-1.034265'),
	('50009804', 'J.R. SANTA MARÍA', '41.652119', '-0.876526'),
	('50009889', 'ACADEMIA MARCO', '41.654216', '-0.885277'),
	('50009944', 'MONSALUD', '41.653299', '-0.913377'),
	('50009993', 'CONCEPCIÓN ARENAL', '41.651106', '-0.876317'),
	('50010028', 'ALAÚN', '41.770968', '-1.12058'),
	('50010041', 'PEDRO CERRADA', '41.711409', '-1.000898'),
	('50010144', 'PABLO SERRANO', '41.644209', '-0.86338'),
	('50010156', 'MIRALBUENO', '41.660318', '-0.941391'),
	('50010168', 'CONDES DE ARAGÓN', '41.638928', '-0.905124'),
	('50010171', 'HERMANOS MARX', '41.677423', '-0.883092'),
	('50010181', 'HISPANIDAD', '41.64604', '-0.921774'),
	('50010193', 'PUERTA DE SANCHO', '41.662573', '-0.900051'),
	('50010247', 'SANTA ANA', '41.19244', '-1.302952'),
	('50010272', 'EL SALVADOR', '41.632087', '-0.900363'),
	('50010284', 'COMUNIDAD DE DAROCA', '41.110735', '-1.420173'),
	('50010296', 'INFANTA ELENA', '41.713175', '-1.022299'),
	('50010302', 'FRANCISCO GRANDE COVIÁN', '41.642406', '-0.861938'),
	('50010314', 'LOS ENLACES', '41.645009', '-0.922143'),
	('50010326', 'DE ARAGÓN', '41.6350403', '-0.9123762'),
	('50010387', 'ALBORADA', '41.667477', '-0.894017'),
	('50010399', 'RÍO EBRO', '41.669043', '-0.894822'),
	('50010430', 'PABLO BRUNA', '41.114431', '-1.412591'),
	('50010442', 'NICCOLO PAGANINI', '41.650174', '-0.881867'),
	('50010454', 'ADAGIO', '41.644196', '-0.884589'),
	('50010478', 'CIUDAD DE ZARAGOZA', '41.647978', '-0.914962'),
	('50010481', 'CORTES DE ARAGÓN', '41.664912', '-0.881467'),
	('50010491', 'SANTIAGO HERNÁNDEZ', '41.657247', '-0.916864'),
	('50010511', 'TIEMPOS MODERNOS', '41.677423', '-0.883092'),
	('50010533', 'CABAÑAS', '41.471984', '-1.370795'),
	('50010727', 'ELAIOS', '41.668165', '-0.894449'),
	('50010739', 'PILAR LORENGAR', '41.659918', '-0.860813'),
	('50010740', 'FERNANDO LÁZARO CARRETER', '41.676813', '-0.882965'),
	('50010764', 'ALEJO LORÉN ALBAREDA', '41.232527', '-0.046279'),
	('50010818', 'MARCO VALERIO MARCIAL', '41.350311', '-1.643867'),
	('50010821', 'RICARDO SOLA ALMAU', '41.336703', '-1.222554'),
	('50010831', 'JOAQUÍN COSTA', '41.236598', '-0.04345'),
	('50010843', 'EXEA', '42.128034', '-1.134144'),
	('50010855', 'EMILIO NAVARRO', '41.711373', '-1.004625'),
	('50010867', 'MIGUEL HERNÁNDEZ', '41.719251', '-1.025505'),
	('50010879', 'MARGEN IZQUIERDA', '41.655474', '-0.866433'),
	('50010880', 'JUAN JOSÉ LORENTE', '41.645817', '-0.914151'),
	('50010892', 'JOHAN FERRÁNDEZ D\'HEREDIA', '41.350311', '-1.643867'),
	('50010909', 'DE EJEA DE LOS CABALLEROS', '42.128034', '-1.134144'),
	('50010910', 'SANTA CECILIA', '41.640399', '-0.890945'),
	('50010922', 'DE TARAZONA', '41.90571', '-1.726667'),
	('50010946', 'ANDALÁN', '41.660598', '-0.903868'),
	('50010958', 'MIGUEL DE MOLINOS', '41.673753', '-0.896617'),
	('50010961', 'SIERRA DE LA VIRGEN', '41.538286', '-1.62478'),
	('50010995', 'MEDINA ALBAIDA', '41.646566', '-0.876897'),
	('50011008', 'RODANAS', '41.607717', '-1.297413'),
	('50011021', 'EL PÓSITO', '41.904716', '-1.728348'),
	('50011033', 'DE UTEBO', '41.71132', '-0.997078'),
	('50011045', 'DE TARAZONA', '41.903926', '-1.723678'),
	('50011057', 'LA ALFRANCA', '41.643578', '-0.81751'),
	('50011069', 'ÁNGEL SANZ BRIZ', '41.722608', '-1.025458'),
	('50011070', 'SIGLO XXI', '41.783284', '-1.224673'),
	('50011100', 'SAGRADO CORAZÓN-MONCAYO', '41.63754', '-0.909847'),
	('50011124', 'DE LUMPIAQUE', '41.632475', '-1.300112'),
	('50011136', 'EL ENEBRO', '41.443536', '-1.563071'),
	('50011148', 'ARANDA-ISUELA', '41.546944', '-1.649014'),
	('50011151', 'TRES RIBERAS', '41.286759', '-1.617363'),
	('50011161', 'RÍO RIBOTA', '41.44423', '-1.707099'),
	('50011173', 'EL MIRADOR', '41.397492', '-1.829568'),
	('50011185', 'MESA-PIEDRA-ALTO CAMPILLO', '41.215724', '-1.833712'),
	('50011197', 'CERRO DE SANTA CRUZ', '41.054938', '-1.558398'),
	('50011203', 'L\' ALBARDÍN', '41.258917', '-0.873176'),
	('50011215', 'MONLORA', '42.115953', '-0.948791'),
	('50011227', 'BÉCQUER', '41.948743', '-1.6973'),
	('50011239', 'ÍNSULA BARATARIA', '41.766409', '-1.172933'),
	('50011240', 'LUIS BUÑUEL', '42.197623', '-1.336436'),
	('50011252', 'ZAURÍN', '41.331869', '-1.789888'),
	('50011264', 'DE ZARAGOZA', '41.6543', '-0.8745'),
	('50011288', 'CASTILLO QADRIT', '41.559814', '-0.964642'),
	('50011291', 'LAS VIÑAS', '41.759738', '-1.472296'),
	('50011306', 'MATEO VALERO', '41.409136', '-1.179779'),
	('50011318', 'PUERTA DE ARAGÓN', '41.31013', '-2.060151'),
	('50011321', 'L\' ALBADA', '41.497516', '-0.147113'),
	('50011331', 'MARÍA MOLINER', '41.569052', '-0.741541'),
	('50011343', 'FABARA-NONASPE DOS AGUAS', '41.176453', '0.165328'),
	('50011355', 'DEL EBRO', '41.41012', '-0.45766'),
	('50011367', 'VICORT-ISUELA', '41.415818', '-1.492948'),
	('50011379', 'LA HUECHA', '41.628265', '-0.891363'),
	('50011380', 'ORBA', '41.466656', '-1.085827'),
	('50011392', 'LA CEPA', '41.249604', '-1.154729'),
	('50011409', 'LA SABINA', '41.575446', '-0.648784'),
	('50011410', 'LOS BAÑALES', '42.28086', '-1.271326'),
	('50011422', 'BAJO GÁLLEGO', '41.798116', '-0.609406'),
	('50011434', 'DE FUENTES DE EBRO', '41.514701', '-0.636016'),
	('50011446', 'GÓMEZ LAFUENTE', '41.65655', '-0.883897'),
	('50011458', 'CASA CANAL', '41.635566', '-0.885507'),
	('50011461', 'ALFINDÉN', '41.632581', '-0.754815'),
	('50011471', 'DE LA ALMUNIA DE DOÑA GODINA', '41.475753', '-1.375844'),
	('50011483', 'DE DAROCA', '41.114339', '-1.415346'),
	('50011495', 'CONSERVATORIO MUNICIPAL ELEMENTAL MÚSICA', '41.639323', '-0.899973'),
	('50011501', 'CONSERVATORIO MUNICIPAL PROFESIONAL DE DANZA', '41.639323', '-0.899973'),
	('50011513', 'TUBALCAÍN', '41.908006', '-1.720792'),
	('50011525', 'MIGUEL CATALÁN', '41.633728', '-0.902072'),
	('50011537', 'RINCÓN DE GOYA', '41.630469', '-0.898715'),
	('50011549', 'ESCUELA DE MÚSICA Y DANZA', '41.640584', '-0.902853'),
	('50011550', 'RAMÓN Y CAJAL', '41.655', '-0.890441'),
	('50011562', 'ANTONIO BELTRÁN MARTÍNEZ', '41.645419', '-0.9159'),
	('50011574', 'CPA-SALDUIE', '41.661922', '-0.882546'),
	('50011598', 'SANTA MARÍA', '41.651432', '-0.8772'),
	('50011604', 'CITTÁ DI ROMA', '41.638776', '-0.872595'),
	('50011616', 'ALFRED', '41.650232', '-0.899966'),
	('50011628', 'TIC TAC', '41.656307', '-0.864743'),
	('50011631', 'MARCO ALDANY TALLER DE PELUQUEROS', '41.65367', '-0.885148'),
	('50011641', 'ANGEL MINGOTE', '41.639371', '-0.907315'),
	('50011653', 'RUBINSTEIN', '41.65208', '-0.907773'),
	('50011665', 'MAR DE ARAGÓN', '41.123885', '0.137145'),
	('50011677', 'VALLE DEL HUECHA', '41.901859', '-1.418404'),
	('50011689', 'BAJO CINCA', '41.375533', '0.304468'),
	('50011690', 'REYES CATÓLICOS', '42.285218', '-1.27125'),
	('50011707', 'BENJAMÍN JARNÉS', '41.323226', '-0.345549'),
	('50011719', 'BENJAMÍN JARNÉS', '41.306595', '-0.758329'),
	('50011720', 'MAR DE ARAGÓN', '41.496685', '-0.154067'),
	('50011732', 'MAR DE ARAGÓN', '41.233402', '-0.043817'),
	('50011756', 'PELUCHE', '41.638882', '-0.898575'),
	('50011768', 'LA CASITA DE NANY', '41.676338', '-0.892011'),
	('50011771', 'GARRAPINIÑOS', '41.682558', '-1.025454'),
	('50011781', 'VALLE DE TENA', '41.632277', '-0.903218'),
	('50011793', 'ARTE-MISS ZARAGOZA, CENTRO 1', '41.653074', '-0.903893'),
	('50011801', 'JOSÉ ANTONIO LABORDETA SUBÍAS', '41.677622', '-0.897084'),
	('50011811', 'CHIQUITINES II', '41.6696017', '-0.8391124'),
	('50011847', 'JOSEFA AMAR Y BORBÓN', '41.674533', '-0.88304'),
	('50011872', 'VILLACAMPA', '41.66036', '-0.874775'),
	('50017001', 'ANDARINES', '41.67626', '-0.878037'),
	('50017011', 'EDUCANDO', '41.659745', '-0.901015'),
	('50017023', 'ALMOZARA', '41.660174', '-0.902118'),
	('50017035', 'DE BIOTA', '42.262231', '-1.18939'),
	('50017047', 'ACTUR', '41.668007', '-0.884156'),
	('50017059', 'CENTRO DE DISEÑO HACER CREATIVO', '41.638303', '-0.908085'),
	('50017060', 'FEDERICO CHOPÍN', '41.65227', '-0.897323'),
	('50017072', 'PARQUE GOYA', '41.681156', '-0.872339'),
	('50017084', 'PEQUEAYUD', '41.35073', '-1.646778'),
	('50017096', 'ARSENIO JIMENO', '41.665786', '-0.8923'),
	('50017102', 'Nº 1', '41.651042', '-0.927683'),
	('50017114', 'FERNANDO LÁZARO CARRETER', '41.865742', '-0.79048'),
	('50017126', 'DE ALCAÑIZ', '41.233402', '-0.043817'),
	('50017138', 'LA PEQUEÑA COMETA', '41.671759', '-0.885435'),
	('50017141', 'ZAGALICOS', '41.209849', '-1.084838'),
	('50017151', 'DE CALATORAO', '41.524505', '-1.345139'),
	('50017163', 'FUNDACIÓN EL REFUGIO', '41.651106', '-0.892309'),
	('50017175', 'NTRA. SRA. DE LOS DOLORES', '41.641861', '-0.870615'),
	('50017187', 'MIGUEL ARNAUDAS', '41.769351', '-1.121425'),
	('50017199', 'ESCUELA DE MÚSICA', '41.708457', '-1.000432'),
	('50017205', 'NUESTRA SEÑORA DE LA ROSA', '41.718116', '-1.026056'),
	('50017217', 'ALDEAS INFANTILES SOS DE ESPAÑA', '41.691805', '-0.77387'),
	('50017229', 'BOLANDRINA', '41.653604', '-0.877748'),
	('50017230', 'ESCUELA DE MÚSICA', '42.122817', '-1.142697'),
	('50017242', 'EL CARMEN', '41.652052', '-0.890556'),
	('50017254', 'SIERVAS DE LOS POBRES', '41.625373', '-0.880846'),
	('50017266', 'MUÑECOS', '41.627794', '-0.891551'),
	('50017278', 'ESCUELA DE MÚSICA', '41.486753', '-0.528694'),
	('50017281', 'JOSÉ DE NEBRA', '41.35465', '-1.640585'),
	('50017291', 'NUESTRA SEÑORA DE LA PAZ', '41.627379', '-0.875548'),
	('50017308', 'LA VIRGEN NIÑA', '41.629251', '-0.890771'),
	('50017311', 'DE ARAGÓN', '41.648844', '-0.878101'),
	('50017321', 'DE PINSEQUE', '41.735794', '-1.099528'),
	('50017333', 'SOLETES', '41.666536', '-0.826896'),
	('50017345', 'EL MANZANO', '41.671504', '-0.893319'),
	('50017357', 'PIVOT POINT CENTER ROMERO II', '41.658144', '-0.893395'),
	('50017369', 'ANGEL RIVIÈRE', '41.661587', '-0.883011'),
	('50017370', 'ESCUELA POPULAR DE MÚSICA', '41.654313', '-0.879413'),
	('50017382', 'CHICOTES', '41.653983', '-0.858911'),
	('50017394', 'JUNQUICOS', '41.633292', '-0.749108'),
	('50017400', 'PABLO NASSARRE', '41.63553', '-0.885927'),
	('50017412', 'ESCUELA DE MÚSICA', '41.478506', '-1.371935'),
	('50017424', 'TAMBOR', '41.665338', '-0.889665'),
	('50017448', 'GIL TARÍN', '41.581116', '-1.116507'),
	('50017451', 'PARQUE EUROPA', '41.702493', '-0.998783'),
	('50017461', 'CHIP Y CHOP', '41.672443', '-0.876535'),
	('50017485', 'COLUMBUS', '41.646536', '-0.885995'),
	('50017497', 'EL OSO DEL PARQUE', '41.650701', '-0.867685'),
	('50017503', 'OCÉANO ATLÁNTICO', '41.662287', '-0.874273'),
	('50017515', 'CENTRO NACIONAL DE ESTUDIOS E INVESTIGACIÓN DE FÚTBOL SALA (CENEIFS)', '41.66999', '-0.878909'),
	('50017527', 'PIRINEOS', '41.666013', '-0.872511'),
	('50017539', 'LOS VIENTOS', '41.674533', '-0.88304'),
	('50017540', 'DE LA ALMUNIA DE DOÑA GODINA', '41.476407', '-1.375982'),
	('50017552', 'DE TAUSTE', '41.917086', '-1.254357'),
	('50017564', 'DE SANTA ENGRACIA', '41.940206', '-1.326506'),
	('50017576', 'DE SABIÑÁN', '41.442657', '-1.562911'),
	('50017588', 'PEQUES', '41.829481', '-0.765676'),
	('50017591', 'ENCLAVE DE AR-T', '41.642997', '-0.874027'),
	('50017606', 'LA COMETA', '41.702493', '-0.998783'),
	('50017618', 'ESCUELA MUNICIPAL DE MÚSICA', '42.358382', '-1.135345'),
	('50017631', 'DE ALAGÓN', '41.77228', '-1.124615'),
	('50017643', 'LA CARTUJA BAJA', '41.605997', '-0.824012'),
	('50017655', 'EL POMILLO', '41.816741', '-1.518598'),
	('50017667', 'DIEGO ESCOLANO', '41.400496', '-1.168243'),
	('50017679', 'PABLO LUNA', '41.297499', '-1.889292'),
	('50017680', 'RAMÓN Y CAJAL', '41.487889', '-0.529565'),
	('50017692', 'DE MALLÉN', '41.901859', '-1.418404'),
	('50017709', 'DE GALLUR', '41.868454', '-1.316828'),
	('50017710', 'MONTECANAL', '41.627899', '-0.932397'),
	('50017722', 'CENTRO DE TECNIFICACIÓN DE LA FEDERACIÓN ARAGONESA DE FÚTBOL (CETEFA)', '41.644635', '-0.903298'),
	('50017734', 'LAS BALSAS', '41.870857', '-0.785064'),
	('50017746', 'DE CASPE', '41.233645', '-0.046899'),
	('50017758', 'PINOCHO', '41.114887', '-1.41064'),
	('50017761', 'CENTRO NACIONAL DE ESTUDIOS DE TÉCNICOS DEPORTIVOS (CENETED). ESPECIALIDAD FÚTBOL', '41.837413', '-1.178261'),
	('50017771', 'PEQUENINOS', '41.624902', '-0.909945'),
	('50017783', 'ARCO-IRIS', '41.557131', '-0.961547'),
	('50017795', 'EVARISTO BERNAL', '41.767671', '-0.821367'),
	('50017801', 'CU CU-TAS TAS', '41.663056', '-0.882324'),
	('50017813', 'ZARADUENDES', '41.66581', '-0.827335'),
	('50017825', 'DE ESCATRÓN', '41.289411', '-0.32314'),
	('50017837', 'DE TARAZONA', '41.905968', '-1.720229'),
	('50017849', 'EL TREN CHU-CHU', '41.659535', '-0.873126'),
	('50017850', 'EL DUENDE DEL BOSQUE', '41.718071', '-1.025153'),
	('50017862', 'AGUSTINA DE ARAGÓN', '41.687976', '-0.873452'),
	('50017874', 'EL ESPARTIDERO', '41.669392', '-0.822729'),
	('50017886', 'LA AZUCARERA', '41.665516', '-0.870273'),
	('50017898', 'REINO DE ARAGÓN', '41.631893', '-0.757091'),
	('50017904', 'GALO PONTE', '41.833817', '-0.764892'),
	('50017916', 'SAN ROQUE', '41.534892', '-0.999728'),
	('50017931', 'LA COMETA', '41.57122', '-0.742055'),
	('50017941', 'EL BARQUITO DE PAPEL', '41.649599', '-0.906569'),
	('50017953', 'BLANCANIEVES', '41.285939', '-1.618524'),
	('50017965', 'DE BOQUIÑENI', '41.849568', '-1.252269'),
	('50017977', 'DE BREA DE ARAGÓN', '41.523596', '-1.59863'),
	('50017989', 'NERTÓBRIGA', '41.511596', '-1.400778'),
	('50017990', 'MI MUNDO', '41.53861', '-0.99691'),
	('50018003', 'ESCUELA ARAGONESA DE ENTRENADORES DE ATLETISMO', '41.682979', '-0.889643'),
	('50018015', 'KARACOL', '41.682061', '-0.871548'),
	('50018027', 'DE SÁDABA', '42.285218', '-1.27125'),
	('50018039', 'ISABEL DE ARAGÓN', '41.598921', '-1.276854'),
	('50018040', 'NUESTRA SEÑORA DE LORETO', '41.663129', '-0.988297'),
	('50018052', 'PATINETE', '41.64556', '-0.895433'),
	('50018064', 'MI COLE', '41.649933', '-0.933329'),
	('50018076', 'PEQUENINOS MONTES DEL CANAL', '41.635919', '-0.945647'),
	('50018088', 'FRANCISCA GIL DE LA RIVA', '41.47713', '-1.568071'),
	('50018091', 'COLORADO COLORÍN', '41.31013', '-2.060151'),
	('50018106', 'DE MAELLA', '41.123482', '0.137984'),
	('50018118', 'DE QUINTO', '41.426297', '-0.496434'),
	('50018121', 'OCTAVUS', '41.704491', '-0.995238'),
	('50018131', 'JEAN PIAGET', '41.687976', '-0.873452'),
	('50018143', 'LUCIEN BRIET', '41.670992', '-0.874558'),
	('50018155', 'MOLINER', '41.639371', '-0.883962'),
	('50018167', 'DUENDEDUCA', '41.675177', '-0.877615'),
	('50018179', 'LA RUELLA', '41.376634', '0.302504'),
	('50018180', 'LA PARVADICA', '41.739284', '-1.036323'),
	('50018192', 'LA PIRAÑA', '41.644903', '-0.86962'),
	('50018209', 'ZAGALICOS', '41.706009', '-0.997598'),
	('50018210', 'ARCO IRIS', '41.335867', '-1.183788'),
	('50018222', 'LA PAZ', '41.625482', '-0.876946'),
	('50018234', 'LA LOCOMOTORA', '41.660209', '-0.870919'),
	('50018246', 'VALDESPARTERA', '41.623872', '-0.916836'),
	('50018258', 'MARIE CURIE', '41.659517', '-0.863937'),
	('50018261', 'MIRALBUENO', '41.656325', '-0.932817'),
	('50018271', 'ROSALES DEL CANAL', '41.634774', '-0.940607'),
	('50018295', 'ZARAPEQUES', '41.657767', '-0.932184'),
	('50018301', 'BALTASAR GONZÁLEZ', '41.834914', '-1.528175'),
	('50018313', 'ZAGALICOS', '41.775055', '-0.821204'),
	('50018325', 'GLORIA FUERTES', '42.126094', '-1.140359'),
	('50018337', 'EL TREN', '41.659467', '-0.897418'),
	('50018349', 'LOS IBONES', '41.652', '-0.931106'),
	('50018350', 'BRIOLETAS', '41.668991', '-0.829976'),
	('50018362', 'MARÍA URREA', '41.676656', '-0.897628'),
	('50018374', 'LA PAZ', '41.628511', '-0.874084'),
	('50018386', 'EL ARKA ', '41.633861', '-0.875797'),
	('50018398', 'ZAGALINES', '41.657839', '-0.869551'),
	('50018404', 'DE FUENDEJALÓN', '41.761403', '-1.472462'),
	('50018416', 'PARQUE GOYA', '41.687976', '-0.873452'),
	('50018428', 'TORRE DE LOS ESPEJOS', '41.703877', '-0.99351'),
	('50018431', 'CUÉNTAME', '41.686932', '-0.875429'),
	('50018441', 'DE FUENTES DE EBRO', '41.508873', '-0.628646'),
	('50018453', 'LAS TORRES DE MONTECANAL', '41.632376', '-0.927796'),
	('50018465', 'DE NOVILLAS', '41.9349494', '-1.3940513'),
	('50018477', 'DE JARABA', '41.1916266', '-1.8847602'),
	('50018489', 'EL CASTILLO', '41.1748253', '-0.4505459'),
	('50018490', 'PEDUGUINES', '41.6306979', '-0.7522846'),
	('50018507', 'JUEGO Y APRENDO', '41.6562873', '-0.8765379'),
	('50018519', 'CHIQUILINES', '41.6228176', '-0.9176951'),
	('50018520', 'DE LUCENI', '41.8297842', '-1.24342'),
	('50018532', 'LA CUNICA', '41.7442721', '-1.0719632'),
	('50018544', 'MIMOSINES', '41.5933991', '-0.681392'),
	('50018556', 'LUIS MANUEL GARCÍA URREA', '41.6452054', '-0.8888196'),
	('50018568', 'PLAZA', '41.648186', '-0.996796'),
	('50018571', 'LA JOTA 2', '41.6621136', '-0.8575046'),
	('50018581', 'CHIRIBILLAS', '41.4367998', '-1.243137'),
	('50018593', 'DE ALPARTIR', '41.4231809', '-1.3804526'),
	('50018601', 'GARABATOS', '41.3092958', '-0.7503189'),
	('50018611', 'DE MORATA DE JALÓN', '41.4749976', '-1.4724816'),
	('50018623', 'PASICOS', '41.4635139', '-1.0864375'),
	('50018635', 'REINA BERTA', '42.3340163', '-0.7447606'),
	('50018647', 'DE ONTINAR DE SALZ', '41.9349808', '-0.7574669'),
	('50018659', 'RENACUAJOS', '41.6182415', '-0.7817926'),
	('50018660', 'DE UNCASTILLO', '42.3629083', '-1.1301742'),
	('50018672', 'LA ESTRELLA', '41.7111003', '-1.0105612'),
	('50018684', 'LOS ZAGALES', '41.5755405', '-0.6484398'),
	('50018696', 'RISETAS', '41.7028228', '-0.9953251'),
	('50018702', 'KID\'S GARDEN REYES DE ARAGÓN', '41.6257584', '-0.9069673'),
	('50018714', 'GARNACHICA', '41.8171419', '-1.517929'),
	('50018726', 'LA SOLANA', '41.3300067', '-1.7954665'),
	('50018738', 'DE LECIÑENA', '41.7970411', '-0.6109599'),
	('50018741', 'DE PERDIGUERA', '41.7535665', '-0.633337'),
	('50018751', 'DE BUJARALOZ', '41.4986911', '-0.1524316'),
	('50018763', 'DE COSUENDA', '41.3635871', '-1.2976562'),
	('50018775', 'DE ILLUECA', '41.5401397', '-1.6261405'),
	('50018787', 'ARCO-IRIS', '41.8300564', '-1.459793'),
	('50018799', 'DE PEDROLA', '41.7897533', '-1.215297'),
	('50018805', 'POMPITAS', '41.8327297', '-0.765731'),
	('50018817', 'CATALINA DE ARAGÓN', '41.689086', '-0.878708'),
	('50018829', 'CORONA DE ARAGÓN', '41.6436074', '-0.897326'),
	('50018830', 'VADORREY-LES ALLÉES', '41.657101', '-0.857123'),
	('50018842', 'ÍTACA', '41.633294', '-0.7491811'),
	('50018854', 'MAGIC FOREST', '41.7046926', '-0.9973482'),
	('50018866', 'MONIGOTES', '41.6457122', '-0.8942365'),
	('50018878', 'EL BOSQUE', '41.654924', '-0.8729462'),
	('50018881', 'EL ANDÉN', '41.6512479', '-0.8957663'),
	('50018891', 'LAS HABLILLAS', '41.5889882', '-0.942977'),
	('50018908', 'PALMAS PALMITAS', '41.5431736', '-0.9956047'),
	('50018911', 'LA CUEVA ENCANTADA', '41.6135174', '-0.7056319'),
	('50018921', 'Zagalines', '41.2974999', '-1.8892938'),
	('50018933', 'MARGARITA', '41.3546234', '-1.6389501'),
	('50018945', 'DE LÉCERA', '41.2047224', '-0.7088003'),
	('50018957', 'DE LONGARES', '41.4022364', '-1.1698946'),
	('50018969', 'DE LA DELEGACIÓN ESPECIAL DE ECONOMÍA Y HACIENDA DE ARAGÓN', '41.6502654', '-0.8865201'),
	('50018970', 'DE EJEA DE LOS CABALLEROS (BARDENAS)', '42.1780486', '-1.1991547'),
	('50018982', 'DE EJEA DE LOS CABALLEROS (PINSORO)', '42.1927481', '-1.336047'),
	('50018994', 'DE EJEA DE LOS CABALLEROS (SANTA ANASTASIA)', '42.1391977', '-1.2289927'),
	('50019007', 'NENETES', '41.6604191', '-0.9331949'),
	('50019019', 'JULIO VERNE', '41.657422', '-0.92411'),
	('50019020', 'VALDESPARTERA', '41.6250652', '-0.9293576'),
	('50019032', 'ZAGALICOS', '41.3403078', '-1.2683784'),
	('50019044', 'DE LUMPIAQUE', '41.631835', '-1.300592'),
	('50019056', 'EL JARDINCILLO', '41.2863604', '-1.2128154'),
	('50019068', 'DE TORRES DE BERRELLÉN', '41.7710404', '-1.124615'),
	('50019071', 'ADES CENTRO TECNOLÓGICO', '41.8936324', '-1.7080405'),
	('50019081', 'VALDESPARTERA II', '41.614995', '-0.92591'),
	('50019093', 'LAS FÁBULAS', '41.5918628', '-0.9327028'),
	('50019101', 'GALLICUM', '41.7553738', '-0.8355242'),
	('50019111', 'SALTARINES', '41.6835729', '-0.8728444'),
	('50019123', 'DE PINA DE EBRO', '41.486592', '-0.529082'),
	('50019135', 'PARQUE BRUIL', '41.6530649', '-0.8653932'),
	('50019147', 'FUNDACIÓN LABORAL DE LA CONSTRUCCIÓN', '41.749348', '-0.8424133'),
	('50019159', 'EL NIDO DE PATRICIA', '41.6383672', '-0.8677866'),
	('50019160', 'ES-COOL', '41.669745', '-0.9122624'),
	('50019172', 'Centro de Enseñanzas Deportivas Zaragoza (CENDEZA)', '41.6688359', '-0.8833448'),
	('50019184', 'VILLA DE ZUERA', '41.8678909', '-0.7886396'),
	('50019196', 'CANTACUCOS', '41.9486336', '-1.6972832'),
	('50019202', 'CENTRO NACIONAL DE ESTUDIOS DE TÉCNICOS DEPORTIVOS (CENETED). ESPECIALIDAD FÚTBOL', '42.1262987', '-1.1312478'),
	('50019214', 'IR CRECIENDO', '41.6204869', '-0.9249298'),
	('50019226', 'SÁSTAGO', '41.3227925', '-0.3436878'),
	('50019241', 'PLANETA IMAGINARIO', '41.619943', '-0.932625'),
	('50019251', 'VAL DE LA ATALAYA', '41.542528', '-0.998414'),
	('50019263', 'KID\'S GARDEN ACTUR', '41.6678784', '-0.8923338'),
	('50019275', 'CENTRO DE ENSEÑANZAS DEPORTIVAS-ENTEDE', '41.6324', '-0.927796'),
	('50019287', 'ZARAGOZA SUR', '41.635556', '-0.947701'),
	('50019299', 'CUARTE DE HUERVA III', '41.5855', '-0.945038'),
	('50019305', 'DADA', '41.6161891', '-0.9223300'),
	('50019317', 'NERTÓBRIGA II', '41.4746', '-1.37218'),
	('50019330', 'CENTRO NACIONAL DE FORMACIÓN DE ENTRENADORES DE FÚTBOL(C.E.N.A.F.E.)', '41.627241', '-0.906439'),
	('50019342', 'Reino Menudo', '41.639213', '-0.945243'),
	('50019378', 'INTERNACIONAL ÁNFORA', '41.580973', '-0.952917'),
	('50600105', 'NUESTRA SEÑORA DEL CARMEN', '41.3517746', '-1.6461653'),
	('50600117', 'VIRGEN DE LA OLIVA', '42.1186879', '-1.1386274'),
	('50600129', 'SAN ANTONIO DE PADUA', '41.8686204', '-1.3140054'),
	('50600130', 'ARAGÓN', '41.6257449', '-0.8804698'),
	('50600142', 'INMACULADA CONCEPCIÓN', '41.6444099', '-0.9226101'),
	('50600154', 'MONSALUD', '41.6547666', '-0.9165875'),
	('50600166', 'SANTA MARÍA DEL PILAR', '41.6373235', '-0.8778136'),
	('50600713', 'DE ZARAGOZA', '41.636855', '-0.8846139'),
	('50700011', 'DE CALATAYUD', '41.3505123', '-1.6437307'),
	('50700021', 'DE EJEA DE LOS CABALLEROS', '42.1280338', '-1.1341464'),
	('50700033', 'JUAN DE LANUZA', '41.6560074', '-0.8821925'),
	('50700069', 'MARÍA DE ÁVILA', '41.6253237', '-0.9066461'),
	('50700070', 'DE ALAGÓN', '41.7727551', '-1.1259374'),
	('50700082', 'DE CALATAYUD', '41.3505123', '-1.6437307'),
	('50700094', 'DE CASPE', '41.2366644', '-0.043204'),
	('50700100', 'DE EJEA DE LOS CABALLEROS', '42.1229484', '-1.1356601'),
	('50700124', 'DE LA ALMUNIA DE DOÑA GODINA', '41.4755827', '-1.3768247'),
	('50700136', 'DE TARAZONA', '41.9055904', '-1.7268557'),
	('50700148', 'Nº 4 de  ZARAGOZA ', '41.6623354', '-0.8971715'),
	('50700151', 'Nº 1 de  ZARAGOZA ', '41.6650783', '-0.8742745'),
	('50700161', 'Nº 2 de  ZARAGOZA', '41.6365339', '-0.870736'),
	('50700173', 'Nº 3 de  ZARAGOZA ', '41.64537', '-0.9137346'),
	('50700185', 'DE FUENTES DE EBRO', '41.512048', '-0.6304793'),
	('50700197', 'EQUIPO ATENCION TEMPRANA Nº1', '41.6365339', '-0.870736'),
	('50700203', 'EQUIPO ATENCION TEMPRANA Nº2', '41.6365339', '-0.870736'),
	('50700215', 'EQUIPO ESPECIFICO DE MOTORICOS', '41.6365339', '-0.870736'),
	('50700239', 'VENTA DEL OLIVAR', '41.67858', '-0.968307'),
	('50700240', 'CENTRO ARAGONÉS DE RECURSOS PARA LA EDUCACIÓN INCLUSIVA (CAREI)', '41.6545878', '-0.906434'),
	('50701001', 'Centro de Innovación para la Formación Profesional de Aragón', '41.642297', '-0.986079'),
	('50701013', 'Nº 5 de ZARAGOZA', '41.6354271', '-0.8863426'),
	('50701025', 'EQUIPO ESPECIALIZADO EN DISCAPACIDAD FÍSICA: MOTORA Y ORGÁNICA', '41.6260700', '-0.9056100');
/*!40000 ALTER TABLE `sigi_cen` ENABLE KEYS */;


-- Volcando estructura para tabla serviciosmicarpetasigi.sigi_esp_can_pre_ae
CREATE TABLE IF NOT EXISTS `sigi_esp_can_pre_ae` (
  `TIPO_ID` varchar(1) NOT NULL,
  `DNI` varchar(15) NOT NULL,
  `COD_OPC` varchar(7) NOT NULL,
  `COD_CUE` varchar(4) NOT NULL,
  `COD_ESP` varchar(3) NOT NULL,
  `COD_PRO_1_SUS` varchar(2) DEFAULT NULL,
  `COD_PRO_2_SUS` varchar(2) DEFAULT NULL,
  `L_LIS_SUS` varchar(1) DEFAULT NULL
) ENGINE=InnoDB DEFAULT CHARSET=utf8;

-- Volcando datos para la tabla serviciosmicarpetasigi.sigi_esp_can_pre_ae: ~6 rows (aproximadamente)
/*!40000 ALTER TABLE `sigi_esp_can_pre_ae` DISABLE KEYS */;
INSERT INTO `sigi_esp_can_pre_ae` (`TIPO_ID`, `DNI`, `COD_OPC`, `COD_CUE`, `COD_ESP`, `COD_PRO_1_SUS`, `COD_PRO_2_SUS`, `L_LIS_SUS`) VALUES
	('D', '00000001R', 'SIGIPAE', '0597', 'AL', NULL, NULL, NULL),
	('D', '00000001R', 'SIGISAE', '0590', '006', NULL, NULL, NULL),
	('D', '00000001R', 'SIGISAE', '0590', '001', NULL, NULL, NULL),
	('D', '00000001R', 'SIGIPAE', '0597', 'PRI', NULL, NULL, NULL),
	('D', '00000001R', 'SIGIPAE', '0597', 'PT', NULL, NULL, NULL),
	('D', '00000001R', 'SIGIPAE', '0597', 'MU', NULL, NULL, NULL),
	('D', '00000001R', 'SIGIPAE', '0597', 'MU1', NULL, NULL, NULL);
/*!40000 ALTER TABLE `sigi_esp_can_pre_ae` ENABLE KEYS */;


-- Volcando estructura para tabla serviciosmicarpetasigi.sigi_est_sol
CREATE TABLE IF NOT EXISTS `sigi_est_sol` (
  `COD_EST_SOL` varchar(1) NOT NULL,
  `DES_EST_SOL` varchar(200) NOT NULL,
  `L_ACT` varchar(1) NOT NULL,
  PRIMARY KEY (`COD_EST_SOL`)
) ENGINE=InnoDB DEFAULT CHARSET=utf8;

-- Volcando datos para la tabla serviciosmicarpetasigi.sigi_est_sol: ~4 rows (aproximadamente)
/*!40000 ALTER TABLE `sigi_est_sol` DISABLE KEYS */;
INSERT INTO `sigi_est_sol` (`COD_EST_SOL`, `DES_EST_SOL`, `L_ACT`) VALUES
	('0', 'SOLICITUD GRABADA CORRECTAMENTE', 'S'),
	('1', 'SOLICITUD PRESENTADA AL PROCEDIMIENTO', 'S'),
	('2', 'SOLICITUD ADMITIDA AL PROCEDIMIENTO', 'S'),
	('3', 'SOLICITUD EXCLUIDA DEL PROCEDIMIENTO', 'S');
/*!40000 ALTER TABLE `sigi_est_sol` ENABLE KEYS */;


-- Volcando estructura para tabla serviciosmicarpetasigi.sigi_lis
CREATE TABLE IF NOT EXISTS `sigi_lis` (
  `COD_OPC` varchar(7) NOT NULL,
  `TIPO_ID` varchar(1) NOT NULL,
  `DNI` varchar(15) NOT NULL,
  `COD_CUE` varchar(4) NOT NULL,
  `COD_ESP` varchar(3) NOT NULL,
  `TIP_LIS` varchar(1) NOT NULL,
  `FEC_ORI_BLO` varchar(8) NOT NULL,
  `COD_BLO` varchar(155) NOT NULL,
  `NUM_ORD` varchar(4) NOT NULL,
  `RES_TOT` varchar(6) NOT NULL,
  `COD_EST` varchar(10) NOT NULL,
  `DES_CAU_EST` varchar(150) DEFAULT NULL,
  `FEC_INI_EST` date DEFAULT NULL,
  `DES_PRO_1_SUS` varchar(8) DEFAULT NULL,
  `FEC_PRO_1_SUS` date DEFAULT NULL,
  `DES_PRO_2_SUS` varchar(8) DEFAULT NULL,
  `FEC_PRO_2_SUS` date DEFAULT NULL,
  `ORD_DIS_ZA` varchar(4) DEFAULT NULL,
  `ORD_DIS_HU` varchar(4) DEFAULT NULL,
  `ORD_DIS_TE` varchar(4) DEFAULT NULL,
  `ORD_CCAO` varchar(4) DEFAULT NULL,
  `DES_PRO_REF` varchar(8) DEFAULT NULL,
  `L_RES` varchar(2) DEFAULT NULL
) ENGINE=InnoDB DEFAULT CHARSET=utf8;

-- Volcando datos para la tabla serviciosmicarpetasigi.sigi_lis: ~4 rows (aproximadamente)
/*!40000 ALTER TABLE `sigi_lis` DISABLE KEYS */;
INSERT INTO `sigi_lis` (`COD_OPC`, `TIPO_ID`, `DNI`, `COD_CUE`, `COD_ESP`, `TIP_LIS`, `FEC_ORI_BLO`, `COD_BLO`, `NUM_ORD`, `RES_TOT`, `COD_EST`, `DES_CAU_EST`, `FEC_INI_EST`, `DES_PRO_1_SUS`, `FEC_PRO_1_SUS`, `DES_PRO_2_SUS`, `FEC_PRO_2_SUS`, `ORD_DIS_ZA`, `ORD_DIS_HU`, `ORD_DIS_TE`, `ORD_CCAO`, `DES_PRO_REF`, `L_RES`) VALUES
	('SIGISSP', 'D', '00000001R', '0590', '001', '1', '01/08/20', '20', '12', '78,5', 'S', NULL, NULL, NULL, NULL, NULL, NULL, NULL, NULL, NULL, NULL, NULL, NULL),
	('SIGIPSP', 'D', '00000001R', '0590', '001', '1', '01/08/20', '20', '12', '78,5', 'S', NULL, NULL, NULL, NULL, NULL, NULL, NULL, NULL, NULL, NULL, NULL, NULL),
	('SIGIPSP', 'D', '00000002W', '0590', '001', '1', '01/08/20', '20', '12', '78,5', 'S', NULL, NULL, NULL, NULL, NULL, NULL, NULL, NULL, NULL, NULL, NULL, NULL),
	('SIGIPSP', 'D', '00000002W', '0590', '001', '1', '01/08/20', '20', '12', '78,5', 'S', NULL, NULL, NULL, NULL, NULL, NULL, NULL, NULL, NULL, NULL, NULL, NULL);
/*!40000 ALTER TABLE `sigi_lis` ENABLE KEYS */;


-- Volcando estructura para tabla serviciosmicarpetasigi.sigi_opc
CREATE TABLE IF NOT EXISTS `sigi_opc` (
  `COD_OPC` varchar(7) NOT NULL,
  `F_CON_AE` date DEFAULT NULL,
  `COD_TIP_AE` varchar(1) DEFAULT NULL,
  `TEX_OPC` varchar(200) NOT NULL,
  `TEX_OPC_CAB` varchar(200) NOT NULL,
  `TEX_OPC_PDF` varchar(200) DEFAULT NULL,
  `FEC_CUR_COM` varchar(10) DEFAULT NULL,
  `L_VIS` varchar(1) NOT NULL,
  `L_ACT` varchar(1) NOT NULL,
  `L_PET_MAS` varchar(1) DEFAULT NULL,
  `L_RES_VIS` varchar(1) DEFAULT NULL,
  `L_RES_ACT` varchar(1) DEFAULT NULL,
  `F_INI_OPC` date NOT NULL,
  `F_FIN_OPC` date NOT NULL,
  `C_USU_ULT_MOD` varchar(8) NOT NULL,
  `F_ULT_MOD` date NOT NULL
) ENGINE=InnoDB DEFAULT CHARSET=utf8;

-- Volcando datos para la tabla serviciosmicarpetasigi.sigi_opc: ~4 rows (aproximadamente)
/*!40000 ALTER TABLE `sigi_opc` DISABLE KEYS */;
INSERT INTO `sigi_opc` (`COD_OPC`, `F_CON_AE`, `COD_TIP_AE`, `TEX_OPC`, `TEX_OPC_CAB`, `TEX_OPC_PDF`, `FEC_CUR_COM`, `L_VIS`, `L_ACT`, `L_PET_MAS`, `L_RES_VIS`, `L_RES_ACT`, `F_INI_OPC`, `F_FIN_OPC`, `C_USU_ULT_MOD`, `F_ULT_MOD`) VALUES
	('SIGIPAE', '2015-07-28', 'I', 'PRIMARIA ACTO DE ELECCION DE INTERINOS DE INICIO DE CURSO DE FECHA 28/07/15', 'Fecha del Acto de Elección de Inicio de curso 28/07/15', 'CUERPO DE MAESTROS - INTERINOS', '31/10/14', 'S', 'S', 'S', 'S', 'S', '2015-07-28', '2015-10-28', 'SCPRINRE', '2015-07-28'),
	('SIGISSP', NULL, NULL, 'SECUNDARIA CONSULTA DE LA SITUACION DEL PARTICIPANTE', 'CONSULTA DE LA SITUACION DEL PARTICIPANTE DE SECUNDARIA', NULL, '31/10/14', 'S', 'S', 'N', 'N', 'N', '2015-07-28', '2015-10-28', 'SYSTEM', '2015-07-28'),
	('SIGIPSP', NULL, NULL, 'PRIMARIA CONSULTA DE LA SITUACION DEL PARTICIPANTE', 'CONSULTA DE LA SITUACiON DEL PARTICIPANTE DE PRIMARIA', NULL, '31/10/14', 'S', 'S', 'N', 'N', 'N', '2015-07-28', '2015-10-28', 'SYSTEM', '2015-07-28'),
	('SIGISAE', '2015-07-28', 'S', 'SECUNDARIA ACTO DE ELECCIÓN DE INTERINOS SEMANAL DE FECHA 11/06/15', 'Fecha del Acto de Elección Semanal 11/06/15', 'PERSONAL INTERINO DE ENSEÑANZA SECUNDARIA, F.P. Y RÉGIMEN ESPECIAL. MODELO DE SOLICITUD PARA ELECCIÓN DE DESTINO. CURSO 2014/2015', '31/10/14', 'S', 'S', 'N', 'N', 'N', '2015-07-28', '2015-10-28', 'SCEMINRE', '2015-07-28');
/*!40000 ALTER TABLE `sigi_opc` ENABLE KEYS */;


-- Volcando estructura para tabla serviciosmicarpetasigi.sigi_sol
CREATE TABLE IF NOT EXISTS `sigi_sol` (
  `TIPO_ID` varchar(1) NOT NULL,
  `DNI` varchar(15) NOT NULL,
  `COD_OPC` varchar(7) NOT NULL,
  `COD_SOL` varchar(4) NOT NULL,
  `F_HOR_ENT` date NOT NULL,
  `COD_EST_SOL` varchar(1) NOT NULL,
  `COD_USU` varchar(8) NOT NULL,
  `F_HOR_PRE` date DEFAULT NULL,
  `L_PRE` varchar(1) DEFAULT NULL
) ENGINE=InnoDB DEFAULT CHARSET=utf8;

-- Volcando datos para la tabla serviciosmicarpetasigi.sigi_sol: ~100 rows (aproximadamente)
/*!40000 ALTER TABLE `sigi_sol` DISABLE KEYS */;
INSERT INTO `sigi_sol` (`TIPO_ID`, `DNI`, `COD_OPC`, `COD_SOL`, `F_HOR_ENT`, `COD_EST_SOL`, `COD_USU`, `F_HOR_PRE`, `L_PRE`) VALUES
	('D', '00000001R', 'SIGIPAE', '9039', '0000-00-00', '0', 'INTERNET', NULL, NULL),
	('D', '072973662', 'SIGIPAE', '2741', '0000-00-00', '0', 'INTERNET', NULL, NULL),
	('D', '072974277', 'SIGIPAE', '7635', '0000-00-00', '0', 'INTERNET', NULL, NULL),
	('D', '072974411', 'SIGIPAE', '5069', '0000-00-00', '0', 'INTERNET', NULL, NULL),
	('D', '072974419', 'SIGIPAE', '0438', '0000-00-00', '0', 'INTERNET', NULL, NULL),
	('D', '072974477', 'SIGIPAE', '0724', '0000-00-00', '0', 'INTERNET', NULL, NULL),
	('D', '00000001R', 'SIGIPAE', '7204', '0000-00-00', '0', 'INTERNET', NULL, NULL),
	('D', '072974477', 'SIGIPAE', '9343', '0000-00-00', '0', 'INTERNET', NULL, NULL),
	('D', '072883053', 'SIGIPAE', '8335', '0000-00-00', '0', 'INTERNET', NULL, NULL),
	('D', '00000001R', 'SIGISAE', '1434', '0000-00-00', '0', 'INTERNET', NULL, NULL),
	('D', '072883258', 'SIGIPAE', '2755', '0000-00-00', '0', 'INTERNET', NULL, NULL),
	('D', '072883452', 'SIGIPAE', '2921', '0000-00-00', '0', 'INTERNET', NULL, NULL),
	('D', '072883452', 'SIGIPAE', '8080', '0000-00-00', '0', 'INTERNET', NULL, NULL),
	('D', '072883452', 'SIGIPAE', '8681', '0000-00-00', '0', 'INTERNET', NULL, NULL),
	('D', '072884068', 'SIGIPAE', '3475', '0000-00-00', '0', 'INTERNET', NULL, NULL),
	('D', '072884378', 'SIGIPAE', '1701', '0000-00-00', '0', 'INTERNET', NULL, NULL),
	('D', '072982803', 'SIGIPAE', '3649', '0000-00-00', '0', 'INTERNET', NULL, NULL),
	('D', '072982803', 'SIGIPAE', '5522', '0000-00-00', '0', 'INTERNET', NULL, NULL),
	('D', '072884626', 'SIGIPAE', '6080', '0000-00-00', '0', 'INTERNET', NULL, NULL),
	('D', '072885180', 'SIGIPAE', '1988', '0000-00-00', '0', 'INTERNET', NULL, NULL),
	('D', '072885180', 'SIGIPAE', '5051', '0000-00-00', '0', 'INTERNET', NULL, NULL),
	('D', '072885345', 'SIGIPAE', '3516', '0000-00-00', '0', 'INTERNET', NULL, NULL),
	('D', '072886480', 'SIGIPAE', '8667', '0000-00-00', '0', 'INTERNET', NULL, NULL),
	('D', '072886744', 'SIGIPAE', '4287', '0000-00-00', '0', 'INTERNET', NULL, NULL),
	('D', '072887201', 'SIGIPAE', '2059', '0000-00-00', '0', 'INTERNET', NULL, NULL),
	('D', '072887201', 'SIGIPAE', '9348', '0000-00-00', '0', 'INTERNET', NULL, NULL),
	('D', '072887278', 'SIGIPAE', '0399', '0000-00-00', '0', 'INTERNET', NULL, NULL),
	('D', '072887278', 'SIGIPAE', '8182', '0000-00-00', '0', 'INTERNET', NULL, NULL),
	('D', '072887278', 'SIGIPAE', '8207', '0000-00-00', '0', 'INTERNET', NULL, NULL),
	('D', '072887278', 'SIGIPAE', '9694', '0000-00-00', '0', 'INTERNET', NULL, NULL),
	('D', '072887571', 'SIGIPAE', '1618', '0000-00-00', '0', 'INTERNET', NULL, NULL),
	('D', '072887798', 'SIGIPAE', '0253', '0000-00-00', '0', 'INTERNET', NULL, NULL),
	('D', '072887832', 'SIGIPAE', '0644', '0000-00-00', '0', 'INTERNET', NULL, NULL),
	('D', '072887832', 'SIGIPAE', '4163', '0000-00-00', '0', 'INTERNET', NULL, NULL),
	('D', '072887832', 'SIGIPAE', '9710', '0000-00-00', '0', 'INTERNET', NULL, NULL),
	('D', '072887856', 'SIGIPAE', '8322', '0000-00-00', '0', 'INTERNET', NULL, NULL),
	('D', '072889143', 'SIGIPAE', '1631', '0000-00-00', '0', 'INTERNET', NULL, NULL),
	('D', '072889143', 'SIGIPAE', '7037', '0000-00-00', '0', 'INTERNET', NULL, NULL),
	('D', '072889143', 'SIGIPAE', '7951', '0000-00-00', '0', 'INTERNET', NULL, NULL),
	('D', '072889160', 'SIGIPAE', '1829', '0000-00-00', '0', 'INTERNET', NULL, NULL),
	('D', '072889160', 'SIGIPAE', '5271', '0000-00-00', '0', 'INTERNET', NULL, NULL),
	('D', '072889574', 'SIGIPAE', '4174', '0000-00-00', '0', 'INTERNET', NULL, NULL),
	('D', '072890027', 'SIGIPAE', '8288', '0000-00-00', '0', 'INTERNET', NULL, NULL),
	('D', '072890027', 'SIGIPAE', '8332', '0000-00-00', '0', 'INTERNET', NULL, NULL),
	('D', '072890576', 'SIGIPAE', '1347', '0000-00-00', '0', 'INTERNET', NULL, NULL),
	('D', '072890616', 'SIGIPAE', '6543', '0000-00-00', '0', 'INTERNET', NULL, NULL),
	('D', '072890892', 'SIGIPAE', '8206', '0000-00-00', '0', 'INTERNET', NULL, NULL),
	('D', '072891062', 'SIGIPAE', '1943', '0000-00-00', '0', 'INTERNET', NULL, NULL),
	('D', '072891062', 'SIGIPAE', '2003', '0000-00-00', '0', 'INTERNET', NULL, NULL),
	('D', '072891139', 'SIGIPAE', '0477', '0000-00-00', '0', 'INTERNET', NULL, NULL),
	('D', '072891189', 'SIGIPAE', '2951', '0000-00-00', '0', 'INTERNET', NULL, NULL),
	('D', '072963571', 'SIGIPAE', '2245', '0000-00-00', '0', 'INTERNET', NULL, NULL),
	('D', '072965649', 'SIGIPAE', '7323', '0000-00-00', '0', 'INTERNET', NULL, NULL),
	('D', '072965649', 'SIGIPAE', '8015', '0000-00-00', '0', 'INTERNET', NULL, NULL),
	('D', '072966276', 'SIGIPAE', '0396', '0000-00-00', '0', 'INTERNET', NULL, NULL),
	('D', '072966503', 'SIGIPAE', '4447', '0000-00-00', '0', 'INTERNET', NULL, NULL),
	('D', '072966503', 'SIGIPAE', '6533', '0000-00-00', '0', 'INTERNET', NULL, NULL),
	('D', '072966594', 'SIGIPAE', '3936', '0000-00-00', '0', 'INTERNET', NULL, NULL),
	('D', '072966635', 'SIGIPAE', '1512', '0000-00-00', '0', 'INTERNET', NULL, NULL),
	('D', '072966923', 'SIGIPAE', '9343', '0000-00-00', '0', 'INTERNET', NULL, NULL),
	('D', '072967018', 'SIGIPAE', '2183', '0000-00-00', '0', 'INTERNET', NULL, NULL),
	('D', '072967081', 'SIGIPAE', '7623', '0000-00-00', '0', 'INTERNET', NULL, NULL),
	('D', '072967949', 'SIGIPAE', '1750', '0000-00-00', '0', 'INTERNET', NULL, NULL),
	('D', '072967949', 'SIGIPAE', '4085', '0000-00-00', '0', 'INTERNET', NULL, NULL),
	('D', '072967958', 'SIGIPAE', '2481', '0000-00-00', '0', 'INTERNET', NULL, NULL),
	('D', '072967958', 'SIGIPAE', '7988', '0000-00-00', '0', 'INTERNET', NULL, NULL),
	('D', '072968088', 'SIGIPAE', '2849', '0000-00-00', '0', 'INTERNET', NULL, NULL),
	('D', '072968623', 'SIGIPAE', '0747', '0000-00-00', '0', 'INTERNET', NULL, NULL),
	('D', '072968988', 'SIGIPAE', '5843', '0000-00-00', '0', 'INTERNET', NULL, NULL),
	('D', '072969044', 'SIGIPAE', '6809', '0000-00-00', '0', 'INTERNET', NULL, NULL),
	('D', '072969204', 'SIGIPAE', '5103', '0000-00-00', '0', 'INTERNET', NULL, NULL),
	('D', '072969204', 'SIGIPAE', '5615', '0000-00-00', '0', 'INTERNET', NULL, NULL),
	('D', '072969230', 'SIGIPAE', '9526', '0000-00-00', '0', 'INTERNET', NULL, NULL),
	('D', '072969230', 'SIGIPAE', '9897', '0000-00-00', '0', 'INTERNET', NULL, NULL),
	('D', '072969353', 'SIGIPAE', '3813', '0000-00-00', '0', 'INTERNET', NULL, NULL),
	('D', '072969412', 'SIGIPAE', '7945', '0000-00-00', '0', 'INTERNET', NULL, NULL),
	('D', '072969604', 'SIGIPAE', '1622', '0000-00-00', '0', 'INTERNET', NULL, NULL),
	('D', '072969604', 'SIGIPAE', '3329', '0000-00-00', '0', 'INTERNET', NULL, NULL),
	('D', '072969604', 'SIGIPAE', '5551', '0000-00-00', '0', 'INTERNET', NULL, NULL),
	('D', '072969859', 'SIGIPAE', '4923', '0000-00-00', '0', 'INTERNET', NULL, NULL),
	('D', '072969859', 'SIGIPAE', '7417', '0000-00-00', '0', 'INTERNET', NULL, NULL),
	('D', '072970054', 'SIGIPAE', '9023', '0000-00-00', '0', 'INTERNET', NULL, NULL),
	('D', '072970448', 'SIGIPAE', '8613', '0000-00-00', '0', 'INTERNET', NULL, NULL),
	('D', '072970448', 'SIGIPAE', '9241', '0000-00-00', '0', 'INTERNET', NULL, NULL),
	('D', '072970597', 'SIGIPAE', '7372', '0000-00-00', '0', 'INTERNET', NULL, NULL),
	('D', '072970672', 'SIGIPAE', '4344', '0000-00-00', '0', 'INTERNET', NULL, NULL),
	('D', '072970673', 'SIGIPAE', '4412', '0000-00-00', '0', 'INTERNET', NULL, NULL),
	('D', '072970755', 'SIGIPAE', '2725', '0000-00-00', '0', 'INTERNET', NULL, NULL),
	('D', '072970755', 'SIGIPAE', '7358', '0000-00-00', '0', 'INTERNET', NULL, NULL),
	('D', '072971004', 'SIGIPAE', '0343', '0000-00-00', '0', 'INTERNET', NULL, NULL),
	('D', '072971004', 'SIGIPAE', '2096', '0000-00-00', '0', 'INTERNET', NULL, NULL),
	('D', '072971032', 'SIGIPAE', '7079', '0000-00-00', '0', 'INTERNET', NULL, NULL),
	('D', '072971033', 'SIGIPAE', '1222', '0000-00-00', '0', 'INTERNET', NULL, NULL),
	('D', '072971369', 'SIGIPAE', '1516', '0000-00-00', '0', 'INTERNET', NULL, NULL),
	('D', '072971446', 'SIGIPAE', '2420', '0000-00-00', '0', 'INTERNET', NULL, NULL),
	('D', '072971582', 'SIGIPAE', '2729', '0000-00-00', '0', 'INTERNET', NULL, NULL),
	('D', '072971599', 'SIGIPAE', '0305', '0000-00-00', '0', 'INTERNET', NULL, NULL),
	('D', '072971599', 'SIGIPAE', '2859', '0000-00-00', '0', 'INTERNET', NULL, NULL),
	('D', '072971673', 'SIGIPAE', '3582', '0000-00-00', '0', 'INTERNET', NULL, NULL),
	('D', '072972033', 'SIGIPAE', '3667', '0000-00-00', '0', 'INTERNET', NULL, NULL);
/*!40000 ALTER TABLE `sigi_sol` ENABLE KEYS */;


-- Volcando estructura para tabla serviciosmicarpetasigi.sigi_vac
CREATE TABLE IF NOT EXISTS `sigi_vac` (
  `COD_OPC` varchar(7) NOT NULL,
  `NUM_VAC` int(4) NOT NULL,
  `COD_CUE` varchar(4) NOT NULL,
  `COD_ESP` varchar(3) NOT NULL,
  `COD_MUN_VAC` varchar(9) NOT NULL,
  `COD_TIP_DUR` varchar(1) NOT NULL,
  `COD_CEN` varchar(8) NOT NULL
) ENGINE=InnoDB DEFAULT CHARSET=utf8;

-- Volcando datos para la tabla serviciosmicarpetasigi.sigi_vac: ~500 rows (aproximadamente)
/*!40000 ALTER TABLE `sigi_vac` DISABLE KEYS */;
INSERT INTO `sigi_vac` (`COD_OPC`, `NUM_VAC`, `COD_CUE`, `COD_ESP`, `COD_MUN_VAC`, `COD_TIP_DUR`, `COD_CEN`) VALUES
	('SIGIPAE', 266, '0597', 'EF', '44014', 'C', '50008915'),
	('SIGIPAE', 1242, '0597', 'EF', '44014', 'C', '44010288'),
	('SIGIPAE', 269, '0597', 'EF', '44009', 'C', '50007248'),
	('SIGIPAE', 270, '0597', 'MU', '44009', 'C', '50018830'),
	('SIGIPAE', 1023, '0597', 'PR1', '50297', 'C', '50006207'),
	('SIGIPAE', 1024, '0597', 'FI', '50297', 'C', '22003835'),
	('SIGIPAE', 1026, '0597', 'AL', '50297', 'C', '50700185'),
	('SIGIPAE', 1155, '0597', 'FF', '50297', 'C', '50018908'),
	('SIGIPAE', 1156, '0597', 'FF', '50297', 'C', '22005674'),
	('SIGISAE', 3984, '0591', '225', '44059', 'S', '22010566'),
	('SIGISAE', 3994, '0590', '112', '50297', 'S', '44004720'),
	('SIGISAE', 4005, '0590', '001', '50297', 'S', '50011161'),
	('SIGISAE', 4015, '0590', '019', '50297', 'S', '22002511'),
	('SIGISAE', 4020, '0590', '006', '50298', 'S', '50007731'),
	('SIGISAE', 4021, '0590', '004', '50160', 'S', '50009415'),
	('SIGISAE', 4022, '0590', '017', '50297', 'S', '50018003'),
	('SIGISAE', 4023, '0590', '017', '50297', 'S', '50006670'),
	('SIGIPAE', 1441, '0597', 'EI', '50297', 'C', '22010219'),
	('SIGIPAE', 1034, '0597', 'EI', '50297', 'C', '50017308'),
	('SIGIPAE', 1035, '0597', 'FI', '50297', 'C', '50011343'),
	('SIGIPAE', 1036, '0597', 'FI', '50297', 'C', '22003835'),
	('SIGIPAE', 1037, '0597', 'FF', '50297', 'C', '22004104'),
	('SIGIPAE', 1038, '0597', 'FF', '50297', 'C', '50001088'),
	('SIGIPAE', 1039, '0597', 'FF', '50297', 'C', '50005914'),
	('SIGIPAE', 1040, '0597', 'FF', '50297', 'C', '50017692'),
	('SIGIPAE', 1042, '0597', 'EF', '50297', 'C', '50010961'),
	('SIGIPAE', 737, '0597', 'EI', '50089', 'C', '50005483'),
	('SIGIPAE', 740, '0597', 'EI', '50089', 'C', '50005495'),
	('SIGIPAE', 743, '0597', 'EI', '50089', 'C', '50009786'),
	('SIGIPAE', 744, '0597', 'EI', '50089', 'C', '50009211'),
	('SIGIPAE', 746, '0597', 'EI', '50089', 'C', '22005406'),
	('SIGIPAE', 748, '0597', 'EF2', '50089', 'C', '50018787'),
	('SIGIPAE', 754, '0597', 'FI', '50089', 'C', '50009531'),
	('SIGIPAE', 757, '0597', 'FI', '50089', 'C', '50011483'),
	('SIGIPAE', 762, '0597', 'PT', '50089', 'C', '50700215'),
	('SIGIPAE', 1360, '0597', 'FI', '50089', 'C', '22004189'),
	('SIGIPAE', 1124, '0597', 'EI', '50297', 'C', '50009889'),
	('SIGIPAE', 1125, '0597', 'EI', '50297', 'C', '22006022'),
	('SIGIPAE', 1126, '0597', 'PR2', '50297', 'C', '50005896'),
	('SIGIPAE', 1128, '0597', 'FI', '50297', 'C', '50018969'),
	('SIGIPAE', 1130, '0597', 'PT', '50297', 'C', '44010082'),
	('SIGIPAE', 682, '0597', 'EI', '50068', 'C', '50010879'),
	('SIGIPAE', 684, '0597', 'FI', '50068', 'C', '50600713'),
	('SIGIPAE', 687, '0597', 'PT', '50068', 'C', '44005207'),
	('SIGIPAE', 554, '0597', 'MU', '50017', 'C', '22010232'),
	('SIGIPAE', 567, '0597', 'PT', '50024', 'C', '44004665'),
	('SIGIPAE', 569, '0597', 'EI', '50025', 'C', '44010151'),
	('SIGIPAE', 572, '0597', 'EI', '50025', 'C', '50009208'),
	('SIGIPAE', 573, '0597', 'FF', '50025', 'C', '44002191'),
	('SIGIPAE', 575, '0597', 'EF', '50025', 'C', '50007534'),
	('SIGIPAE', 577, '0597', 'PT', '50025', 'C', '50017667'),
	('SIGIPAE', 595, '0597', 'AL', '50026', 'C', '44010631'),
	('SIGIPAE', 251, '0597', 'AL', '44039', 'C', '50010892'),
	('SIGIPAE', 252, '0597', 'EF', '44039', 'C', '22700121'),
	('SIGIPAE', 253, '0597', 'MU', '44039', 'C', '50017229'),
	('SIGIPAE', 759, '0597', 'EI', '50115', 'C', '44000271'),
	('SIGIPAE', 852, '0597', 'EI', '50115', 'C', '22000809'),
	('SIGIPAE', 1374, '0597', 'FI', '50115', 'C', '22005145'),
	('SIGIPAE', 1375, '0597', 'FI', '50115', 'C', '50010454'),
	('SIGIPAE', 1, '0597', 'MU1', '44008', 'C', '50010387'),
	('SIGIPAE', 2, '0597', 'EI', '44008', 'C', '44004045'),
	('SIGIPAE', 3, '0597', 'FF', '44008', 'C', '50008381'),
	('SIGIPAE', 4, '0597', 'MU', '44008', 'C', '44010240'),
	('SIGIPAE', 1190, '0597', 'AL', '22158', 'C', '50004053'),
	('SIGIPAE', 1191, '0597', 'EF', '22158', 'C', '50010727'),
	('SIGIPAE', 1192, '0597', 'EI', '22158', 'C', '44004550'),
	('SIGIPAE', 1193, '0597', 'FI', '22158', 'C', '50007856'),
	('SIGIPAE', 1194, '0597', 'EF', '22052', 'C', '50001775'),
	('SIGIPAE', 1195, '0597', 'FI', '22052', 'C', '44002191'),
	('SIGIPAE', 1196, '0597', 'FI', '22052', 'C', '22002156'),
	('SIGIPAE', 1197, '0597', 'MU', '22052', 'C', '22010839'),
	('SIGIPAE', 1198, '0597', 'MU', '22052', 'C', '44010495'),
	('SIGIPAE', 1417, '0597', 'EI', '22052', 'C', '50006751'),
	('SIGIPAE', 1421, '0597', 'PRI', '22052', 'C', '22010566'),
	('SIGIPAE', 1429, '0597', 'FI', '22052', 'C', '50018301'),
	('SIGIPAE', 1199, '0597', 'FI', '22226', 'C', '50018751'),
	('SIGIPAE', 1201, '0597', 'FI', '22226', 'C', '50005011'),
	('SIGIPAE', 1202, '0597', 'PT', '22226', 'C', '50004879'),
	('SIGIPAE', 1414, '0597', 'FI', '22226', 'C', '50018091'),
	('SIGIPAE', 1425, '0597', 'EF', '22226', 'C', '50008371'),
	('SIGIPAE', 1203, '0597', 'AL', '22197', 'C', '50005616'),
	('SIGIPAE', 1204, '0597', 'EF', '22197', 'C', '22010311'),
	('SIGIPAE', 1205, '0597', 'FI', '22197', 'C', '50002123'),
	('SIGIPAE', 1206, '0597', 'MU', '22197', 'C', '44003272'),
	('SIGIPAE', 1431, '0597', 'PT', '22197', 'C', '50005422'),
	('SIGIPAE', 1208, '0597', 'EI', '22136', 'C', '50019263'),
	('SIGIPAE', 1418, '0597', 'AL', '22136', 'C', '50011291'),
	('SIGIPAE', 5, '0597', 'EI', '44013', 'C', '50006013'),
	('SIGIPAE', 6, '0597', 'FI', '44013', 'C', '50018246'),
	('SIGIPAE', 7, '0597', 'FI', '44013', 'C', '50600142'),
	('SIGIPAE', 8, '0597', 'FI', '44013', 'C', '50009531'),
	('SIGIPAE', 12, '0597', 'EF', '44025', 'C', '22004840'),
	('SIGIPAE', 13, '0597', 'EF', '44025', 'C', '50701013'),
	('SIGIPAE', 14, '0597', 'EI', '44025', 'C', '50001738'),
	('SIGIPAE', 15, '0597', 'EI', '44025', 'C', '50006581'),
	('SIGIPAE', 16, '0597', 'FI', '44025', 'C', '22005224'),
	('SIGIPAE', 17, '0597', 'MU', '44025', 'C', '50006529'),
	('SIGIPAE', 689, '0597', 'PRI', '50073', 'C', '22005133'),
	('SIGIPAE', 693, '0597', 'EF', '50073', 'C', '50017278'),
	('SIGIPAE', 1356, '0597', 'MU', '50073', 'C', '44010057'),
	('SIGIPAE', 1357, '0597', 'FI', '50073', 'C', '50700239'),
	('SIGIPAE', 720, '0597', 'EI', '50074', 'C', '50001349'),
	('SIGIPAE', 723, '0597', 'EI', '50074', 'C', '22010426'),
	('SIGIPAE', 724, '0597', 'EI', '50074', 'C', '44010549'),
	('SIGIPAE', 726, '0597', 'PRI', '50074', 'C', '50018787'),
	('SIGIPAE', 727, '0597', 'PR2', '50074', 'C', '50000862'),
	('SIGIPAE', 730, '0597', 'FI', '50074', 'C', '22005157'),
	('SIGIPAE', 732, '0597', 'MU', '50074', 'C', '22700066'),
	('SIGIPAE', 1070, '0597', 'EI', '50297', 'C', '22010505'),
	('SIGIPAE', 1071, '0597', 'PR2', '50297', 'C', '50700197'),
	('SIGIPAE', 1073, '0597', 'FI', '50297', 'C', '22005583'),
	('SIGIPAE', 1074, '0597', 'FI', '50297', 'C', '44004951'),
	('SIGIPAE', 1075, '0597', 'FI', '50297', 'C', '50006219'),
	('SIGIPAE', 1076, '0597', 'FI', '50297', 'C', '50008666'),
	('SIGIPAE', 1077, '0597', 'EF', '50297', 'C', '50008782'),
	('SIGIPAE', 1078, '0597', 'EF2', '50297', 'C', '44700098'),
	('SIGIPAE', 1080, '0597', 'MU2', '50297', 'C', '50011343'),
	('SIGIPAE', 1082, '0597', 'AL', '50297', 'C', '22010281'),
	('SIGIPAE', 53, '0597', 'AL', '44158', 'C', '22010049'),
	('SIGIPAE', 1263, '0597', 'FI', '44158', 'C', '44010434'),
	('SIGIPAE', 1382, '0597', 'PRI', '44158', 'C', '50011771'),
	('SIGIPAE', 735, '0597', 'EI', '50092', 'C', '44010148'),
	('SIGIPAE', 542, '0597', 'PT', '50094', 'C', '50008149'),
	('SIGIPAE', 1361, '0597', 'FI', '50094', 'C', '22005480'),
	('SIGIPAE', 544, '0597', 'PR2', '50095', 'C', '50018222'),
	('SIGIPAE', 545, '0597', 'FI', '50095', 'C', '50001829'),
	('SIGIPAE', 546, '0597', 'FI', '50095', 'C', '50017709'),
	('SIGIPAE', 624, '0597', 'FI', '50095', 'C', '50011318'),
	('SIGIPAE', 19, '0597', 'EF', '44050', 'C', '44004781'),
	('SIGIPAE', 20, '0597', 'FI', '44050', 'C', '22010761'),
	('SIGIPAE', 22, '0597', 'PT', '44050', 'C', '50018003'),
	('SIGIPAE', 1347, '0597', 'FI', '44050', 'C', '44004665'),
	('SIGIPAE', 285, '0597', 'EF', '22017', 'C', '44700025'),
	('SIGIPAE', 286, '0597', 'MU', '22017', 'C', '50008125'),
	('SIGIPAE', 1434, '0597', 'FI', '22017', 'C', '50004430'),
	('SIGIPAE', 287, '0597', 'FI', '22021', 'C', '50018970'),
	('SIGIPAE', 289, '0597', 'PRI', '22021', 'C', '22001875'),
	('SIGIPAE', 622, '0597', 'EI', '50209', 'C', '50007807'),
	('SIGIPAE', 630, '0597', 'PT', '50209', 'C', '50018830'),
	('SIGIPAE', 636, '0597', 'EF', '50209', 'C', '50007613'),
	('SIGIPAE', 35, '0597', 'EI', '44122', 'C', '50007327'),
	('SIGIPAE', 36, '0597', 'MU', '44122', 'C', '50002329'),
	('SIGIPAE', 1366, '0597', 'PRI', '44122', 'C', '50009488'),
	('SIGIPAE', 1367, '0597', 'PT', '44122', 'C', '50008630'),
	('SIGIPAE', 304, '0597', 'AL', '22061', 'C', '44010586'),
	('SIGIPAE', 305, '0597', 'AL', '22061', 'C', '44010124'),
	('SIGIPAE', 307, '0597', 'MU', '22061', 'C', '44700098'),
	('SIGIPAE', 1253, '0597', 'PRI', '22061', 'C', '50007157'),
	('SIGIPAE', 1254, '0597', 'PRI', '22061', 'C', '50018477'),
	('SIGIPAE', 1255, '0597', 'EF', '22061', 'C', '44004732'),
	('SIGIPAE', 290, '0597', 'AL', '22039', 'C', '50005562'),
	('SIGIPAE', 93, '0597', 'EF', '44246', 'C', '50011367'),
	('SIGIPAE', 94, '0597', 'FI', '44246', 'C', '50018234'),
	('SIGIPAE', 95, '0597', 'FI', '44246', 'C', '22010748'),
	('SIGIPAE', 1436, '0597', 'MU', '44246', 'C', '50011665'),
	('SIGIPAE', 37, '0597', 'AL', '44145', 'C', '50005598'),
	('SIGIPAE', 38, '0597', 'PRI', '44145', 'C', '50011185'),
	('SIGIPAE', 39, '0597', 'AL', '44153', 'C', '50018568'),
	('SIGIPAE', 40, '0597', 'EF', '44153', 'C', '50006074'),
	('SIGIPAE', 41, '0597', 'EI', '44153', 'C', '50006669'),
	('SIGIPAE', 42, '0597', 'EI', '44153', 'C', '50011215'),
	('SIGIPAE', 43, '0597', 'FI', '44153', 'C', '44010367'),
	('SIGIPAE', 46, '0597', 'PRI', '44153', 'C', '50007613'),
	('SIGIPAE', 47, '0597', 'EF', '44155', 'C', '50008149'),
	('SIGIPAE', 48, '0597', 'EF', '44155', 'C', '50017771'),
	('SIGIPAE', 49, '0597', 'EI', '44155', 'C', '22003860'),
	('SIGIPAE', 50, '0597', 'FF', '44155', 'C', '50018507'),
	('SIGIPAE', 52, '0597', 'PT', '44155', 'C', '50017382'),
	('SIGIPAE', 778, '0597', 'MU', '50264', 'C', '22002703'),
	('SIGIPAE', 23, '0597', 'EF', '44051', 'C', '22002703'),
	('SIGIPAE', 24, '0597', 'EI', '44051', 'C', '44005207'),
	('SIGIPAE', 25, '0597', 'FI', '44051', 'C', '50007789'),
	('SIGIPAE', 780, '0597', 'MU', '50268', 'C', '50010272'),
	('SIGIPAE', 826, '0597', 'EI', '50152', 'C', '44010422'),
	('SIGIPAE', 827, '0597', 'EI', '50152', 'C', '44004744'),
	('SIGIPAE', 828, '0597', 'EI', '50152', 'C', '50000874'),
	('SIGIPAE', 829, '0597', 'PRI', '50152', 'C', '22700081'),
	('SIGIPAE', 830, '0597', 'EF', '50152', 'C', '50700173'),
	('SIGIPAE', 831, '0597', 'FC', '50152', 'C', '50000734'),
	('SIGIPAE', 1391, '0597', 'PT', '50152', 'C', '50007133'),
	('SIGIPAE', 837, '0597', 'EI', '50160', 'C', '50010481'),
	('SIGIPAE', 838, '0597', 'PRI', '50160', 'C', '22002521'),
	('SIGIPAE', 839, '0597', 'EF', '50160', 'C', '50007789'),
	('SIGIPAE', 1393, '0597', 'PRI', '50160', 'C', '22001875'),
	('SIGIPAE', 617, '0597', 'EF', '50204', 'C', '50017126'),
	('SIGIPAE', 1398, '0597', 'EI', '50204', 'C', '50005926'),
	('SIGIPAE', 938, '0597', 'PRI', '50297', 'C', '44003259'),
	('SIGIPAE', 939, '0597', 'MU', '50297', 'C', '50011598'),
	('SIGIPAE', 940, '0597', 'FI', '50297', 'C', '22010219'),
	('SIGIPAE', 941, '0597', 'FI', '50297', 'C', '50009531'),
	('SIGIPAE', 330, '0597', 'AL', '22112', 'C', '50018775'),
	('SIGIPAE', 331, '0597', 'EF', '22112', 'C', '50007042'),
	('SIGIPAE', 332, '0597', 'EI', '22112', 'C', '44700153'),
	('SIGIPAE', 333, '0597', 'FC', '22112', 'C', '50008976'),
	('SIGIPAE', 334, '0597', 'FC', '22112', 'C', '44003715'),
	('SIGIPAE', 335, '0597', 'FC', '22112', 'C', '50017813'),
	('SIGIPAE', 336, '0597', 'FC', '22112', 'C', '50018271'),
	('SIGIPAE', 337, '0597', 'FC', '22112', 'C', '50008666'),
	('SIGIPAE', 338, '0597', 'FI', '22112', 'C', '50017758'),
	('SIGIPAE', 339, '0597', 'FI', '22112', 'C', '50005872'),
	('SIGIPAE', 340, '0597', 'MU', '22112', 'C', '50019184'),
	('SIGIPAE', 341, '0597', 'PRI', '22112', 'C', '44004781'),
	('SIGIPAE', 342, '0597', 'PT', '22112', 'C', '50011872'),
	('SIGIPAE', 343, '0597', 'PT', '22112', 'C', '50005781'),
	('SIGIPAE', 1258, '0597', 'PRI', '22112', 'C', '50011227'),
	('SIGIPAE', 1438, '0597', 'PRI', '22112', 'C', '44004124'),
	('SIGIPAE', 344, '0597', 'EF', '22112', 'C', '22010074'),
	('SIGIPAE', 345, '0597', 'EF', '22112', 'C', '50004570'),
	('SIGIPAE', 346, '0597', 'EI', '22112', 'C', '50006414'),
	('SIGIPAE', 347, '0597', 'EI', '22112', 'C', '50011690'),
	('SIGIPAE', 348, '0597', 'EI', '22112', 'C', '44010203'),
	('SIGIPAE', 349, '0597', 'EI', '22112', 'C', '50004594'),
	('SIGIPAE', 350, '0597', 'FC', '22112', 'C', '50018234'),
	('SIGIPAE', 351, '0597', 'FC', '22112', 'C', '50018118'),
	('SIGIPAE', 352, '0597', 'FI', '22112', 'C', '50011847'),
	('SIGIPAE', 353, '0597', 'FI', '22112', 'C', '50017783'),
	('SIGIPAE', 354, '0597', 'FI', '22112', 'C', '50009403'),
	('SIGIPAE', 355, '0597', 'MU', '22112', 'C', '50009762'),
	('SIGIPAE', 356, '0597', 'MU', '22112', 'C', '22005881'),
	('SIGIPAE', 357, '0597', 'PRI', '22112', 'C', '22010074'),
	('SIGIPAE', 358, '0597', 'PRI', '22112', 'C', '22005820'),
	('SIGIPAE', 359, '0597', 'PRI', '22112', 'C', '50004594'),
	('SIGIPAE', 360, '0597', 'PR2', '22112', 'C', '44004045'),
	('SIGIPAE', 361, '0597', 'PT', '22112', 'C', '50008125'),
	('SIGIPAE', 362, '0597', 'PT', '22112', 'C', '50008371'),
	('SIGIPAE', 1259, '0597', 'PR2', '22112', 'C', '50010727'),
	('SIGIPAE', 1260, '0597', 'PRI', '22112', 'C', '50009178'),
	('SIGIPAE', 363, '0597', 'FI', '22112', 'C', '50008587'),
	('SIGIPAE', 185, '0597', 'FI', '44071', 'C', '22005960'),
	('SIGIPAE', 364, '0597', 'PT', '22112', 'C', '50006669'),
	('SIGIPAE', 1461, '0597', 'PT', '22112', 'C', '50011501'),
	('SIGIPAE', 1462, '0597', 'PT', '22112', 'C', '50018623'),
	('SIGIPAE', 385, '0597', 'EI', '22125', 'C', '50002123'),
	('SIGIPAE', 387, '0597', 'PT', '22125', 'C', '50009889'),
	('SIGIPAE', 389, '0597', 'EI', '22125', 'C', '50006311'),
	('SIGIPAE', 393, '0597', 'FI', '22125', 'C', '50018878'),
	('SIGIPAE', 394, '0597', 'MU', '22125', 'C', '22010876'),
	('SIGIPAE', 395, '0597', 'PR2', '22125', 'C', '44010331'),
	('SIGIPAE', 396, '0597', 'PR2', '22125', 'C', '50019135'),
	('SIGIPAE', 397, '0597', 'PT', '22125', 'C', '50019019'),
	('SIGIPAE', 368, '0597', 'AL', '22113', 'C', '22002430'),
	('SIGIPAE', 369, '0597', 'EI', '22113', 'C', '44010321'),
	('SIGIPAE', 370, '0597', 'FI', '22113', 'C', '22006083'),
	('SIGIPAE', 1264, '0597', 'PT', '50025', 'C', '50018040'),
	('SIGIPAE', 1265, '0597', 'PRI', '50025', 'C', '50018544'),
	('SIGIPAE', 570, '0597', 'MU', '50175', 'C', '50017904'),
	('SIGIPAE', 571, '0597', 'FI', '50175', 'C', '50019020'),
	('SIGIPAE', 415, '0597', 'FI', '22905', 'C', '50006797'),
	('SIGIPAE', 1456, '0597', 'PT', '22125', 'C', '50018568'),
	('SIGIPAE', 1457, '0597', 'PT', '22125', 'C', '50001702'),
	('SIGIPAE', 1454, '0597', 'PT', '22125', 'C', '22002727'),
	('SIGIPAE', 1464, '0597', 'AL', '22125', 'C', '50004031'),
	('SIGIPAE', 401, '0597', 'PRI', '22125', 'C', '50018520'),
	('SIGIPAE', 403, '0597', 'PRI', '22125', 'C', '50009361'),
	('SIGIPAE', 425, '0597', 'EI', '22165', 'C', '22700030'),
	('SIGIPAE', 426, '0597', 'PT', '22165', 'C', '44010458'),
	('SIGIPAE', 1404, '0597', 'PT', '44216', 'C', '44004124'),
	('SIGIPAE', 79, '0597', 'AL', '44216', 'C', '50018040'),
	('SIGIPAE', 80, '0597', 'AL', '44216', 'C', '50017230'),
	('SIGIPAE', 81, '0597', 'MU', '44216', 'C', '44010148'),
	('SIGIPAE', 83, '0597', 'PT', '44216', 'C', '50018121'),
	('SIGIPAE', 84, '0597', 'PT', '44216', 'C', '50018143'),
	('SIGIPAE', 1294, '0597', 'AL', '44216', 'C', '50018489'),
	('SIGIPAE', 87, '0597', 'MU', '44216', 'C', '50011707'),
	('SIGIPAE', 62, '0597', 'AL', '44216', 'C', '50011653'),
	('SIGIPAE', 65, '0597', 'MU', '44216', 'C', '44004616'),
	('SIGIPAE', 66, '0597', 'PR1', '44216', 'C', '44004483'),
	('SIGIPAE', 67, '0597', 'EF', '44216', 'C', '50018349'),
	('SIGIPAE', 69, '0597', 'EI', '44216', 'C', '50003863'),
	('SIGIPAE', 71, '0597', 'MU', '44216', 'C', '50011033'),
	('SIGIPAE', 75, '0597', 'FF', '44216', 'C', '22005844'),
	('SIGIPAE', 54, '0597', 'FI', '44182', 'C', '50006797'),
	('SIGIPAE', 55, '0597', 'FI', '44182', 'C', '22005388'),
	('SIGIPAE', 56, '0597', 'MU', '44182', 'C', '50017394'),
	('SIGIPAE', 58, '0597', 'PT', '44182', 'C', '50019263'),
	('SIGIPAE', 1389, '0597', 'EF', '44182', 'C', '22003239'),
	('SIGIPAE', 814, '0597', 'FI', '50288', 'C', '50019020'),
	('SIGIPAE', 818, '0597', 'EF', '50292', 'C', '50017333'),
	('SIGIPAE', 1322, '0597', 'FI', '50292', 'C', '44700086'),
	('SIGIPAE', 416, '0597', 'AL', '22158', 'C', '50006220'),
	('SIGIPAE', 417, '0597', 'EI2', '22158', 'C', '44004306'),
	('SIGIPAE', 1302, '0597', 'PR2', '22158', 'C', '50002457'),
	('SIGIPAE', 1465, '0597', 'PT', '22158', 'C', '50018714'),
	('SIGIPAE', 441, '0597', 'PRI', '22213', 'C', '50700124'),
	('SIGIPAE', 442, '0597', 'PRI', '22213', 'C', '50017205'),
	('SIGIPAE', 1437, '0597', 'AL', '22213', 'C', '50011021'),
	('SIGIPAE', 1459, '0597', 'AL', '22112', 'C', '50018805'),
	('SIGIPAE', 1460, '0597', 'PT', '22112', 'C', '50007534'),
	('SIGIPAE', 478, '0597', 'EF', '22048', 'C', '50700136'),
	('SIGIPAE', 479, '0597', 'EI', '22048', 'C', '50001180'),
	('SIGIPAE', 481, '0597', 'FI', '22048', 'C', '44003636'),
	('SIGIPAE', 482, '0597', 'MU', '22048', 'C', '50005975'),
	('SIGIPAE', 444, '0597', 'MU', '22217', 'C', '50004326'),
	('SIGIPAE', 1323, '0597', 'AL', '22217', 'C', '44700050'),
	('SIGIPAE', 495, '0597', 'EI', '22125', 'C', '50017916'),
	('SIGIPAE', 497, '0597', 'PRI', '22125', 'C', '50002810'),
	('SIGIPAE', 450, '0597', 'AL', '22250', 'C', '50005537'),
	('SIGIPAE', 1326, '0597', 'MU', '22250', 'C', '50008459'),
	('SIGIPAE', 451, '0597', 'FI', '22251', 'C', '50018131'),
	('SIGIPAE', 789, '0597', 'EI', '50272', 'C', '22000779'),
	('SIGIPAE', 790, '0597', 'PR2', '50272', 'C', '50011653'),
	('SIGIPAE', 792, '0597', 'FI', '50272', 'C', '50018623'),
	('SIGIPAE', 1412, '0597', 'MU', '50272', 'C', '50018040'),
	('SIGIPAE', 1415, '0597', 'PT', '50272', 'C', '50006037'),
	('SIGIPAE', 713, '0597', 'EI', '50240', 'C', '50011264'),
	('SIGIPAE', 718, '0597', 'PRI', '50240', 'C', '22010190'),
	('SIGIPAE', 722, '0597', 'PT', '50240', 'C', '50019071'),
	('SIGIPAE', 1405, '0597', 'EI', '50240', 'C', '50017965'),
	('SIGIPAE', 1406, '0597', 'MU', '50240', 'C', '50017503'),
	('SIGIPAE', 124, '0597', 'PRI', '44238', 'C', '50003838'),
	('SIGIPAE', 125, '0597', 'EF', '44025', 'C', '50008356'),
	('SIGIPAE', 1342, '0597', 'MU', '44025', 'C', '50008277'),
	('SIGIPAE', 1343, '0597', 'AL', '44025', 'C', '44004653'),
	('SIGIPAE', 258, '0597', 'FI', '44025', 'C', '50007376'),
	('SIGIPAE', 259, '0597', 'FI', '44025', 'C', '50005641'),
	('SIGIPAE', 1408, '0597', 'EI', '50252', 'C', '50009762'),
	('SIGIPAE', 1409, '0597', 'FI', '50252', 'C', '22002302'),
	('SIGIPAE', 1410, '0597', 'MU', '50252', 'C', '22010839'),
	('SIGIPAE', 697, '0597', 'FI', '50297', 'C', '44010677'),
	('SIGIPAE', 699, '0597', 'FI', '50297', 'C', '50001076'),
	('SIGIPAE', 702, '0597', 'FI', '50297', 'C', '50006724'),
	('SIGIPAE', 262, '0597', 'FF', '44013', 'C', '50006013'),
	('SIGIPAE', 263, '0597', 'FI', '44013', 'C', '22010621'),
	('SIGIPAE', 264, '0597', 'PRI', '44013', 'C', '22005868'),
	('SIGIPAE', 795, '0597', 'PR2', '50272', 'C', '50010399'),
	('SIGIPAE', 797, '0597', 'PR2', '50272', 'C', '22010670'),
	('SIGIPAE', 799, '0597', 'FI', '50272', 'C', '22010645'),
	('SIGIPAE', 800, '0597', 'FI', '50272', 'C', '50011501'),
	('SIGIPAE', 802, '0597', 'FI', '50272', 'C', '50010181'),
	('SIGIPAE', 804, '0597', 'FI', '50272', 'C', '50008782'),
	('SIGIPAE', 805, '0597', 'FI', '50272', 'C', '50004481'),
	('SIGIPAE', 806, '0597', 'FF', '50272', 'C', '50003981'),
	('SIGIPAE', 885, '0597', 'PT', '50297', 'C', '50019275'),
	('SIGIPAE', 891, '0597', 'AL', '50297', 'C', '50003735'),
	('SIGIPAE', 1011, '0597', 'FF', '50297', 'C', '50010818'),
	('SIGIPAE', 1012, '0597', 'FF', '50297', 'C', '50017278'),
	('SIGIPAE', 1013, '0597', 'FF', '50297', 'C', '50600166'),
	('SIGIPAE', 1014, '0597', 'FI', '50297', 'C', '50018453'),
	('SIGIPAE', 1015, '0597', 'AL', '50297', 'C', '22001085'),
	('SIGIPAE', 446, '0597', 'EI', '22225', 'C', '50011239'),
	('SIGIPAE', 447, '0597', 'FC', '22225', 'C', '50006013'),
	('SIGIPAE', 448, '0597', 'MU', '22225', 'C', '44000261'),
	('SIGIPAE', 1423, '0597', 'FI', '22225', 'C', '22002727'),
	('SIGIPAE', 1466, '0597', 'PT', '22213', 'C', '22000809'),
	('SIGIPAE', 489, '0597', 'PT', '22158', 'C', '50018556'),
	('SIGIPAE', 490, '0597', 'PT', '22158', 'C', '50011653'),
	('SIGIPAE', 491, '0597', 'PT', '22158', 'C', '44010173'),
	('SIGIPAE', 492, '0597', 'PT', '22158', 'C', '50017281'),
	('SIGIPAE', 1424, '0597', 'EF', '22158', 'C', '22010451'),
	('SIGIPAE', 453, '0597', 'AL', '22254', 'C', '50005823'),
	('SIGIPAE', 454, '0597', 'FC', '22254', 'C', '50018544'),
	('SIGIPAE', 455, '0597', 'FC', '22254', 'C', '50004077'),
	('SIGIPAE', 456, '0597', 'FI', '22254', 'C', '50017412'),
	('SIGIPAE', 457, '0597', 'FI', '22254', 'C', '44002942'),
	('SIGIPAE', 458, '0597', 'MU', '22254', 'C', '50004430'),
	('SIGIPAE', 461, '0597', 'EI', '22125', 'C', '50011148'),
	('SIGIPAE', 501, '0597', 'FI', '22066', 'C', '44004045'),
	('SIGIPAE', 502, '0597', 'FF', '22199', 'C', '44010094'),
	('SIGIPAE', 1341, '0597', 'PRI', '22213', 'C', '50700100'),
	('SIGIPAE', 503, '0597', 'MU', '22009', 'C', '44005219'),
	('SIGIPAE', 504, '0597', 'PRI', '22009', 'C', '50011847'),
	('SIGIPAE', 505, '0597', 'EI', '22172', 'C', '22005911'),
	('SIGIPAE', 506, '0597', 'FI', '22172', 'C', '22003215'),
	('SIGIPAE', 507, '0597', 'MU', '22172', 'C', '50001763'),
	('SIGIPAE', 508, '0597', 'PT', '22172', 'C', '50018601'),
	('SIGIPAE', 509, '0597', 'AL', '22174', 'C', '50006207'),
	('SIGIPAE', 512, '0597', 'FI', '22080', 'C', '50018829'),
	('SIGIPAE', 513, '0597', 'FI', '22080', 'C', '50700215'),
	('SIGIPAE', 514, '0597', 'FI', '22080', 'C', '44003259'),
	('SIGIPAE', 515, '0597', 'MU', '22080', 'C', '50019123'),
	('SIGIPAE', 1083, '0597', 'EI', '50297', 'C', '44010100'),
	('SIGIPAE', 1084, '0597', 'EI', '50297', 'C', '50018180'),
	('SIGIPAE', 1085, '0597', 'EI', '50297', 'C', '50019330'),
	('SIGIPAE', 1086, '0597', 'EI', '50297', 'C', '50005902'),
	('SIGIPAE', 1089, '0597', 'FI', '50297', 'C', '22002417'),
	('SIGIPAE', 1090, '0597', 'FI', '50297', 'C', '50006761'),
	('SIGIPAE', 1091, '0597', 'EF2', '50297', 'C', '50011197'),
	('SIGIPAE', 1092, '0597', 'MU2', '50297', 'C', '50010740'),
	('SIGIPAE', 1093, '0597', 'FI', '50297', 'C', '50017576'),
	('SIGIPAE', 1094, '0597', 'FI', '50297', 'C', '50018295'),
	('SIGIPAE', 1095, '0597', 'FI', '50297', 'C', '50011756'),
	('SIGIPAE', 1096, '0597', 'AL', '50297', 'C', '22004888'),
	('SIGIPAE', 10, '0597', 'FI', '44014', 'C', '50019330'),
	('SIGIPAE', 11, '0597', 'MU', '44014', 'C', '50017424'),
	('SIGIPAE', 261, '0597', 'FI', '44013', 'C', '44010057'),
	('SIGIPAE', 1309, '0597', 'FI', '44013', 'C', '50007492'),
	('SIGIPAE', 541, '0597', 'EI', '50008', 'C', '44002152'),
	('SIGIPAE', 548, '0597', 'FI', '50008', 'C', '44010321'),
	('SIGIPAE', 552, '0597', 'PT', '50008', 'C', '50011379'),
	('SIGIPAE', 553, '0597', 'FI', '50008', 'C', '50001350'),
	('SIGIPAE', 1348, '0597', 'EI', '50008', 'C', '44010100'),
	('SIGIPAE', 1210, '0597', 'EF', '22054', 'C', '50017072'),
	('SIGIPAE', 1211, '0597', 'EI', '22054', 'C', '44004847'),
	('SIGIPAE', 1212, '0597', 'EI', '22054', 'C', '50017795'),
	('SIGIPAE', 1213, '0597', 'EI', '22054', 'C', '22010271'),
	('SIGIPAE', 1214, '0597', 'FI', '22054', 'C', '50005331'),
	('SIGIPAE', 1215, '0597', 'FI', '22054', 'C', '44004938'),
	('SIGIPAE', 1216, '0597', 'MU', '22054', 'C', '44005190'),
	('SIGIPAE', 1217, '0597', 'PT', '22054', 'C', '50008034'),
	('SIGIPAE', 1251, '0597', 'EI', '22054', 'C', '50018702'),
	('SIGIPAE', 27, '0597', 'AL', '44076', 'C', '50008356'),
	('SIGIPAE', 28, '0597', 'EF', '44076', 'C', '44004677'),
	('SIGIPAE', 435, '0597', 'FI', '22199', 'C', '50700151'),
	('SIGIPAE', 436, '0597', 'PRI', '22199', 'C', '50018994'),
	('SIGIPAE', 437, '0597', 'PT', '22199', 'C', '44010562'),
	('SIGIPAE', 438, '0597', 'PT', '22199', 'C', '50018799'),
	('SIGIPAE', 439, '0597', 'FF', '22199', 'C', '50005999'),
	('SIGIPAE', 1422, '0597', 'PRI', '22199', 'C', '50007248'),
	('SIGIPAE', 758, '0597', 'FI', '50251', 'C', '50009580'),
	('SIGIPAE', 760, '0597', 'EF', '50251', 'C', '50019342'),
	('SIGIPAE', 641, '0597', 'FI', '50219', 'C', '44005177'),
	('SIGIPAE', 647, '0597', 'FI', '50219', 'C', '50017096'),
	('SIGIPAE', 657, '0597', 'FF', '50219', 'C', '44700062'),
	('SIGIPAE', 662, '0597', 'EF', '50219', 'C', '22010207'),
	('SIGIPAE', 674, '0597', 'FI', '50222', 'C', '50005781'),
	('SIGIPAE', 678, '0597', 'FF', '50222', 'C', '44000325'),
	('SIGIPAE', 683, '0597', 'AL', '50222', 'C', '50007017'),
	('SIGIPAE', 764, '0597', 'EI', '50262', 'C', '44004483'),
	('SIGIPAE', 772, '0597', 'EI', '50262', 'C', '50017011'),
	('SIGIPAE', 777, '0597', 'FI', '50262', 'C', '22002521'),
	('SIGIPAE', 903, '0597', 'EF', '50297', 'C', '50007807'),
	('SIGIPAE', 911, '0597', 'AL', '50297', 'C', '50011197'),
	('SIGIPAE', 1002, '0597', 'EI2', '50297', 'C', '50008459'),
	('SIGIPAE', 1003, '0597', 'FI', '50297', 'C', '44004720'),
	('SIGIPAE', 563, '0597', 'PRI', '50297', 'C', '50010946'),
	('SIGIPAE', 565, '0597', 'PT', '50297', 'C', '22002727'),
	('SIGIPAE', 566, '0597', 'FI', '50297', 'C', '50011628'),
	('SIGIPAE', 568, '0597', 'PT', '50297', 'C', '44010136'),
	('SIGIPAE', 579, '0597', 'PRI', '50297', 'C', '50000163'),
	('SIGIPAE', 581, '0597', 'FI', '50297', 'C', '50010399'),
	('SIGIPAE', 576, '0597', 'EI', '50297', 'C', '50011689'),
	('SIGIPAE', 1290, '0597', 'PRI', '50297', 'C', '44010094'),
	('SIGIPAE', 619, '0597', 'MU', '50297', 'C', '22001191'),
	('SIGIPAE', 694, '0597', 'FI', '50297', 'C', '50008149'),
	('SIGIPAE', 915, '0597', 'EI', '50297', 'C', '50003851'),
	('SIGIPAE', 916, '0597', 'EF', '50297', 'C', '50008514'),
	('SIGIPAE', 918, '0597', 'PT', '50297', 'C', '50011021'),
	('SIGIPAE', 1067, '0597', 'EI', '50297', 'C', '22005960'),
	('SIGIPAE', 927, '0597', 'AL', '50297', 'C', '50011434'),
	('SIGIPAE', 953, '0597', 'PT', '50297', 'C', '44010203'),
	('SIGIPAE', 875, '0597', 'PR2', '50297', 'C', '50007492'),
	('SIGIPAE', 878, '0597', 'FI', '50297', 'C', '50006700'),
	('SIGIPAE', 883, '0597', 'MU', '50297', 'C', '50008691'),
	('SIGIPAE', 886, '0597', 'AL', '50297', 'C', '50018623'),
	('SIGIPAE', 887, '0597', 'PT', '50297', 'C', '50007133'),
	('SIGIPAE', 888, '0597', 'PT', '50297', 'C', '22010621'),
	('SIGIPAE', 1435, '0597', 'FI', '50297', 'C', '44004732'),
	('SIGIPAE', 186, '0597', 'FI', '44071', 'C', '50700173'),
	('SIGIPAE', 187, '0597', 'MU', '44071', 'C', '50000369'),
	('SIGIPAE', 188, '0597', 'PRI', '44071', 'C', '50006013'),
	('SIGIPAE', 1244, '0597', 'EI', '44071', 'C', '50018660'),
	('SIGIPAE', 189, '0597', 'AL', '44108', 'C', '50011434'),
	('SIGIPAE', 190, '0597', 'EI', '44108', 'C', '22010499'),
	('SIGIPAE', 191, '0597', 'EI', '44108', 'C', '22010530'),
	('SIGIPAE', 192, '0597', 'EI', '44108', 'C', '22004888'),
	('SIGIPAE', 193, '0597', 'FC', '44108', 'C', '50018027'),
	('SIGIPAE', 194, '0597', 'FI', '44108', 'C', '50017710'),
	('SIGIPAE', 195, '0597', 'EI', '44179', 'C', '44004951'),
	('SIGIPAE', 196, '0597', 'FC', '44179', 'C', '50011148'),
	('SIGIPAE', 197, '0597', 'FI', '44179', 'C', '22005431'),
	('SIGIPAE', 198, '0597', 'FI', '44179', 'C', '44010343'),
	('SIGIPAE', 199, '0597', 'FI', '44179', 'C', '50700082'),
	('SIGIPAE', 1444, '0597', 'EF', '44179', 'C', '50008371'),
	('SIGIPAE', 200, '0597', 'EF', '44144', 'C', '50009567'),
	('SIGIPAE', 201, '0597', 'EF', '44144', 'C', '50010739'),
	('SIGIPAE', 202, '0597', 'FI', '44144', 'C', '50017837'),
	('SIGIPAE', 203, '0597', 'FI', '44144', 'C', '50000291'),
	('SIGIPAE', 204, '0597', 'PRI', '44144', 'C', '50010879'),
	('SIGIPAE', 205, '0597', 'PT', '44144', 'C', '50006840'),
	('SIGIPAE', 206, '0597', 'EF', '44161', 'C', '44010525'),
	('SIGIPAE', 207, '0597', 'EF', '44161', 'C', '50006815'),
	('SIGIPAE', 208, '0597', 'EI', '44161', 'C', '50017187'),
	('SIGIPAE', 209, '0597', 'FI', '44161', 'C', '22010827'),
	('SIGIPAE', 210, '0597', 'MU', '44161', 'C', '50018684'),
	('SIGIPAE', 211, '0597', 'PRI', '44161', 'C', '50019299'),
	('SIGIPAE', 691, '0597', 'PRI', '50102', 'C', '50019044'),
	('SIGIPAE', 692, '0597', 'FI', '50102', 'C', '22005406'),
	('SIGIPAE', 695, '0597', 'FI', '50102', 'C', '50600130'),
	('SIGIPAE', 698, '0597', 'EF', '50102', 'C', '50001121'),
	('SIGIPAE', 213, '0597', 'PRI', '44161', 'C', '44010525'),
	('SIGIPAE', 214, '0597', 'PT', '44161', 'C', '44004941'),
	('SIGIPAE', 1307, '0597', 'PRI', '44161', 'C', '44004884'),
	('SIGIPAE', 215, '0597', 'AL', '44201', 'C', '50019071'),
	('SIGIPAE', 217, '0597', 'EF', '44201', 'C', '50019159'),
	('SIGIPAE', 218, '0597', 'EF', '44201', 'C', '44003107'),
	('SIGIPAE', 1392, '0597', 'EI', '44201', 'C', '50010821'),
	('SIGIPAE', 219, '0597', 'AL', '44009', 'C', '50011252'),
	('SIGIPAE', 220, '0597', 'EF', '44009', 'C', '50018672'),
	('SIGIPAE', 221, '0597', 'EI', '44009', 'C', '50001672'),
	('SIGIPAE', 224, '0597', 'MU', '44009', 'C', '50018003'),
	('SIGIPAE', 225, '0597', 'PT', '44009', 'C', '50007534'),
	('SIGIPAE', 1237, '0597', 'FI', '44009', 'C', '50008654'),
	('SIGIPAE', 1238, '0597', 'FI', '44009', 'C', '50700151'),
	('SIGIPAE', 226, '0597', 'AL', '44191', 'C', '44003120'),
	('SIGIPAE', 227, '0597', 'EF', '44191', 'C', '44010525'),
	('SIGIPAE', 228, '0597', 'EI', '44191', 'C', '50019111'),
	('SIGIPAE', 229, '0597', 'EI', '44191', 'C', '50007996'),
	('SIGIPAE', 230, '0597', 'EI', '44191', 'C', '50000126'),
	('SIGIPAE', 231, '0597', 'EI', '44191', 'C', '50019378'),
	('SIGIPAE', 1390, '0597', 'PRI', '44191', 'C', '50011781');
/*!40000 ALTER TABLE `sigi_vac` ENABLE KEYS */;


-- Volcando estructura para vista serviciosmicarpetasigi.vactosactivos
-- Creando tabla temporal para superar errores de dependencia de VIEW
CREATE TABLE `vactosactivos` (
	`cod_opc` VARCHAR(7) NOT NULL COLLATE 'utf8_general_ci',
	`tex_opc` VARCHAR(200) NOT NULL COLLATE 'utf8_general_ci',
	`cod_tip_ae` VARCHAR(1) NULL COLLATE 'utf8_general_ci',
	`f_con_ae` DATE NULL,
	`f_ini_opc` DATE NOT NULL,
	`f_fin_opc` DATE NOT NULL,
	`url` VARCHAR(34) NOT NULL COLLATE 'utf8mb4_general_ci'
) ENGINE=MyISAM;


-- Volcando estructura para vista serviciosmicarpetasigi.vactosconvocado
-- Creando tabla temporal para superar errores de dependencia de VIEW
CREATE TABLE `vactosconvocado` (
	`dni` VARCHAR(15) NOT NULL COLLATE 'utf8_general_ci',
	`cod_opc` VARCHAR(7) NOT NULL COLLATE 'utf8_general_ci',
	`tex_opc` VARCHAR(200) NOT NULL COLLATE 'utf8_general_ci',
	`cod_tip_ae` VARCHAR(1) NULL COLLATE 'utf8_general_ci',
	`f_con_ae` DATE NULL,
	`f_ini_opc` DATE NOT NULL,
	`f_fin_opc` DATE NOT NULL,
	`url` VARCHAR(34) NOT NULL COLLATE 'utf8mb4_general_ci'
) ENGINE=MyISAM;


-- Volcando estructura para vista serviciosmicarpetasigi.vactossolicitud
-- Creando tabla temporal para superar errores de dependencia de VIEW
CREATE TABLE `vactossolicitud` (
	`cod_opc` VARCHAR(7) NOT NULL COLLATE 'utf8_general_ci',
	`f_con_ae` DATE NULL,
	`cod_tip_ae` VARCHAR(1) NULL COLLATE 'utf8_general_ci',
	`tex_opc` VARCHAR(200) NOT NULL COLLATE 'utf8_general_ci',
	`dni` VARCHAR(15) NOT NULL COLLATE 'utf8_general_ci',
	`cod_sol` VARCHAR(4) NOT NULL COLLATE 'utf8_general_ci',
	`f_hor_ent` DATE NOT NULL,
	`cod_est_sol` VARCHAR(1) NOT NULL COLLATE 'utf8_general_ci',
	`des_est_sol` VARCHAR(200) NOT NULL COLLATE 'utf8_general_ci',
	`url` VARCHAR(34) NOT NULL COLLATE 'utf8mb4_general_ci',
	`f_ini_opc` DATE NOT NULL,
	`f_fin_opc` DATE NOT NULL
) ENGINE=MyISAM;


-- Volcando estructura para vista serviciosmicarpetasigi.vconsultasituacionlistas
-- Creando tabla temporal para superar errores de dependencia de VIEW
CREATE TABLE `vconsultasituacionlistas` (
	`dni` VARCHAR(15) NOT NULL COLLATE 'utf8_general_ci',
	`cod_opc` VARCHAR(7) NOT NULL COLLATE 'utf8_general_ci',
	`tex_opc` VARCHAR(200) NOT NULL COLLATE 'utf8_general_ci',
	`url` VARCHAR(33) NOT NULL COLLATE 'utf8mb4_general_ci'
) ENGINE=MyISAM;


-- Volcando estructura para vista serviciosmicarpetasigi.vsolicitudesacto
-- Creando tabla temporal para superar errores de dependencia de VIEW
CREATE TABLE `vsolicitudesacto` (
	`cod_opc` VARCHAR(7) NOT NULL COLLATE 'utf8_general_ci',
	`tex_opc` VARCHAR(200) NOT NULL COLLATE 'utf8_general_ci',
	`cod_sol` VARCHAR(4) NOT NULL COLLATE 'utf8_general_ci',
	`dni` VARCHAR(15) NOT NULL COLLATE 'utf8_general_ci',
	`cod_est_sol` VARCHAR(1) NOT NULL COLLATE 'utf8_general_ci',
	`f_hor_ent` DATE NOT NULL,
	`des_est_sol` VARCHAR(200) NOT NULL COLLATE 'utf8_general_ci'
) ENGINE=MyISAM;


-- Volcando estructura para vista serviciosmicarpetasigi.vvacantesacto
-- Creando tabla temporal para superar errores de dependencia de VIEW
CREATE TABLE `vvacantesacto` (
	`cod_opc` VARCHAR(7) NOT NULL COLLATE 'utf8_general_ci',
	`num_vac` INT(4) NOT NULL,
	`cod_cue` VARCHAR(4) NOT NULL COLLATE 'utf8_general_ci',
	`cod_esp` VARCHAR(3) NOT NULL COLLATE 'utf8_general_ci',
	`cod_cen` VARCHAR(8) NOT NULL COLLATE 'utf8_general_ci',
	`des_cen` VARCHAR(209) NULL COLLATE 'utf8_general_ci',
	`lat` VARCHAR(20) NULL COLLATE 'utf8_general_ci',
	`lon` VARCHAR(20) NULL COLLATE 'utf8_general_ci'
) ENGINE=MyISAM;


-- Volcando estructura para vista serviciosmicarpetasigi.vvacantesseleccionables
-- Creando tabla temporal para superar errores de dependencia de VIEW
CREATE TABLE `vvacantesseleccionables` (
	`dni` VARCHAR(15) NOT NULL COLLATE 'utf8_general_ci',
	`cod_opc` VARCHAR(7) NOT NULL COLLATE 'utf8_general_ci',
	`num_vac` INT(4) NOT NULL,
	`cod_cue` VARCHAR(4) NOT NULL COLLATE 'utf8_general_ci',
	`cod_esp` VARCHAR(3) NOT NULL COLLATE 'utf8_general_ci',
	`cod_cen` VARCHAR(8) NOT NULL COLLATE 'utf8_general_ci',
	`des_cen` VARCHAR(209) NULL COLLATE 'utf8_general_ci',
	`lat` VARCHAR(20) NULL COLLATE 'utf8_general_ci',
	`lon` VARCHAR(20) NULL COLLATE 'utf8_general_ci'
) ENGINE=MyISAM;


-- Volcando estructura para vista serviciosmicarpetasigi.sigiv_vac_int
-- Eliminando tabla temporal y crear estructura final de VIEW
DROP TABLE IF EXISTS `sigiv_vac_int`;
CREATE ALGORITHM=UNDEFINED DEFINER=`root`@`localhost` VIEW `sigiv_vac_int` AS select c.tipo_id, c.dni, c.cod_opc,c.cod_col, c.l_med, c.cod_mun, e.cod_cue, e.cod_esp, 
v.num_vac, v.cod_mun_vac, v.cod_tip_dur from sigi_can_pre_ae c, sigi_esp_can_pre_ae e, sigi_vac v
where c.tipo_id = e.TIPO_ID and c.dni = e.DNI
and v.COD_OPC = e.cod_opc and v.COD_CUE = e.COD_CUE 
and v.COD_ESP = e.cod_esp ;


-- Volcando estructura para vista serviciosmicarpetasigi.vactosactivos
-- Eliminando tabla temporal y crear estructura final de VIEW
DROP TABLE IF EXISTS `vactosactivos`;
CREATE  VIEW `vactosactivos` AS SELECT cod_opc, tex_opc, o.cod_tip_ae, o.f_con_ae, o.f_ini_opc, o.f_fin_opc , 'https://servicios3.aragon.es/sigi/' AS `url`  from sigi_opc o where cod_opc in ('SIGISAE','SIGIPAE') ;


-- Volcando estructura para vista serviciosmicarpetasigi.vactosconvocado
-- Eliminando tabla temporal y crear estructura final de VIEW
DROP TABLE IF EXISTS `vactosconvocado`;
CREATE ALGORITHM=UNDEFINED DEFINER=`root`@`localhost` VIEW `vactosconvocado` AS SELECT c.dni, o.cod_opc, tex_opc, o.cod_tip_ae, o.f_con_ae, o.f_ini_opc, o.f_fin_opc, 'https://servicios3.aragon.es/sigi/' AS `url`
FROM sigi_opc o, sigi_can_pre_ae c
WHERE
o.cod_opc = c.cod_opc ;


-- Volcando estructura para vista serviciosmicarpetasigi.vactossolicitud
-- Eliminando tabla temporal y crear estructura final de VIEW
DROP TABLE IF EXISTS `vactossolicitud`;
CREATE ALGORITHM=UNDEFINED DEFINER=`root`@`localhost` VIEW `vactossolicitud` AS select o.cod_opc,o.f_con_ae, o.cod_tip_ae, o.tex_opc, 
s.dni, s.cod_sol, s.f_hor_ent, s.cod_est_sol, e.des_est_sol
, 'https://servicios3.aragon.es/sigi/' AS `url`, o.f_ini_opc, o.f_fin_opc
FROM sigi_opc o, sigi_sol s,
sigi_est_sol e
WHERE s.cod_opc = o.cod_opc AND s.cod_est_sol = e.cod_est_sol ;


-- Volcando estructura para vista serviciosmicarpetasigi.vconsultasituacionlistas
-- Eliminando tabla temporal y crear estructura final de VIEW
DROP TABLE IF EXISTS `vconsultasituacionlistas`;
CREATE ALGORITHM=UNDEFINED DEFINER=`root`@`localhost` VIEW `vconsultasituacionlistas` AS select `l`.`DNI` AS `dni`,`o`.`COD_OPC` AS `cod_opc`,`o`.`TEX_OPC` AS `tex_opc`,'https://servicios3.aragon.es/sigi' AS `url` from (`sigi_opc` `o` join `sigi_lis` `l`) where ((`o`.`COD_OPC` in ('SIGISSP','SIGIPSP')) and (`o`.`COD_OPC` = `l`.`COD_OPC`) and (`o`.`L_ACT` = 'S') and (`o`.`F_INI_OPC` < sysdate()) and (`o`.`F_FIN_OPC` > sysdate())) ;


-- Volcando estructura para vista serviciosmicarpetasigi.vsolicitudesacto
-- Eliminando tabla temporal y crear estructura final de VIEW
DROP TABLE IF EXISTS `vsolicitudesacto`;
CREATE ALGORITHM=UNDEFINED DEFINER=`root`@`localhost` VIEW `vsolicitudesacto` AS select o.cod_opc, o.tex_opc, s.cod_sol,s.dni, s.cod_est_sol,  f_hor_ent, des_est_sol 
from sigi_opc o, sigi_sol s, sigi_est_sol e
 where o.cod_opc = s.cod_opc 
 and e.cod_est_sol = s.cod_est_sol ;


-- Volcando estructura para vista serviciosmicarpetasigi.vvacantesacto
-- Eliminando tabla temporal y crear estructura final de VIEW
DROP TABLE IF EXISTS `vvacantesacto`;
CREATE ALGORITHM=UNDEFINED DEFINER=`root`@`localhost` VIEW `vvacantesacto` AS select cod_opc, num_vac,cod_cue, cod_esp, c.cod_cen, concat(des_cen,' ',cod_cue,' ',cod_esp) des_cen, lat,lon from sigi_vac v, sigi_cen c where 
v.COD_CEN = c.cod_cen ;


-- Volcando estructura para vista serviciosmicarpetasigi.vvacantesseleccionables
-- Eliminando tabla temporal y crear estructura final de VIEW
DROP TABLE IF EXISTS `vvacantesseleccionables`;
CREATE ALGORITHM=UNDEFINED DEFINER=`root`@`localhost` VIEW `vvacantesseleccionables` AS SELECT p.dni,e.cod_opc, num_vac, e.cod_cue, e.cod_esp, c.cod_cen, CONCAT(des_cen,' ',e.cod_cue,' ',e.cod_esp) des_cen, lat,lon
FROM sigi_vac v, sigi_cen c , sigi_can_pre_ae p, sigi_esp_can_pre_ae e
WHERE 
v.COD_CEN = c.cod_cen and 
p.dni = e.DNI and 
p.cod_opc = e.COD_OPC and 
e.COD_CUE = v.COD_CUE and 
e.cod_esp = v.cod_esp and
e.COD_OPC = v.cod_opc ;
/*!40101 SET SQL_MODE=IFNULL(@OLD_SQL_MODE, '') */;
/*!40014 SET FOREIGN_KEY_CHECKS=IF(@OLD_FOREIGN_KEY_CHECKS IS NULL, 1, @OLD_FOREIGN_KEY_CHECKS) */;
/*!40101 SET CHARACTER_SET_CLIENT=@OLD_CHARACTER_SET_CLIENT */;
